paper_dimension	human_symbol	human_ensembl_gene	mouse_ensembl_gene	mouse_symbol	orthology_type	mouse_perc_id	selection_role
0	DFFB	ENSG00000169598	ENSMUSG00000029027	Dffb	ortholog_one2one	77.2189	best_ensembl_ortholog
1	ICMT	ENSG00000116237	ENSMUSG00000039662	Icmt	ortholog_one2one	96.1268	best_ensembl_ortholog
2	KLHL21	ENSG00000162413	ENSMUSG00000073700	Klhl21	ortholog_one2one	96.6499	best_ensembl_ortholog
3	CLSTN1	ENSG00000171603	ENSMUSG00000039953	Clstn1	ortholog_one2one	87.3598	best_ensembl_ortholog
4	DFFA	ENSG00000160049	ENSMUSG00000028974	Dffa	ortholog_one2one	76.1329	best_ensembl_ortholog
5	SPEN	ENSG00000065526	ENSMUSG00000040761	Spen	ortholog_one2one	81.0317	best_ensembl_ortholog
6	SDHB	ENSG00000117118	ENSMUSG00000009863	Sdhb	ortholog_one2one	91.7857	best_ensembl_ortholog
7	RAP1GAP	ENSG00000076864	ENSMUSG00000041351	Rap1gap	ortholog_one2one	96.5309	best_ensembl_ortholog
8	CDC42	ENSG00000070831	ENSMUSG00000006699	Cdc42	ortholog_one2one	100.0	best_ensembl_ortholog
9	EPHB2	ENSG00000133216	ENSMUSG00000028664	Ephb2	ortholog_one2one	99.4929	best_ensembl_ortholog
10	E2F2	ENSG00000007968	ENSMUSG00000018983	E2f2	ortholog_one2one	83.2952	best_ensembl_ortholog
11	GALE	ENSG00000117308	ENSMUSG00000028671	Gale	ortholog_one2one	93.3908	best_ensembl_ortholog
12	CLIC4	ENSG00000169504	ENSMUSG00000037242	Clic4	ortholog_one2one	98.8142	best_ensembl_ortholog
13	TMEM50A	ENSG00000183726	ENSMUSG00000028822	Tmem50a	ortholog_one2one	94.2675	best_ensembl_ortholog
14	STMN1	ENSG00000117632	ENSMUSG00000028832	Stmn1	ortholog_one2one	98.6577	best_ensembl_ortholog
15	DHDDS	ENSG00000117682	ENSMUSG00000012117	Dhdds	ortholog_one2one	92.4925	best_ensembl_ortholog
16	RPS6KA1	ENSG00000117676	ENSMUSG00000003644	Rps6ka1	ortholog_one2one	98.5034	best_ensembl_ortholog
17	SFN	ENSG00000175793	ENSMUSG00000047281	Sfn	ortholog_one2one	97.5806	best_ensembl_ortholog
18	WDTC1	ENSG00000142784	ENSMUSG00000037622	Wdtc1	ortholog_one2one	97.0458	best_ensembl_ortholog
19	RPA2	ENSG00000117748	ENSMUSG00000028884	Rpa2	ortholog_one2one	88.5185	best_ensembl_ortholog
20	TXLNA	ENSG00000084652	ENSMUSG00000053841	Txlna	ortholog_one2one	90.4762	best_ensembl_ortholog
21	TRAPPC3	ENSG00000054116	ENSMUSG00000028847	Trappc3	ortholog_one2one	98.3333	best_ensembl_ortholog
22	MYCBP	ENSG00000214114	ENSMUSG00000028647	Mycbp	ortholog_one2one	85.4369	best_ensembl_ortholog
23	MACF1	ENSG00000127603	ENSMUSG00000028649	Macf1	ortholog_one2one	81.5751	best_ensembl_ortholog
24	PPIE	ENSG00000084072	ENSMUSG00000028651	Ppie	ortholog_one2one	98.0066	best_ensembl_ortholog
25	FOXJ3	ENSG00000198815	ENSMUSG00000032998	Foxj3	ortholog_one2one	94.5338	best_ensembl_ortholog
26	EBNA1BP2	ENSG00000117395	ENSMUSG00000028729	Ebna1bp2	ortholog_one2one	85.2941	best_ensembl_ortholog
27	CDC20	ENSG00000117399	ENSMUSG00000006398	Cdc20	ortholog_one2one	94.7896	best_ensembl_ortholog
28	PTPRF	ENSG00000142949	ENSMUSG00000033295	Ptprf	ortholog_one2one	95.3854	best_ensembl_ortholog
29	IPO13	ENSG00000117408	ENSMUSG00000033365	Ipo13	ortholog_one2one	99.1693	best_ensembl_ortholog
30	DPH2	ENSG00000132768	ENSMUSG00000028540	Dph2	ortholog_one2one	83.6401	best_ensembl_ortholog
31	ATP6V0B	ENSG00000117410	ENSMUSG00000033379	Atp6v0b	ortholog_one2one	96.0976	best_ensembl_ortholog
32	KIF2C	ENSG00000142945	ENSMUSG00000028678	Kif2c	ortholog_one2one	83.0345	best_ensembl_ortholog
33	MAST2	ENSG00000086015	ENSMUSG00000003810	Mast2	ortholog_one2one	88.0423	best_ensembl_ortholog
34	PIK3R3	ENSG00000117461	ENSMUSG00000028698	Pik3r3	ortholog_one2one	95.8785	best_ensembl_ortholog
35	LRRC41	ENSG00000132128	ENSMUSG00000028703	Lrrc41	ortholog_one2one	95.0739	best_ensembl_ortholog
36	MKNK1	ENSG00000079277	ENSMUSG00000028708	Mknk1	ortholog_one2one	93.4466	best_ensembl_ortholog
37	EFCAB14	ENSG00000159658	ENSMUSG00000034210	Efcab14	ortholog_one2one	79.596	best_ensembl_ortholog
38	ORC1	ENSG00000085840	ENSMUSG00000028587	Orc1	ortholog_one2one	66.0859	best_ensembl_ortholog
39	SCP2	ENSG00000116171	ENSMUSG00000028603	Scp2	ortholog_one2one	89.2139	best_ensembl_ortholog
40	JUN	ENSG00000177606	ENSMUSG00000052684	Jun	ortholog_one2one	96.3746	best_ensembl_ortholog
41	USP1	ENSG00000162607	ENSMUSG00000028560	Usp1	ortholog_one2one	88.1529	best_ensembl_ortholog
42	PGM1	ENSG00000079739	ENSMUSG00000025791	Pgm1	ortholog_one2one	97.331	best_ensembl_ortholog
43	GADD45A	ENSG00000116717	ENSMUSG00000036390	Gadd45a	ortholog_one2one	94.5455	best_ensembl_ortholog
44	CRYZ	ENSG00000116791	ENSMUSG00000028199	Cryz	ortholog_one2one	81.155	best_ensembl_ortholog
45	HS2ST1	ENSG00000153936	ENSMUSG00000040151	Hs2st1	ortholog_one2one	97.4719	best_ensembl_ortholog
46	FAM69A	ENSG00000154511	ENSMUSG00000029270	Dipk1a	ortholog_one2one	96.9626	best_ensembl_ortholog
47	MTF2	ENSG00000143033	ENSMUSG00000029267	Mtf2	ortholog_one2one	97.6391	best_ensembl_ortholog
48	DNTTIP2	ENSG00000067334	ENSMUSG00000039756	Dnttip2	ortholog_one2one	62.037	best_ensembl_ortholog
49	SNX7	ENSG00000162627	ENSMUSG00000028007	Snx7	ortholog_one2one	88.2483	best_ensembl_ortholog
50	AGL	ENSG00000162688	ENSMUSG00000033400	Agl	ortholog_one2one	91.906	best_ensembl_ortholog
51	SLC35A3	ENSG00000117620	ENSMUSG00000027957	Slc35a3	ortholog_one2one	95.3846	best_ensembl_ortholog
52	VAV3	ENSG00000134215	ENSMUSG00000033721	Vav3	ortholog_one2one	95.3955	best_ensembl_ortholog
53	PSRC1	ENSG00000134222	ENSMUSG00000068744	Psrc1	ortholog_one2one	69.97	best_ensembl_ortholog
54	GSTM2	ENSG00000213366	ENSMUSG00000004035	Gstm7	ortholog_one2one	83.0275	best_ensembl_ortholog
55	DENND2D	ENSG00000162777	ENSMUSG00000027901	Dennd2d	ortholog_one2one	89.172	best_ensembl_ortholog
56	NRAS	ENSG00000213281	ENSMUSG00000027852	Nras	ortholog_one2one	99.4709	best_ensembl_ortholog
57	PHGDH	ENSG00000092621	ENSMUSG00000053398	Phgdh	ortholog_one2one	94.5591	best_ensembl_ortholog
58	MINDY1	ENSG00000143409	ENSMUSG00000038712	Mindy1	ortholog_one2one	85.9275	best_ensembl_ortholog
59	PRUNE1	ENSG00000143363	ENSMUSG00000015711	Prune1	ortholog_one2one	85.4305	best_ensembl_ortholog
60	MLLT11	ENSG00000213190	ENSMUSG00000053192	Mllt11	ortholog_one2one	86.6667	best_ensembl_ortholog
61	VPS72	ENSG00000163159	ENSMUSG00000008958	Vps72	ortholog_one2one	96.7033	best_ensembl_ortholog
62	PSMD4	ENSG00000159352	ENSMUSG00000005625	Psmd4	ortholog_one2one	96.0212	best_ensembl_ortholog
63	RFX5	ENSG00000143390	ENSMUSG00000005774	Rfx5	ortholog_one2one	78.2467	best_ensembl_ortholog
64	S100A4	ENSG00000196154	ENSMUSG00000001020	S100a4	ortholog_one2one	93.0693	best_ensembl_ortholog
65	S100A13	ENSG00000189171	ENSMUSG00000042312	S100a13	ortholog_one2one	82.6531	best_ensembl_ortholog
66	INTS3	ENSG00000143624	ENSMUSG00000027933	Ints3	ortholog_one2one	98.6564	best_ensembl_ortholog
67	SLC27A3	ENSG00000143554	ENSMUSG00000027932	Slc27a3	ortholog_one2one	83.7482	best_ensembl_ortholog
68	SHC1	ENSG00000160691	ENSMUSG00000042626	Shc1	ortholog_one2one	94.3493	best_ensembl_ortholog
69	MUC1	ENSG00000185499	ENSMUSG00000042784	Muc1	ortholog_one2one	50.5263	best_ensembl_ortholog
70	KIAA0907	ENSG00000132680	ENSMUSG00000028060	Khdc4	ortholog_one2one	95.4397	best_ensembl_ortholog
71	ARHGEF2	ENSG00000116584	ENSMUSG00000028059	Arhgef2	ortholog_one2one	88.3367	best_ensembl_ortholog
72	NIT1	ENSG00000158793	ENSMUSG00000013997	Nit1	ortholog_one2one	84.4037	best_ensembl_ortholog
73	PPOX	ENSG00000143224	ENSMUSG00000062729	Ppox	ortholog_one2one	88.6792	best_ensembl_ortholog
74	ATF6	ENSG00000118217	ENSMUSG00000026663	Atf6	ortholog_one2one	85.0746	best_ensembl_ortholog
75	TMCO1	ENSG00000143183	ENSMUSG00000052428	Tmco1	ortholog_one2one	100.0	best_ensembl_ortholog
76	CREG1	ENSG00000143162	ENSMUSG00000040713	Creg1	ortholog_one2one	76.8182	best_ensembl_ortholog
77	MPZL1	ENSG00000197965	ENSMUSG00000026566	Mpzl1	ortholog_one2one	83.2714	best_ensembl_ortholog
78	MPC2	ENSG00000143158	ENSMUSG00000026568	Mpc2	ortholog_one2one	92.126	best_ensembl_ortholog
79	ATP1B1	ENSG00000143153	ENSMUSG00000026576	Atp1b1	ortholog_one2one	94.0594	best_ensembl_ortholog
80	SCYL3	ENSG00000000457	ENSMUSG00000026584	Scyl3	ortholog_one2one	82.8488	best_ensembl_ortholog
81	FAM20B	ENSG00000116199	ENSMUSG00000033557	Fam20b	ortholog_one2one	97.3105	best_ensembl_ortholog
82	PTGS2	ENSG00000073756	ENSMUSG00000032487	Ptgs2	ortholog_one2one	86.755	best_ensembl_ortholog
83	PLA2G4A	ENSG00000116711	ENSMUSG00000056220	Pla2g4a	ortholog_one2one	94.3925	best_ensembl_ortholog
84	RGS2	ENSG00000116741	ENSMUSG00000026360	Rgs2	ortholog_one2one	96.2085	best_ensembl_ortholog
85	PTPRC	ENSG00000081237	ENSMUSG00000026395	Ptprc	ortholog_one2one	66.6922	best_ensembl_ortholog
86	KIF14	ENSG00000118193	ENSMUSG00000041498	Kif14	ortholog_one2one	71.2985	best_ensembl_ortholog
87	CAMSAP2	ENSG00000118200	ENSMUSG00000041570	Camsap2	ortholog_one2one	92.3545	best_ensembl_ortholog
88	CSRP1	ENSG00000159176	ENSMUSG00000026421	Csrp1	ortholog_one2one	99.4819	best_ensembl_ortholog
89	KDM5B	ENSG00000117139	ENSMUSG00000042207	Kdm5b	ortholog_one2one	94.2357	best_ensembl_ortholog
90	PIK3C2B	ENSG00000133056	ENSMUSG00000026447	Pik3c2b	ortholog_one2one	93.4517	best_ensembl_ortholog
91	DYRK3	ENSG00000143479	ENSMUSG00000016526	Dyrk3	ortholog_one2one	89.4558	best_ensembl_ortholog
92	MAPKAPK2	ENSG00000162889	ENSMUSG00000016528	Mapkapk2	ortholog_one2one	92.5	best_ensembl_ortholog
93	LPGAT1	ENSG00000123684	ENSMUSG00000026623	Lpgat1	ortholog_one2one	90.0	best_ensembl_ortholog
94	PPP2R5A	ENSG00000066027	ENSMUSG00000026626	Ppp2r5a	ortholog_one2one	97.7366	best_ensembl_ortholog
95	NENF	ENSG00000117691	ENSMUSG00000037499	Nenf	ortholog_one2one	90.6977	best_ensembl_ortholog
96	EPRS	ENSG00000136628	ENSMUSG00000026615	Eprs1	ortholog_one2one	89.2857	best_ensembl_ortholog
97	IARS2	ENSG00000067704	ENSMUSG00000026618	Iars2	ortholog_one2one	83.3992	best_ensembl_ortholog
98	TP53BP2	ENSG00000143514	ENSMUSG00000026510	Trp53bp2	ortholog_one2one	91.0053	best_ensembl_ortholog
99	NVL	ENSG00000143748	ENSMUSG00000026516	Nvl	ortholog_one2one	87.8505	best_ensembl_ortholog
100	LBR	ENSG00000143815	ENSMUSG00000004880	Lbr	ortholog_one2one	80.3252	best_ensembl_ortholog
101	ACBD3	ENSG00000182827	ENSMUSG00000026499	Acbd3	ortholog_one2one	88.8258	best_ensembl_ortholog
102	PARP1	ENSG00000143799	ENSMUSG00000026496	Parp1	ortholog_one2one	92.5049	best_ensembl_ortholog
103	COQ8A	ENSG00000163050	ENSMUSG00000026489	Coq8a	ortholog_one2one	86.5533	best_ensembl_ortholog
104	RAB4A	ENSG00000168118	ENSMUSG00000019478	Rab4a	ortholog_one2one	97.7064	best_ensembl_ortholog
105	NUP133	ENSG00000069248	ENSMUSG00000039509	Nup133	ortholog_one2one	83.1315	best_ensembl_ortholog
106	COG2	ENSG00000135775	ENSMUSG00000031979	Cog2	ortholog_one2one	84.8238	best_ensembl_ortholog
107	KCNK1	ENSG00000135750	ENSMUSG00000033998	Kcnk1	ortholog_one2one	94.9405	best_ensembl_ortholog
108	TARBP1	ENSG00000059588	ENSMUSG00000090290	Tarbp1	ortholog_one2one	71.9926	best_ensembl_ortholog
109	RBM34	ENSG00000188739	ENSMUSG00000033931	Rbm34	ortholog_one2one	69.3023	best_ensembl_ortholog
110	ARID4B	ENSG00000054267	ENSMUSG00000039219	Arid4b	ortholog_one2one	89.6341	best_ensembl_ortholog
111	LGALS8	ENSG00000116977	ENSMUSG00000057554	Lgals8	ortholog_one2one	79.4953	best_ensembl_ortholog
112	HEATR1	ENSG00000119285	ENSMUSG00000050244	Heatr1	ortholog_one2one	83.8153	best_ensembl_ortholog
113	SCCPDH	ENSG00000143653	ENSMUSG00000038936	Sccpdh	ortholog_one2one	87.1795	best_ensembl_ortholog
114	ADI1	ENSG00000182551	ENSMUSG00000020629	Adi1	ortholog_one2one	84.3575	best_ensembl_ortholog
115	ID2	ENSG00000115738	ENSMUSG00000020644	Id2	ortholog_one2one	98.5075	best_ensembl_ortholog
116	ITGB1BP1	ENSG00000119185	ENSMUSG00000062352	Itgb1bp1	ortholog_one2one	93.0	best_ensembl_ortholog
117	DNMT3A	ENSG00000119772	ENSMUSG00000020661	Dnmt3a	ortholog_one2one	95.943	best_ensembl_ortholog
118	SLC5A6	ENSG00000138074	ENSMUSG00000006641	Slc5a6	ortholog_one2one	82.5197	best_ensembl_ortholog
119	RBKS	ENSG00000171174	ENSMUSG00000029136	Rbks	ortholog_one2one	86.3354	best_ensembl_ortholog
120	FEZ2	ENSG00000171055	ENSMUSG00000056121	Fez2	ortholog_one2one	75.3541	best_ensembl_ortholog
121	CEBPZ	ENSG00000115816	ENSMUSG00000024081	Cebpz	ortholog_one2one	81.5939	best_ensembl_ortholog
122	MSH6	ENSG00000116062	ENSMUSG00000005370	Msh6	ortholog_one2one	85.4412	best_ensembl_ortholog
123	FBXO11	ENSG00000138081	ENSMUSG00000005371	Fbxo11	ortholog_one2one	98.8134	best_ensembl_ortholog
124	SLC1A4	ENSG00000115902	ENSMUSG00000020142	Slc1a4	ortholog_one2one	89.8496	best_ensembl_ortholog
125	SPRED2	ENSG00000198369	ENSMUSG00000045671	Spred2	ortholog_one2one	92.1053	best_ensembl_ortholog
126	GFPT1	ENSG00000198380	ENSMUSG00000029992	Gfpt1	ortholog_one2one	96.5665	best_ensembl_ortholog
127	SPR	ENSG00000116096	ENSMUSG00000033735	Spr	ortholog_one2one	74.7126	best_ensembl_ortholog
128	DUSP11	ENSG00000144048	ENSMUSG00000030002	Dusp11	ortholog_one2one	68.7879	best_ensembl_ortholog
129	STAMBP	ENSG00000124356	ENSMUSG00000006906	Stambp	ortholog_one2one	83.4906	best_ensembl_ortholog
130	MTHFD2	ENSG00000065911	ENSMUSG00000005667	Mthfd2	ortholog_one2one	92.0	best_ensembl_ortholog
131	MRPL19	ENSG00000115364	ENSMUSG00000030045	Mrpl19	ortholog_one2one	81.5069	best_ensembl_ortholog
132	MAT2A	ENSG00000168906	ENSMUSG00000053907	Mat2a	ortholog_one2one	99.4937	best_ensembl_ortholog
133	ST3GAL5	ENSG00000115525	ENSMUSG00000056091	St3gal5	ortholog_one2one	83.0144	best_ensembl_ortholog
134	KDM3A	ENSG00000115548	ENSMUSG00000053470	Kdm3a	ortholog_one2one	91.5216	best_ensembl_ortholog
135	RPIA	ENSG00000153574	ENSMUSG00000053604	Rpia	ortholog_one2one	88.746	best_ensembl_ortholog
136	TXNDC9	ENSG00000115514	ENSMUSG00000058407	Txndc9	ortholog_one2one	89.823	best_ensembl_ortholog
137	MAP4K4	ENSG00000071054	ENSMUSG00000026074	Map4k4	ortholog_one2one	87.7168	best_ensembl_ortholog
138	FHL2	ENSG00000115641	ENSMUSG00000008136	Fhl2	ortholog_one2one	92.1147	best_ensembl_ortholog
139	NCK2	ENSG00000071051	ENSMUSG00000066877	Nck2	ortholog_one2one	96.0526	best_ensembl_ortholog
140	IL1B	ENSG00000125538	ENSMUSG00000027398	Il1b	ortholog_one2one	67.658	best_ensembl_ortholog
141	PAX8	ENSG00000125618	ENSMUSG00000026976	Pax8	ortholog_one2one	98.2222	best_ensembl_ortholog
142	RALB	ENSG00000144118	ENSMUSG00000004451	Ralb	ortholog_one2one	95.1456	best_ensembl_ortholog
143	GLI2	ENSG00000074047	ENSMUSG00000048402	Gli2	ortholog_one2one	82.9828	best_ensembl_ortholog
144	CXCR4	ENSG00000121966	ENSMUSG00000045382	Cxcr4	ortholog_one2one	91.1932	best_ensembl_ortholog
145	KIF5C	ENSG00000168280	ENSMUSG00000026764	Kif5c	ortholog_one2one	98.2236	best_ensembl_ortholog
146	HAT1	ENSG00000128708	ENSMUSG00000027018	Hat1	ortholog_one2one	92.6014	best_ensembl_ortholog
147	CHN1	ENSG00000128656	ENSMUSG00000056486	Chn1	ortholog_one2one	96.2963	best_ensembl_ortholog
148	NFE2L2	ENSG00000116044	ENSMUSG00000015839	Nfe2l2	ortholog_one2one	80.9917	best_ensembl_ortholog
149	INPP1	ENSG00000151689	ENSMUSG00000026102	Inpp1	ortholog_one2one	79.198	best_ensembl_ortholog
150	STAT1	ENSG00000115415	ENSMUSG00000026104	Stat1	ortholog_one2one	93.4667	best_ensembl_ortholog
151	HSPD1	ENSG00000144381	ENSMUSG00000025980	Hspd1	ortholog_one2one	97.5567	best_ensembl_ortholog
152	CFLAR	ENSG00000003402	ENSMUSG00000026031	Cflar	ortholog_one2one	65.8333	best_ensembl_ortholog
153	TRAK2	ENSG00000115993	ENSMUSG00000026028	Trak2	ortholog_one2one	87.5274	best_ensembl_ortholog
154	FZD7	ENSG00000155760	ENSMUSG00000041075	Fzd7	ortholog_one2one	96.3415	best_ensembl_ortholog
155	CREB1	ENSG00000118260	ENSMUSG00000025958	Creb1	ortholog_one2one	99.6942	best_ensembl_ortholog
156	PECR	ENSG00000115425	ENSMUSG00000026189	Pecr	ortholog_one2one	70.6271	best_ensembl_ortholog
157	ABCB6	ENSG00000115657	ENSMUSG00000026198	Abcb6	ortholog_one2one	88.9549	best_ensembl_ortholog
158	DNAJB2	ENSG00000135924	ENSMUSG00000026203	Dnajb2	ortholog_one2one	75.0	best_ensembl_ortholog
159	CAB39	ENSG00000135932	ENSMUSG00000036707	Cab39	ortholog_one2one	99.1202	best_ensembl_ortholog
160	ARL4C	ENSG00000188042	ENSMUSG00000049866	Arl4c	ortholog_one2one	95.5224	best_ensembl_ortholog
161	GPC1	ENSG00000063660	ENSMUSG00000034220	Gpc1	ortholog_one2one	88.5305	best_ensembl_ortholog
162	STK25	ENSG00000115694	ENSMUSG00000026277	Stk25	ortholog_one2one	98.8263	best_ensembl_ortholog
163	BHLHE40	ENSG00000134107	ENSMUSG00000030103	Bhlhe40	ortholog_one2one	90.2913	best_ensembl_ortholog
164	EDEM1	ENSG00000134109	ENSMUSG00000030104	Edem1	ortholog_one2one	92.0852	best_ensembl_ortholog
165	TATDN2	ENSG00000157014	ENSMUSG00000056952	Tatdn2	ortholog_one2one	73.7188	best_ensembl_ortholog
166	VGLL4	ENSG00000144560	ENSMUSG00000030315	Vgll4	ortholog_one2one	88.8513	best_ensembl_ortholog
167	PPARG	ENSG00000132170	ENSMUSG00000000440	Pparg	ortholog_one2one	98.3158	best_ensembl_ortholog
168	TSEN2	ENSG00000154743	ENSMUSG00000042389	Tsen2	ortholog_one2one	67.5269	best_ensembl_ortholog
169	SH3BP5	ENSG00000131370	ENSMUSG00000021892	Sh3bp5	ortholog_one2one	92.5275	best_ensembl_ortholog
170	SATB1	ENSG00000182568	ENSMUSG00000023927	Satb1	ortholog_one2one	98.2962	best_ensembl_ortholog
171	TGFBR2	ENSG00000163513	ENSMUSG00000032440	Tgfbr2	ortholog_one2one	92.2399	best_ensembl_ortholog
172	CRTAP	ENSG00000170275	ENSMUSG00000032431	Crtap	ortholog_one2one	88.5287	best_ensembl_ortholog
173	ACAA1	ENSG00000060971	ENSMUSG00000010651	Acaa1b	ortholog_one2many	85.8491	best_ensembl_ortholog
174	OXSR1	ENSG00000172939	ENSMUSG00000036737	Oxsr1	ortholog_one2one	95.8254	best_ensembl_ortholog
175	ANO10	ENSG00000160746	ENSMUSG00000037949	Ano10	ortholog_one2one	91.5152	best_ensembl_ortholog
176	SACM1L	ENSG00000211456	ENSMUSG00000025240	Sacm1l	ortholog_one2one	95.0596	best_ensembl_ortholog
177	SMARCC1	ENSG00000173473	ENSMUSG00000032481	Smarcc1	ortholog_one2one	93.0317	best_ensembl_ortholog
178	CDC25A	ENSG00000164045	ENSMUSG00000032477	Cdc25a	ortholog_one2one	84.542	best_ensembl_ortholog
179	P4HTM	ENSG00000178467	ENSMUSG00000006675	P4htm	ortholog_one2one	91.2351	best_ensembl_ortholog
180	RHOA	ENSG00000067560	ENSMUSG00000007815	Rhoa	ortholog_one2one	99.4819	best_ensembl_ortholog
181	TCTA	ENSG00000145022	ENSMUSG00000039461	Tcta	ortholog_one2one	91.2621	best_ensembl_ortholog
182	DAG1	ENSG00000173402	ENSMUSG00000039952	Dag1	ortholog_one2one	93.1844	best_ensembl_ortholog
183	RBM6	ENSG00000004534	ENSMUSG00000032582	Rbm6	ortholog_one2one	88.8691	best_ensembl_ortholog
184	GNAI2	ENSG00000114353	ENSMUSG00000032562	Gnai2	ortholog_one2one	98.3099	best_ensembl_ortholog
185	IFRD2	ENSG00000214706	ENSMUSG00000010048	Ifrd2	ortholog_one2one	87.7828	best_ensembl_ortholog
186	NPRL2	ENSG00000114388	ENSMUSG00000010057	Nprl2	ortholog_one2one	98.4211	best_ensembl_ortholog
187	MAPKAPK3	ENSG00000114738	ENSMUSG00000032577	Mapkapk3	ortholog_one2one	94.7644	best_ensembl_ortholog
188	ALAS1	ENSG00000023330	ENSMUSG00000032786	Alas1	ortholog_one2one	91.0938	best_ensembl_ortholog
189	TWF2	ENSG00000247596	ENSMUSG00000023277	Twf2	ortholog_one2one	96.5616	best_ensembl_ortholog
190	NISCH	ENSG00000010322	ENSMUSG00000021910	Nisch	ortholog_one2one	89.2287	best_ensembl_ortholog
191	NT5DC2	ENSG00000168268	ENSMUSG00000071547	Nt5dc2	ortholog_one2one	95.5117	best_ensembl_ortholog
192	TMEM110	ENSG00000213533	ENSMUSG00000006526	Stimate	ortholog_one2one	95.5782	best_ensembl_ortholog
193	PRKCD	ENSG00000163932	ENSMUSG00000021948	Prkcd	ortholog_one2one	90.3846	best_ensembl_ortholog
194	ABHD6	ENSG00000163686	ENSMUSG00000025277	Abhd6	ortholog_one2one	93.7685	best_ensembl_ortholog
195	EPHA3	ENSG00000044524	ENSMUSG00000052504	Epha3	ortholog_one2one	96.5412	best_ensembl_ortholog
196	PROS1	ENSG00000184500	ENSMUSG00000022912	Pros1	ortholog_one2one	79.5858	best_ensembl_ortholog
197	TOMM70	ENSG00000154174	ENSMUSG00000022752	Tomm70a	ortholog_one2one	93.2566	best_ensembl_ortholog
198	CBLB	ENSG00000114423	ENSMUSG00000022637	Cblb	ortholog_one2one	91.3442	best_ensembl_ortholog
199	ATG3	ENSG00000144848	ENSMUSG00000022663	Atg3	ortholog_one2one	97.4522	best_ensembl_ortholog
200	GTPBP8	ENSG00000163607	ENSMUSG00000022668	Gtpbp8	ortholog_one2one	75.3521	best_ensembl_ortholog
201	PDIA5	ENSG00000065485	ENSMUSG00000022844	Pdia5	ortholog_one2one	89.9807	best_ensembl_ortholog
202	MYLK	ENSG00000065534	ENSMUSG00000022836	Mylk	ortholog_one2one	85.4754	best_ensembl_ortholog
203	ITGB5	ENSG00000082781	ENSMUSG00000022817	Itgb5	ortholog_one2one	91.7397	best_ensembl_ortholog
204	RUVBL1	ENSG00000175792	ENSMUSG00000030079	Ruvbl1	ortholog_one2one	99.7807	best_ensembl_ortholog
205	GATA2	ENSG00000179348	ENSMUSG00000015053	Gata2	ortholog_one2one	97.9167	best_ensembl_ortholog
206	RPN1	ENSG00000163902	ENSMUSG00000030062	Rpn1	ortholog_one2one	95.2224	best_ensembl_ortholog
207	PIK3R4	ENSG00000196455	ENSMUSG00000032571	Pik3r4	ortholog_one2one	95.8763	best_ensembl_ortholog
208	ATP2C1	ENSG00000017260	ENSMUSG00000032570	Atp2c1	ortholog_one2one	96.7356	best_ensembl_ortholog
209	TOPBP1	ENSG00000163781	ENSMUSG00000032555	Topbp1	ortholog_one2one	76.2155	best_ensembl_ortholog
210	PCCB	ENSG00000114054	ENSMUSG00000032527	Pccb	ortholog_one2one	92.5788	best_ensembl_ortholog
211	NCK1	ENSG00000158092	ENSMUSG00000032475	Nck1	ortholog_one2one	98.939	best_ensembl_ortholog
212	FAIM	ENSG00000158234	ENSMUSG00000032463	Faim	ortholog_one2many	80.0995	best_ensembl_ortholog
213	COPB2	ENSG00000184432	ENSMUSG00000032458	Copb2	ortholog_one2one	98.234	best_ensembl_ortholog
214	PLS1	ENSG00000120756	ENSMUSG00000049493	Pls1	ortholog_one2one	94.4356	best_ensembl_ortholog
215	PLSCR1	ENSG00000188313	ENSMUSG00000032369	Plscr1	ortholog_one2many	75.1572	best_ensembl_ortholog
216	MBNL1	ENSG00000152601	ENSMUSG00000027763	Mbnl1	ortholog_one2one	83.5079	best_ensembl_ortholog
217	TIPARP	ENSG00000163659	ENSMUSG00000034640	Tiparp	ortholog_one2one	92.6941	best_ensembl_ortholog
218	SMC4	ENSG00000113810	ENSMUSG00000034349	Smc4	ortholog_one2one	89.5186	best_ensembl_ortholog
219	PIK3CA	ENSG00000121879	ENSMUSG00000027665	Pik3ca	ortholog_one2one	98.6891	best_ensembl_ortholog
220	SOX2	ENSG00000181449	ENSMUSG00000074637	Sox2	ortholog_one2one	98.4227	best_ensembl_ortholog
221	ATP11B	ENSG00000058063	ENSMUSG00000037400	Atp11b	ortholog_one2one	93.373	best_ensembl_ortholog
222	ABCC5	ENSG00000114770	ENSMUSG00000022822	Abcc5	ortholog_one2one	94.9896	best_ensembl_ortholog
223	ABCF3	ENSG00000161204	ENSMUSG00000003234	Abcf3	ortholog_one2one	96.897	best_ensembl_ortholog
224	PSMD2	ENSG00000175166	ENSMUSG00000006998	Psmd2	ortholog_one2one	98.6784	best_ensembl_ortholog
225	EIF4G1	ENSG00000114867	ENSMUSG00000045983	Eif4g1	ortholog_one2one	91.3696	best_ensembl_ortholog
226	IGF2BP2	ENSG00000073792	ENSMUSG00000033581	Igf2bp2	ortholog_one2one	94.4908	best_ensembl_ortholog
227	RPL39L	ENSG00000163923	ENSMUSG00000039209	Rpl39l	case_insensitive_symbol_fallback		exact_symbol_fallback
228	HES1	ENSG00000114315	ENSMUSG00000022528	Hes1	ortholog_one2one	97.8571	best_ensembl_ortholog
229	BDH1	ENSG00000161267	ENSMUSG00000046598	Bdh1	ortholog_one2one	85.7143	best_ensembl_ortholog
230	MFSD10	ENSG00000109736	ENSMUSG00000001082	Mfsd10	ortholog_one2one	80.2198	best_ensembl_ortholog
231	LRPAP1	ENSG00000163956	ENSMUSG00000029103	Lrpap1	ortholog_one2one	76.1905	best_ensembl_ortholog
232	WFS1	ENSG00000109501	ENSMUSG00000039474	Wfs1	ortholog_one2one	86.8539	best_ensembl_ortholog
233	LAP3	ENSG00000002549	ENSMUSG00000039682	Lap3	ortholog_one2one	90.3661	best_ensembl_ortholog
234	UGDH	ENSG00000109814	ENSMUSG00000029201	Ugdh	ortholog_one2one	97.7733	best_ensembl_ortholog
235	PDS5A	ENSG00000121892	ENSMUSG00000029202	Pds5a	ortholog_one2one	97.9058	best_ensembl_ortholog
236	APBB2	ENSG00000163697	ENSMUSG00000029207	Apbb2	ortholog_one2one	94.0711	best_ensembl_ortholog
237	DCUN1D4	ENSG00000109184	ENSMUSG00000051674	Dcun1d4	ortholog_one2one	96.5753	best_ensembl_ortholog
238	SGCB	ENSG00000163069	ENSMUSG00000029156	Sgcb	ortholog_one2one	94.9686	best_ensembl_ortholog
239	CHIC2	ENSG00000109220	ENSMUSG00000029229	Chic2	ortholog_one2one	99.3939	best_ensembl_ortholog
240	KIT	ENSG00000157404	ENSMUSG00000005672	Kit	ortholog_one2one	82.3771	best_ensembl_ortholog
241	PAICS	ENSG00000128050	ENSMUSG00000029247	Paics	ortholog_one2one	95.0588	best_ensembl_ortholog
242	DCK	ENSG00000156136	ENSMUSG00000029366	Dck	ortholog_one2one	93.4615	best_ensembl_ortholog
243	CXCL2	ENSG00000081041	ENSMUSG00000058427	Cxcl2	case_insensitive_symbol_fallback		exact_symbol_fallback
244	ENOPH1	ENSG00000145293	ENSMUSG00000029326	Enoph1	ortholog_one2one	93.1034	best_ensembl_ortholog
245	HSD17B11	ENSG00000198189	ENSMUSG00000029311	Hsd17b11	ortholog_one2one	82.6667	best_ensembl_ortholog
246	NUDT9	ENSG00000170502	ENSMUSG00000029310	Nudt9	ortholog_one2one	89.4286	best_ensembl_ortholog
247	SPP1	ENSG00000118785	ENSMUSG00000029304	Spp1	ortholog_one2one	63.3758	best_ensembl_ortholog
248	HERC6	ENSG00000138642	ENSMUSG00000029798	Herc6	ortholog_one2one	65.8513	best_ensembl_ortholog
249	SNCA	ENSG00000145335	ENSMUSG00000025889	Snca	ortholog_one2one	88.5714	best_ensembl_ortholog
250	ADH5	ENSG00000197894	ENSMUSG00000028138	Adh5	ortholog_one2one	92.5134	best_ensembl_ortholog
251	CENPE	ENSG00000138778	ENSMUSG00000045328	Cenpe	ortholog_one2one	59.5705	best_ensembl_ortholog
252	HADH	ENSG00000138796	ENSMUSG00000027984	Hadh	ortholog_one2one	89.8089	best_ensembl_ortholog
253	EGF	ENSG00000138798	ENSMUSG00000028017	Egf	ortholog_one2one	66.4457	best_ensembl_ortholog
254	ELOVL6	ENSG00000170522	ENSMUSG00000041220	Elovl6	ortholog_one2one	96.9811	best_ensembl_ortholog
255	CCNA2	ENSG00000145386	ENSMUSG00000027715	Ccna2	ortholog_one2one	85.1852	best_ensembl_ortholog
256	INPP4B	ENSG00000109452	ENSMUSG00000037940	Inpp4b	ortholog_one2one	90.5844	best_ensembl_ortholog
257	LSM6	ENSG00000164167	ENSMUSG00000031683	Lsm6	ortholog_one2one	90.0	best_ensembl_ortholog
258	TRIM2	ENSG00000109654	ENSMUSG00000027993	Trim2	ortholog_one2one	95.7198	best_ensembl_ortholog
259	DCTD	ENSG00000129187	ENSMUSG00000031562	Dctd	ortholog_one2one	92.6966	best_ensembl_ortholog
260	CASP3	ENSG00000164305	ENSMUSG00000031628	Casp3	ortholog_one2one	86.6426	best_ensembl_ortholog
261	SLC25A4	ENSG00000151729	ENSMUSG00000031633	Slc25a4	ortholog_one2one	95.302	best_ensembl_ortholog
262	FAT1	ENSG00000083857	ENSMUSG00000070047	Fat1	ortholog_one2one	88.1648	best_ensembl_ortholog
263	TERT	ENSG00000164362	ENSMUSG00000021611	Tert	ortholog_one2one	61.2191	best_ensembl_ortholog
264	PAPD7	ENSG00000112941	ENSMUSG00000034575	Tent4a	ortholog_one2one	90.404	best_ensembl_ortholog
265	MYO10	ENSG00000145555	ENSMUSG00000022272	Myo10	ortholog_one2one	94.6064	best_ensembl_ortholog
266	RAI14	ENSG00000039560	ENSMUSG00000022246	Rai14	ortholog_one2one	85.2041	best_ensembl_ortholog
267	OXCT1	ENSG00000083720	ENSMUSG00000022186	Oxct1	ortholog_one2one	92.1154	best_ensembl_ortholog
268	GHR	ENSG00000112964	ENSMUSG00000055737	Ghr	ortholog_one2one	69.5925	best_ensembl_ortholog
269	ZNF131	ENSG00000172262	ENSMUSG00000094870	Zfp131	ortholog_one2one	93.5795	best_ensembl_ortholog
270	HMGCS1	ENSG00000112972	ENSMUSG00000093930	Hmgcs1	ortholog_one2one	94.6154	best_ensembl_ortholog
271	NNT	ENSG00000112992	ENSMUSG00000025453	Nnt	ortholog_one2one	72.3757	best_ensembl_ortholog
272	DHX29	ENSG00000067248	ENSMUSG00000042426	Dhx29	ortholog_one2one	90.8692	best_ensembl_ortholog
273	CCNB1	ENSG00000134057	ENSMUSG00000041431	Ccnb1	ortholog_one2one	85.9122	best_ensembl_ortholog
274	CDK7	ENSG00000134058	ENSMUSG00000069089	Cdk7	ortholog_one2one	94.5087	best_ensembl_ortholog
275	HMGCR	ENSG00000113161	ENSMUSG00000021670	Hmgcr	ortholog_one2one	93.4685	best_ensembl_ortholog
276	SSBP2	ENSG00000145687	ENSMUSG00000003992	Ssbp2	ortholog_one2one	97.561	best_ensembl_ortholog
277	RASA1	ENSG00000145715	ENSMUSG00000021549	Rasa1	ortholog_one2one	95.1289	best_ensembl_ortholog
278	CCNH	ENSG00000134480	ENSMUSG00000021548	Ccnh	ortholog_one2one	94.4272	best_ensembl_ortholog
279	MEF2C	ENSG00000081189	ENSMUSG00000005583	Mef2c	ortholog_one2one	97.2516	best_ensembl_ortholog
280	CETN3	ENSG00000153140	ENSMUSG00000021537	Cetn3	ortholog_one2one	98.8024	best_ensembl_ortholog
281	GLRX	ENSG00000173221	ENSMUSG00000021591	Glrx	ortholog_one2one	88.6792	best_ensembl_ortholog
282	CAST	ENSG00000153113	ENSMUSG00000021585	Cast	case_insensitive_symbol_fallback		exact_symbol_fallback
283	SLC25A46	ENSG00000164209	ENSMUSG00000024259	Slc25a46	ortholog_one2one	88.9952	best_ensembl_ortholog
284	REEP5	ENSG00000129625	ENSMUSG00000005873	Reep5	ortholog_one2one	93.6508	best_ensembl_ortholog
285	PPIC	ENSG00000168938	ENSMUSG00000024538	Ppic	ortholog_one2one	90.566	best_ensembl_ortholog
286	ALDH7A1	ENSG00000164904	ENSMUSG00000053644	Aldh7a1	ortholog_one2one	88.1262	best_ensembl_ortholog
287	ISOC1	ENSG00000066583	ENSMUSG00000024601	Isoc1	ortholog_one2one	94.6309	best_ensembl_ortholog
288	P4HA2	ENSG00000072682	ENSMUSG00000018906	P4ha2	ortholog_one2one	91.3696	best_ensembl_ortholog
289	HSPA4	ENSG00000170606	ENSMUSG00000020361	Hspa4	ortholog_one2one	96.0714	best_ensembl_ortholog
290	VDAC1	ENSG00000213585	ENSMUSG00000020402	Vdac1	ortholog_one2one	98.5866	best_ensembl_ortholog
291	SKP1	ENSG00000113558	ENSMUSG00000036309	Skp1	ortholog_one2one	99.3865	best_ensembl_ortholog
292	JADE2	ENSG00000043143	ENSMUSG00000020387	Jade2	ortholog_one2one	90.7674	best_ensembl_ortholog
293	KIF20A	ENSG00000112984	ENSMUSG00000003779	Kif20a	ortholog_one2one	86.8539	best_ensembl_ortholog
294	EGR1	ENSG00000120738	ENSMUSG00000038418	Egr1	ortholog_one2one	91.5285	best_ensembl_ortholog
295	GNPDA1	ENSG00000113552	ENSMUSG00000052102	Gnpda1	ortholog_one2one	96.1938	best_ensembl_ortholog
296	NR3C1	ENSG00000113580	ENSMUSG00000024431	Nr3c1	ortholog_one2one	90.2188	best_ensembl_ortholog
297	TCERG1	ENSG00000113649	ENSMUSG00000024498	Tcerg1	ortholog_one2one	94.4395	best_ensembl_ortholog
298	ADRB2	ENSG00000169252	ENSMUSG00000045730	Adrb2	ortholog_one2one	88.1356	best_ensembl_ortholog
299	CSNK1A1	ENSG00000113712	ENSMUSG00000024576	Csnk1a1	ortholog_one2one	99.7033	best_ensembl_ortholog
300	TNIP1	ENSG00000145901	ENSMUSG00000020400	Tnip1	ortholog_one2one	83.3333	best_ensembl_ortholog
301	G3BP1	ENSG00000145907	ENSMUSG00000018583	G3bp1	ortholog_one2one	93.5622	best_ensembl_ortholog
302	STK10	ENSG00000072786	ENSMUSG00000020272	Stk10	ortholog_one2one	87.7066	best_ensembl_ortholog
303	CLTB	ENSG00000175416	ENSMUSG00000047547	Cltb	ortholog_one2one	87.7729	best_ensembl_ortholog
304	FGFR4	ENSG00000160867	ENSMUSG00000005320	Fgfr4	ortholog_one2one	90.1496	best_ensembl_ortholog
305	PRR7	ENSG00000131188	ENSMUSG00000034686	Prr7	ortholog_one2one	94.5256	best_ensembl_ortholog
306	SQSTM1	ENSG00000161011	ENSMUSG00000015837	Sqstm1	ortholog_one2one	91.1364	best_ensembl_ortholog
307	TBC1D9B	ENSG00000197226	ENSMUSG00000036644	Tbc1d9b	ortholog_one2one	92.2952	best_ensembl_ortholog
308	MAPK9	ENSG00000050748	ENSMUSG00000020366	Mapk9	ortholog_one2one	98.8208	best_ensembl_ortholog
309	DUSP22	ENSG00000112679	ENSMUSG00000069255	Dusp22	ortholog_one2one	90.7317	best_ensembl_ortholog
310	BPHL	ENSG00000137274	ENSMUSG00000038286	Bphl	ortholog_one2one	81.7869	best_ensembl_ortholog
311	TFAP2A	ENSG00000137203	ENSMUSG00000021359	Tfap2a	ortholog_one2one	98.6333	best_ensembl_ortholog
312	EDN1	ENSG00000078401	ENSMUSG00000021367	Edn1	ortholog_one2one	69.3396	best_ensembl_ortholog
313	GFOD1	ENSG00000145990	ENSMUSG00000051335	Gfod1	ortholog_one2one	98.2051	best_ensembl_ortholog
314	MCUR1	ENSG00000050393	ENSMUSG00000021371	Mcur1	ortholog_one2one	69.0808	best_ensembl_ortholog
315	SOX4	ENSG00000124766	ENSMUSG00000076431	Sox4	ortholog_one2one	81.2236	best_ensembl_ortholog
316	GMNN	ENSG00000112312	ENSMUSG00000006715	Gmnn	ortholog_one2one	77.512	best_ensembl_ortholog
317	CARMIL1	ENSG00000079691	ENSMUSG00000021338	Carmil1	ortholog_one2one	89.4967	best_ensembl_ortholog
318	ABCF1	ENSG00000204574	ENSMUSG00000038762	Abcf1	ortholog_one2one	91.2426	best_ensembl_ortholog
319	IER3	ENSG00000137331	ENSMUSG00000003541	Ier3	ortholog_one2one	72.4359	best_ensembl_ortholog
320	DDR1	ENSG00000204580	ENSMUSG00000003534	Ddr1	ortholog_one2one	93.5378	best_ensembl_ortholog
321	HSPA1A	ENSG00000204389	ENSMUSG00000090877	Hspa1b	ortholog_many2many	95.3198	best_ensembl_ortholog
322	SKIV2L	ENSG00000204351	ENSMUSG00000040356	Skic2	ortholog_one2one	93.2584	best_ensembl_ortholog
323	HLA-DRA	ENSG00000204287	ENSMUSG00000036322	H2-Ea	ortholog_one2one	68.1102	best_ensembl_ortholog
324	PSMB8	ENSG00000204264	ENSMUSG00000024338	Psmb8	ortholog_one2one	88.4058	best_ensembl_ortholog
325	HLA-DMA	ENSG00000204257	ENSMUSG00000037649	H2-DMa	ortholog_one2one	75.8621	best_ensembl_ortholog
326	DAXX	ENSG00000204209	ENSMUSG00000002307	Daxx	ortholog_one2one	71.8919	best_ensembl_ortholog
327	SPDEF	ENSG00000124664	ENSMUSG00000024215	Spdef	ortholog_one2one	85.0746	best_ensembl_ortholog
328	PPARD	ENSG00000112033	ENSMUSG00000002250	Ppard	ortholog_one2one	92.2903	best_ensembl_ortholog
329	MAPK13	ENSG00000156711	ENSMUSG00000004864	Mapk13	ortholog_one2one	92.8767	best_ensembl_ortholog
330	CDKN1A	ENSG00000124762	ENSMUSG00000023067	Cdkn1a	ortholog_one2one	76.8293	best_ensembl_ortholog
331	CCND3	ENSG00000112576	ENSMUSG00000034165	Ccnd3	ortholog_one2one	94.5205	best_ensembl_ortholog
332	CNPY3	ENSG00000137161	ENSMUSG00000023973	Cnpy3	ortholog_one2one	87.7698	best_ensembl_ortholog
333	ZNF318	ENSG00000171467	ENSMUSG00000015597	Zfp318	ortholog_one2one	71.9175	best_ensembl_ortholog
334	POLR1C	ENSG00000171453	ENSMUSG00000067148	Polr1c	ortholog_one2one	93.9306	best_ensembl_ortholog
335	NFKBIE	ENSG00000146232	ENSMUSG00000023947	Nfkbie	ortholog_one2one	82.2715	best_ensembl_ortholog
336	TNFRSF21	ENSG00000146072	ENSMUSG00000023915	Tnfrsf21	ortholog_one2one	89.0076	best_ensembl_ortholog
337	MCM3	ENSG00000112118	ENSMUSG00000041859	Mcm3	ortholog_one2one	93.3168	best_ensembl_ortholog
338	TRAM2	ENSG00000065308	ENSMUSG00000041779	Tram2	ortholog_one2one	90.0	best_ensembl_ortholog
339	ZNF451	ENSG00000112200	ENSMUSG00000042197	Zfp451	ortholog_one2one	78.7936	best_ensembl_ortholog
340	SENP6	ENSG00000112701	ENSMUSG00000034252	Senp6	ortholog_one2one	80.8453	best_ensembl_ortholog
341	SLC35A1	ENSG00000164414	ENSMUSG00000028293	Slc35a1	ortholog_one2one	91.3947	best_ensembl_ortholog
342	UBE2J1	ENSG00000198833	ENSMUSG00000028277	Ube2j1	ortholog_one2one	92.4528	best_ensembl_ortholog
343	ASCC3	ENSG00000112249	ENSMUSG00000038774	Ascc3	ortholog_one2one	92.0527	best_ensembl_ortholog
344	FOXO3	ENSG00000118689	ENSMUSG00000048756	Foxo3	ortholog_one2one	94.6508	best_ensembl_ortholog
345	SESN1	ENSG00000080546	ENSMUSG00000038332	Sesn1	ortholog_one2one	82.2142	best_ensembl_ortholog
346	CDK19	ENSG00000155111	ENSMUSG00000038481	Cdk19	ortholog_one2one	96.2151	best_ensembl_ortholog
347	FYN	ENSG00000010810	ENSMUSG00000019843	Fyn	ortholog_one2one	99.4413	best_ensembl_ortholog
348	HDAC2	ENSG00000196591	ENSMUSG00000019777	Hdac2	ortholog_one2one	99.3852	best_ensembl_ortholog
349	PTPRK	ENSG00000152894	ENSMUSG00000019889	Ptprk	ortholog_one2one	98.8194	best_ensembl_ortholog
350	EPB41L2	ENSG00000079819	ENSMUSG00000019978	Epb41l2	ortholog_one2one	82.2886	best_ensembl_ortholog
351	TBPL1	ENSG00000028839	ENSMUSG00000071359	Tbpl1	ortholog_one2one	100.0	best_ensembl_ortholog
352	MAP7	ENSG00000135525	ENSMUSG00000019996	Map7	ortholog_one2one	78.6382	best_ensembl_ortholog
353	PCMT1	ENSG00000120265	ENSMUSG00000019795	Pcmt1	ortholog_one2one	94.7137	best_ensembl_ortholog
354	ACAT2	ENSG00000120437	ENSMUSG00000023832	Acat2	ortholog_one2many	87.6574	best_ensembl_ortholog
355	IGF2R	ENSG00000197081	ENSMUSG00000023830	Igf2r	ortholog_one2one	81.2525	best_ensembl_ortholog
356	MAP3K4	ENSG00000085511	ENSMUSG00000014426	Map3k4	ortholog_one2one	85.8209	best_ensembl_ortholog
357	TBP	ENSG00000112592	ENSMUSG00000014767	Tbp	ortholog_one2one	91.1504	best_ensembl_ortholog
358	PDGFA	ENSG00000197461	ENSMUSG00000025856	Pdgfa	ortholog_one2one	92.3469	best_ensembl_ortholog
359	GPER1	ENSG00000164850	ENSMUSG00000053647	Gper1	ortholog_one2one	86.9333	best_ensembl_ortholog
360	KDELR2	ENSG00000136240	ENSMUSG00000079111	Kdelr2	ortholog_one2one	98.5849	best_ensembl_ortholog
361	RPA3	ENSG00000106399	ENSMUSG00000012483	Rpa3	ortholog_one2one	76.8595	best_ensembl_ortholog
362	ETV1	ENSG00000006468	ENSMUSG00000004151	Etv1	ortholog_one2one	97.9036	best_ensembl_ortholog
363	BZW2	ENSG00000136261	ENSMUSG00000020547	Bzw2	ortholog_one2one	99.0453	best_ensembl_ortholog
364	SNX13	ENSG00000071189	ENSMUSG00000020590	Snx13	ortholog_one2one	97.1787	best_ensembl_ortholog
365	CYCS	ENSG00000172115	ENSMUSG00000058927	Gm10053	ortholog_one2many	91.4286	best_ensembl_ortholog
366	HOXA5	ENSG00000106004	ENSMUSG00000038253	Hoxa5	ortholog_one2one	97.7778	best_ensembl_ortholog
367	HOXA10	ENSG00000253293	ENSMUSG00000000938	Hoxa10	ortholog_one2one	91.2195	best_ensembl_ortholog
368	SCRN1	ENSG00000136193	ENSMUSG00000019124	Scrn1	ortholog_one2one	87.9227	best_ensembl_ortholog
369	FKBP14	ENSG00000106080	ENSMUSG00000038074	Fkbp14	ortholog_one2one	92.891	best_ensembl_ortholog
370	LSM5	ENSG00000106355	ENSMUSG00000091625	Lsm5	ortholog_one2one	100.0	best_ensembl_ortholog
371	RALA	ENSG00000006451	ENSMUSG00000008859	Rala	ortholog_one2one	99.5146	best_ensembl_ortholog
372	BLVRA	ENSG00000106605	ENSMUSG00000001999	Blvra	ortholog_one2one	82.0946	best_ensembl_ortholog
373	YKT6	ENSG00000106636	ENSMUSG00000002741	Ykt6	ortholog_one2one	90.9091	best_ensembl_ortholog
374	NUDCD3	ENSG00000015676	ENSMUSG00000053838	Nudcd3	ortholog_one2one	87.8116	best_ensembl_ortholog
375	H2AFV	ENSG00000105968	ENSMUSG00000041126	H2az2	ortholog_one2one	100.0	best_ensembl_ortholog
376	IGFBP3	ENSG00000146674	ENSMUSG00000020427	Igfbp3	ortholog_one2one	81.7869	best_ensembl_ortholog
377	IKZF1	ENSG00000185811	ENSMUSG00000018654	Ikzf1	ortholog_one2one	92.6782	best_ensembl_ortholog
378	GRB10	ENSG00000106070	ENSMUSG00000020176	Grb10	ortholog_one2one	78.1145	best_ensembl_ortholog
379	EGFR	ENSG00000146648	ENSMUSG00000020122	Egfr	ortholog_one2one	90.4959	best_ensembl_ortholog
380	BCL7B	ENSG00000106635	ENSMUSG00000029681	Bcl7b	ortholog_one2one	96.0396	best_ensembl_ortholog
381	STX1A	ENSG00000106089	ENSMUSG00000007207	Stx1a	ortholog_one2one	98.2639	best_ensembl_ortholog
382	RFC2	ENSG00000049541	ENSMUSG00000023104	Rfc2	ortholog_one2one	91.8079	best_ensembl_ortholog
383	HSPB1	ENSG00000106211	ENSMUSG00000004951	Hspb1	ortholog_one2one	84.3902	best_ensembl_ortholog
384	PTPN12	ENSG00000127947	ENSMUSG00000028771	Ptpn12	ortholog_one2one	84.2308	best_ensembl_ortholog
385	GNAI1	ENSG00000127955	ENSMUSG00000057614	Gnai1	ortholog_one2one	100.0	best_ensembl_ortholog
386	DMTF1	ENSG00000135164	ENSMUSG00000042508	Dmtf1	ortholog_one2many	95.1316	best_ensembl_ortholog
387	FZD1	ENSG00000157240	ENSMUSG00000044674	Fzd1	ortholog_one2one	93.1994	best_ensembl_ortholog
388	CDK6	ENSG00000105810	ENSMUSG00000040274	Cdk6	ortholog_one2one	96.319	best_ensembl_ortholog
389	SLC25A13	ENSG00000004864	ENSMUSG00000015112	Slc25a13	ortholog_one2one	95.4074	best_ensembl_ortholog
390	CPSF4	ENSG00000160917	ENSMUSG00000029625	Cpsf4	ortholog_one2one	99.2565	best_ensembl_ortholog
391	SERPINE1	ENSG00000106366	ENSMUSG00000037411	Serpine1	ortholog_one2one	78.8557	best_ensembl_ortholog
392	PLOD3	ENSG00000106397	ENSMUSG00000004846	Plod3	ortholog_one2one	91.4634	best_ensembl_ortholog
393	FIS1	ENSG00000214253	ENSMUSG00000019054	Fis1	ortholog_one2one	96.0526	best_ensembl_ortholog
394	SYPL1	ENSG00000008282	ENSMUSG00000020570	Sypl1	ortholog_one2one	84.2324	best_ensembl_ortholog
395	DLD	ENSG00000091140	ENSMUSG00000020664	Dld	ortholog_one2one	94.6955	best_ensembl_ortholog
396	TES	ENSG00000135269	ENSMUSG00000029552	Tes	ortholog_one2many	90.7363	best_ensembl_ortholog
397	ST7	ENSG00000004866	ENSMUSG00000029534	St7	ortholog_one2one	95.3206	best_ensembl_ortholog
398	CALU	ENSG00000128595	ENSMUSG00000029767	Calu	ortholog_one2one	98.0952	best_ensembl_ortholog
399	MEST	ENSG00000106484	ENSMUSG00000051855	Mest	ortholog_one2one	81.194	best_ensembl_ortholog
400	CNOT4	ENSG00000080802	ENSMUSG00000038784	Cnot4	ortholog_one2one	97.756	best_ensembl_ortholog
401	CASP2	ENSG00000106144	ENSMUSG00000029863	Casp2	ortholog_one2one	89.6018	best_ensembl_ortholog
402	EZH2	ENSG00000106462	ENSMUSG00000029687	Ezh2	ortholog_one2one	97.6032	best_ensembl_ortholog
403	NOS3	ENSG00000164867	ENSMUSG00000028978	Nos3	ortholog_one2one	94.1812	best_ensembl_ortholog
404	RHEB	ENSG00000106615	ENSMUSG00000028945	Rheb	ortholog_one2one	98.913	best_ensembl_ortholog
405	PRKAG2	ENSG00000106617	ENSMUSG00000028944	Prkag2	ortholog_one2one	87.1705	best_ensembl_ortholog
406	INSIG1	ENSG00000186480	ENSMUSG00000045294	Insig1	ortholog_one2one	76.5343	best_ensembl_ortholog
407	UBE3C	ENSG00000009335	ENSMUSG00000039000	Ube3c	ortholog_one2one	93.3518	best_ensembl_ortholog
408	DNAJB6	ENSG00000105993	ENSMUSG00000029131	Dnajb6	ortholog_one2one	85.5828	best_ensembl_ortholog
409	MSRA	ENSG00000175806	ENSMUSG00000054733	Msra	ortholog_one2one	73.617	best_ensembl_ortholog
410	FDFT1	ENSG00000079459	ENSMUSG00000021273	Fdft1	ortholog_one2one	87.53	best_ensembl_ortholog
411	PCM1	ENSG00000078674	ENSMUSG00000031592	Pcm1	ortholog_one2one	88.7352	best_ensembl_ortholog
412	ASAH1	ENSG00000104763	ENSMUSG00000031591	Asah1	ortholog_one2one	79.2405	best_ensembl_ortholog
413	XPO7	ENSG00000130227	ENSMUSG00000022100	Xpo7	ortholog_one2one	99.264	best_ensembl_ortholog
414	SORBS3	ENSG00000120896	ENSMUSG00000022091	Sorbs3	ortholog_one2one	78.9866	best_ensembl_ortholog
415	BNIP3L	ENSG00000104765	ENSMUSG00000022051	Bnip3l	ortholog_one2one	96.8036	best_ensembl_ortholog
416	PTK2B	ENSG00000120899	ENSMUSG00000059456	Ptk2b	ortholog_one2one	95.441	best_ensembl_ortholog
417	ZNF395	ENSG00000186918	ENSMUSG00000034522	Zfp395	ortholog_one2one	82.0663	best_ensembl_ortholog
418	DUSP4	ENSG00000120875	ENSMUSG00000031530	Dusp4	ortholog_one2one	96.9543	best_ensembl_ortholog
419	GTF2E2	ENSG00000197265	ENSMUSG00000031585	Gtf2e2	ortholog_one2one	94.1581	best_ensembl_ortholog
420	EIF4EBP1	ENSG00000187840	ENSMUSG00000031490	Eif4ebp1	ortholog_one2one	90.678	best_ensembl_ortholog
421	KAT6A	ENSG00000083168	ENSMUSG00000031540	Kat6a	ortholog_one2one	88.3234	best_ensembl_ortholog
422	IKBKB	ENSG00000104365	ENSMUSG00000031537	Ikbkb	ortholog_one2one	92.5926	best_ensembl_ortholog
423	POLB	ENSG00000070501	ENSMUSG00000031536	Polb	ortholog_one2one	96.4179	best_ensembl_ortholog
424	CEBPD	ENSG00000221869	ENSMUSG00000071637	Cebpd	ortholog_one2one	84.7584	best_ensembl_ortholog
425	LYPLA1	ENSG00000120992	ENSMUSG00000025903	Lypla1	ortholog_one2one	91.7391	best_ensembl_ortholog
426	LYN	ENSG00000254087	ENSMUSG00000042228	Lyn	ortholog_one2one	64.0625	best_ensembl_ortholog
427	MTFR1	ENSG00000066855	ENSMUSG00000027601	Mtfr1	ortholog_one2one	76.2763	best_ensembl_ortholog
428	RRS1	ENSG00000179041	ENSMUSG00000061024	Rrs1	ortholog_one2one	90.6849	best_ensembl_ortholog
429	CPNE3	ENSG00000085719	ENSMUSG00000028228	Cpne3	ortholog_one2one	93.6685	best_ensembl_ortholog
430	DECR1	ENSG00000104325	ENSMUSG00000028223	Decr1	ortholog_one2one	82.3881	best_ensembl_ortholog
431	CCNE2	ENSG00000175305	ENSMUSG00000028212	Ccne2	ortholog_one2one	92.3267	best_ensembl_ortholog
432	MTERF3	ENSG00000156469	ENSMUSG00000021519	Mterf3	ortholog_one2one	75.7794	best_ensembl_ortholog
433	POLR2K	ENSG00000147669	ENSMUSG00000045996	Polr2k	case_insensitive_symbol_fallback		exact_symbol_fallback
434	EXT1	ENSG00000182197	ENSMUSG00000061731	Ext1	ortholog_one2one	99.3298	best_ensembl_ortholog
435	TBC1D31	ENSG00000156787	ENSMUSG00000022364	Tbc1d31	ortholog_one2one	78.7054	best_ensembl_ortholog
436	WASHC5	ENSG00000164961	ENSMUSG00000022350	Washc5	ortholog_one2one	95.7722	best_ensembl_ortholog
437	TRIB1	ENSG00000173334	ENSMUSG00000032501	Trib1	ortholog_one2one	93.8172	best_ensembl_ortholog
438	MYC	ENSG00000136997	ENSMUSG00000022346	Myc	ortholog_one2one	90.0881	best_ensembl_ortholog
439	PTK2	ENSG00000169398	ENSMUSG00000022607	Ptk2	ortholog_one2one	96.8978	best_ensembl_ortholog
440	TSTA3	ENSG00000104522	ENSMUSG00000022570	Gfus	ortholog_one2one	93.7695	best_ensembl_ortholog
441	PUF60	ENSG00000179950	ENSMUSG00000002524	Puf60	ortholog_one2one	78.5331	best_ensembl_ortholog
442	EXOSC4	ENSG00000178896	ENSMUSG00000034259	Exosc4	ortholog_one2one	95.9184	best_ensembl_ortholog
443	VPS28	ENSG00000160948	ENSMUSG00000115987	Vps28	ortholog_one2one	98.6425	best_ensembl_ortholog
444	PSIP1	ENSG00000164985	ENSMUSG00000028484	Psip1	ortholog_one2one	92.2642	best_ensembl_ortholog
445	RRAGA	ENSG00000155876	ENSMUSG00000070934	Rraga	ortholog_one2one	100.0	best_ensembl_ortholog
446	RPS6	ENSG00000137154	ENSMUSG00000028495	Rps6	case_insensitive_symbol_fallback		exact_symbol_fallback
447	KLHL9	ENSG00000198642	ENSMUSG00000070923	Klhl9	ortholog_one2one	98.7034	best_ensembl_ortholog
448	CDKN2A	ENSG00000147889	ENSMUSG00000044303	Cdkn2a	ortholog_one2one	62.1795	best_ensembl_ortholog
449	TESK1	ENSG00000107140	ENSMUSG00000028458	Tesk1	ortholog_one2one	92.9712	best_ensembl_ortholog
450	MELK	ENSG00000165304	ENSMUSG00000035683	Melk	ortholog_one2one	83.1029	best_ensembl_ortholog
451	SHB	ENSG00000107338	ENSMUSG00000044813	Shb	ortholog_one2one	92.7308	best_ensembl_ortholog
452	TMEM2	ENSG00000135048	ENSMUSG00000024754	Cemip2	ortholog_one2one	86.7679	best_ensembl_ortholog
453	TLE1	ENSG00000196781	ENSMUSG00000008305	Tle1	ortholog_one2one	97.6623	best_ensembl_ortholog
454	CTSL	ENSG00000135047	ENSMUSG00000021477	Ctsl	case_insensitive_symbol_fallback		exact_symbol_fallback
455	SYK	ENSG00000165025	ENSMUSG00000021457	Syk	ortholog_one2one	91.4961	best_ensembl_ortholog
456	NFIL3	ENSG00000165030	ENSMUSG00000056749	Nfil3	ortholog_one2one	84.4156	best_ensembl_ortholog
457	TEX10	ENSG00000136891	ENSMUSG00000028345	Tex10	ortholog_one2one	88.8052	best_ensembl_ortholog
458	IKBKAP	ENSG00000070061	ENSMUSG00000028431	Elp1	ortholog_one2one	81.0811	best_ensembl_ortholog
459	CTNNAL1	ENSG00000119326	ENSMUSG00000038816	Ctnnal1	ortholog_one2one	87.3297	best_ensembl_ortholog
460	PRPF4	ENSG00000136875	ENSMUSG00000066148	Prpf4	ortholog_one2one	99.0403	best_ensembl_ortholog
461	TLR4	ENSG00000136869	ENSMUSG00000039005	Tlr4	ortholog_one2one	66.8653	best_ensembl_ortholog
462	C5	ENSG00000106804	ENSMUSG00000026874	Hc	ortholog_one2one	77.7446	best_ensembl_ortholog
463	STXBP1	ENSG00000136854	ENSMUSG00000026797	Stxbp1	ortholog_one2one	97.8114	best_ensembl_ortholog
464	FPGS	ENSG00000136877	ENSMUSG00000009566	Fpgs	ortholog_one2one	82.1124	best_ensembl_ortholog
465	DNM1	ENSG00000106976	ENSMUSG00000026825	Dnm1	ortholog_one2one	96.7593	best_ensembl_ortholog
466	SPTAN1	ENSG00000197694	ENSMUSG00000057738	Sptan1	ortholog_one2one	98.2237	best_ensembl_ortholog
467	TOR1A	ENSG00000136827	ENSMUSG00000026849	Tor1a	ortholog_one2one	90.9639	best_ensembl_ortholog
468	ABL1	ENSG00000097007	ENSMUSG00000026842	Abl1	ortholog_one2one	86.4602	best_ensembl_ortholog
469	RALGDS	ENSG00000160271	ENSMUSG00000026821	Ralgds	ortholog_one2one	80.6346	best_ensembl_ortholog
470	SLC2A6	ENSG00000160326	ENSMUSG00000036067	Slc2a6	ortholog_one2one	80.8679	best_ensembl_ortholog
471	MRPS2	ENSG00000122140	ENSMUSG00000035772	Mrps2	ortholog_one2one	69.5946	best_ensembl_ortholog
472	NOTCH1	ENSG00000148400	ENSMUSG00000026923	Notch1	ortholog_one2one	90.6458	best_ensembl_ortholog
473	NPDC1	ENSG00000107281	ENSMUSG00000015094	Npdc1	ortholog_one2one	75.0769	best_ensembl_ortholog
474	NET1	ENSG00000173848	ENSMUSG00000021215	Net1	ortholog_one2one	76.3423	best_ensembl_ortholog
475	PRKCQ	ENSG00000065675	ENSMUSG00000026778	Prkcq	ortholog_one2one	94.7592	best_ensembl_ortholog
476	GATA3	ENSG00000107485	ENSMUSG00000015619	Gata3	ortholog_one2one	96.3964	best_ensembl_ortholog
477	USP6NL	ENSG00000148429	ENSMUSG00000039046	Usp6nl	ortholog_one2one	82.1256	best_ensembl_ortholog
478	RPP38	ENSG00000152464	ENSMUSG00000049950	Rpp38	ortholog_one2one	75.9717	best_ensembl_ortholog
479	RSU1	ENSG00000148484	ENSMUSG00000026727	Rsu1	ortholog_one2one	97.1119	best_ensembl_ortholog
480	YME1L1	ENSG00000136758	ENSMUSG00000026775	Yme1l1	ortholog_one2one	95.1117	best_ensembl_ortholog
481	BAMBI	ENSG00000095739	ENSMUSG00000024232	Bambi	ortholog_one2one	93.0769	best_ensembl_ortholog
482	CISD1	ENSG00000122873	ENSMUSG00000037710	Cisd1	ortholog_one2one	86.1111	best_ensembl_ortholog
483	CDK1	ENSG00000170312	ENSMUSG00000019942	Cdk1	ortholog_one2one	96.9697	best_ensembl_ortholog
484	ARID5B	ENSG00000150347	ENSMUSG00000019947	Arid5b	ortholog_one2one	88.0471	best_ensembl_ortholog
485	ADO	ENSG00000181915	ENSMUSG00000057134	Ado	ortholog_one2one	85.1852	best_ensembl_ortholog
486	KIF1BP	ENSG00000198954	ENSMUSG00000036955	Kifbp	ortholog_one2one	91.7874	best_ensembl_ortholog
487	SUPV3L1	ENSG00000156502	ENSMUSG00000020079	Supv3l1	ortholog_one2one	87.4046	best_ensembl_ortholog
488	HK1	ENSG00000156515	ENSMUSG00000037012	Hk1	ortholog_one2one	92.8026	best_ensembl_ortholog
489	PCBD1	ENSG00000166228	ENSMUSG00000020098	Pcbd1	ortholog_one2one	99.0385	best_ensembl_ortholog
490	DDIT4	ENSG00000168209	ENSMUSG00000020108	Ddit4	ortholog_one2one	90.5172	best_ensembl_ortholog
491	ECD	ENSG00000122882	ENSMUSG00000021810	Ecd	ortholog_one2one	78.2609	best_ensembl_ortholog
492	MRPS16	ENSG00000182180	ENSMUSG00000049960	Mrps16	ortholog_one2one	89.781	best_ensembl_ortholog
493	ANXA7	ENSG00000138279	ENSMUSG00000021814	Anxa7	ortholog_one2one	92.0601	best_ensembl_ortholog
494	KAT6B	ENSG00000156650	ENSMUSG00000021767	Kat6b	ortholog_one2one	77.2311	best_ensembl_ortholog
495	ZMIZ1	ENSG00000108175	ENSMUSG00000007817	Zmiz1	ortholog_one2one	98.0319	best_ensembl_ortholog
496	FAS	ENSG00000026103	ENSMUSG00000024778	Fas	ortholog_one2one	48.9552	best_ensembl_ortholog
497	LIPA	ENSG00000107798	ENSMUSG00000024781	Lipa	ortholog_one2one	73.9348	best_ensembl_ortholog
498	IDE	ENSG00000119912	ENSMUSG00000056999	Ide	ortholog_one2one	95.1914	best_ensembl_ortholog
499	PDLIM1	ENSG00000107438	ENSMUSG00000055044	Pdlim1	ortholog_one2one	88.7538	best_ensembl_ortholog
500	TM9SF3	ENSG00000077147	ENSMUSG00000025016	Tm9sf3	ortholog_one2one	98.9813	best_ensembl_ortholog
501	RRP12	ENSG00000052749	ENSMUSG00000035049	Rrp12	ortholog_one2one	90.2082	best_ensembl_ortholog
502	PGAM1	ENSG00000171314	ENSMUSG00000011752	Pgam1	ortholog_one2one	99.6063	best_ensembl_ortholog
503	NOLC1	ENSG00000166197	ENSMUSG00000015176	Nolc1	ortholog_one2one	71.6738	best_ensembl_ortholog
504	NFKB2	ENSG00000077150	ENSMUSG00000025225	Nfkb2	ortholog_one2one	91.7778	best_ensembl_ortholog
505	XPNPEP1	ENSG00000108039	ENSMUSG00000025027	Xpnpep1	ortholog_one2one	89.6396	best_ensembl_ortholog
506	SMNDC1	ENSG00000119953	ENSMUSG00000025024	Smndc1	ortholog_one2one	99.5798	best_ensembl_ortholog
507	SMC3	ENSG00000108055	ENSMUSG00000024974	Smc3	ortholog_one2one	99.9178	best_ensembl_ortholog
508	ZDHHC6	ENSG00000023041	ENSMUSG00000024982	Zdhhc6	ortholog_one2one	92.2518	best_ensembl_ortholog
509	CASP7	ENSG00000165806	ENSMUSG00000025076	Casp7	ortholog_one2one	82.1782	best_ensembl_ortholog
510	RAB11FIP2	ENSG00000107560	ENSMUSG00000040022	Rab11fip2	ortholog_one2one	93.3594	best_ensembl_ortholog
511	BAG3	ENSG00000151929	ENSMUSG00000030847	Bag3	ortholog_one2one	84.8696	best_ensembl_ortholog
512	FGFR2	ENSG00000066468	ENSMUSG00000030849	Fgfr2	ortholog_one2one	97.5639	best_ensembl_ortholog
513	HTRA1	ENSG00000166033	ENSMUSG00000006205	Htra1	ortholog_one2one	91.875	best_ensembl_ortholog
514	BNIP3	ENSG00000176171	ENSMUSG00000078566	Bnip3	ortholog_one2one	90.7216	best_ensembl_ortholog
515	SIRT3	ENSG00000142082	ENSMUSG00000025486	Sirt3	ortholog_one2one	54.6366	best_ensembl_ortholog
516	RNH1	ENSG00000023191	ENSMUSG00000038650	Rnh1	ortholog_one2one	72.885	best_ensembl_ortholog
517	TSPAN4	ENSG00000214063	ENSMUSG00000025511	Tspan4	ortholog_one2one	92.437	best_ensembl_ortholog
518	CTSD	ENSG00000117984	ENSMUSG00000007891	Ctsd	ortholog_one2one	80.5825	best_ensembl_ortholog
519	ARFIP2	ENSG00000132254	ENSMUSG00000030881	Arfip2	ortholog_one2one	99.1202	best_ensembl_ortholog
520	RRP8	ENSG00000132275	ENSMUSG00000030888	Rrp8	ortholog_one2one	75.8772	best_ensembl_ortholog
521	ILK	ENSG00000166333	ENSMUSG00000030890	Ilk	ortholog_one2one	99.5575	best_ensembl_ortholog
522	NUCB2	ENSG00000070081	ENSMUSG00000030659	Nucb2	ortholog_one2one	85.7143	best_ensembl_ortholog
523	CAT	ENSG00000121691	ENSMUSG00000027187	Cat	ortholog_one2one	89.3738	best_ensembl_ortholog
524	PDHX	ENSG00000110435	ENSMUSG00000010914	Pdhx	ortholog_one2one	85.0299	best_ensembl_ortholog
525	CD44	ENSG00000026508	ENSMUSG00000005087	Cd44	ortholog_one2one	70.2156	best_ensembl_ortholog
526	ARHGAP1	ENSG00000175220	ENSMUSG00000027247	Arhgap1	ortholog_one2one	96.5831	best_ensembl_ortholog
527	PACSIN3	ENSG00000165912	ENSMUSG00000027257	Pacsin3	ortholog_one2one	94.3396	best_ensembl_ortholog
528	DDB2	ENSG00000134574	ENSMUSG00000002109	Ddb2	ortholog_one2one	78.4543	best_ensembl_ortholog
529	UBE2L6	ENSG00000156587	ENSMUSG00000027078	Ube2l6	ortholog_one2one	76.4706	best_ensembl_ortholog
530	CTNND1	ENSG00000198561	ENSMUSG00000034101	Ctnnd1	ortholog_one2one	86.5703	best_ensembl_ortholog
531	CCDC86	ENSG00000110104	ENSMUSG00000024732	Ccdc86	ortholog_one2one	70.2778	best_ensembl_ortholog
532	TMEM109	ENSG00000110108	ENSMUSG00000034659	Tmem109	ortholog_one2one	75.3086	best_ensembl_ortholog
533	EML3	ENSG00000149499	ENSMUSG00000071647	Eml3	ortholog_one2one	93.6384	best_ensembl_ortholog
534	PLCB3	ENSG00000149782	ENSMUSG00000024960	Plcb3	ortholog_one2one	92.2204	best_ensembl_ortholog
535	BAD	ENSG00000002330	ENSMUSG00000024959	Bad	ortholog_one2one	75.0	best_ensembl_ortholog
536	CAPN1	ENSG00000014216	ENSMUSG00000024942	Capn1	ortholog_one2one	88.9356	best_ensembl_ortholog
537	CCDC85B	ENSG00000175602	ENSMUSG00000095098	Ccdc85b	ortholog_one2one	98.5149	best_ensembl_ortholog
538	FOSL1	ENSG00000175592	ENSMUSG00000024912	Fosl1	ortholog_one2one	90.7749	best_ensembl_ortholog
539	DRAP1	ENSG00000175550	ENSMUSG00000024914	Drap1	ortholog_one2one	91.7073	best_ensembl_ortholog
540	B4GAT1	ENSG00000174684	ENSMUSG00000047379	B4gat1	ortholog_one2one	96.6265	best_ensembl_ortholog
541	RAD9A	ENSG00000172613	ENSMUSG00000024824	Rad9a	ortholog_one2one	81.8414	best_ensembl_ortholog
542	POLD4	ENSG00000175482	ENSMUSG00000024854	Pold4	ortholog_one2one	83.1776	best_ensembl_ortholog
543	IGHMBP2	ENSG00000132740	ENSMUSG00000024831	Ighmbp2	ortholog_one2one	77.6435	best_ensembl_ortholog
544	CCND1	ENSG00000110092	ENSMUSG00000070348	Ccnd1	ortholog_one2one	93.8983	best_ensembl_ortholog
545	CTTN	ENSG00000085733	ENSMUSG00000031078	Cttn	ortholog_one2one	92.1818	best_ensembl_ortholog
546	GDPD5	ENSG00000158555	ENSMUSG00000035314	Gdpd5	ortholog_one2one	90.7438	best_ensembl_ortholog
547	TSKU	ENSG00000182704	ENSMUSG00000049580	Tsku	ortholog_one2one	84.7026	best_ensembl_ortholog
548	PAK1	ENSG00000149269	ENSMUSG00000030774	Pak1	ortholog_one2one	99.0826	best_ensembl_ortholog
549	PRCP	ENSG00000137509	ENSMUSG00000061119	Prcp	ortholog_one2one	76.8145	best_ensembl_ortholog
550	EED	ENSG00000074266	ENSMUSG00000030619	Eed	ortholog_one2one	100.0	best_ensembl_ortholog
551	PRSS23	ENSG00000150687	ENSMUSG00000039405	Prss23	ortholog_one2one	90.6005	best_ensembl_ortholog
552	CEP57	ENSG00000166037	ENSMUSG00000031922	Cep57	ortholog_one2one	87.6	best_ensembl_ortholog
553	BIRC2	ENSG00000110330	ENSMUSG00000057367	Birc2	ortholog_one2one	83.3333	best_ensembl_ortholog
554	MMP1	ENSG00000196611	ENSMUSG00000043089	Mmp1a	ortholog_one2many	58.6354	best_ensembl_ortholog
555	SLC35F2	ENSG00000110660	ENSMUSG00000042195	Slc35f2	ortholog_one2one	89.8396	best_ensembl_ortholog
556	DDX10	ENSG00000178105	ENSMUSG00000053289	Ddx10	ortholog_one2one	85.1429	best_ensembl_ortholog
557	ZW10	ENSG00000086827	ENSMUSG00000032264	Zw10	ortholog_one2one	86.1361	best_ensembl_ortholog
558	SLC37A4	ENSG00000137700	ENSMUSG00000032114	Slc37a4	ortholog_one2one	92.7739	best_ensembl_ortholog
559	HYOU1	ENSG00000149428	ENSMUSG00000032115	Hyou1	ortholog_one2one	92.0921	best_ensembl_ortholog
560	C2CD2L	ENSG00000172375	ENSMUSG00000032120	C2cd2l	ortholog_one2one	90.9348	best_ensembl_ortholog
561	ARHGEF12	ENSG00000196914	ENSMUSG00000059495	Arhgef12	ortholog_one2one	89.3135	best_ensembl_ortholog
562	HSPA8	ENSG00000109971	ENSMUSG00000015656	Hspa8	case_insensitive_symbol_fallback		exact_symbol_fallback
563	CHEK1	ENSG00000149554	ENSMUSG00000032113	Chek1	ortholog_one2one	93.0672	best_ensembl_ortholog
564	ETS1	ENSG00000134954	ENSMUSG00000032035	Ets1	ortholog_one2one	62.0619	best_ensembl_ortholog
565	KDM5A	ENSG00000073614	ENSMUSG00000030180	Kdm5a	ortholog_one2one	96.6864	best_ensembl_ortholog
566	FKBP4	ENSG00000004478	ENSMUSG00000030357	Fkbp4	ortholog_one2one	89.5425	best_ensembl_ortholog
567	NCAPD2	ENSG00000010292	ENSMUSG00000038252	Ncapd2	ortholog_one2one	86.01	best_ensembl_ortholog
568	GAPDH	ENSG00000111640	ENSMUSG00000057666	Gapdh	ortholog_one2many	93.4328	best_ensembl_ortholog
569	COPS7A	ENSG00000111652	ENSMUSG00000030127	Cops7a	ortholog_one2one	98.9091	best_ensembl_ortholog
570	PTPN6	ENSG00000111679	ENSMUSG00000004266	Ptpn6	ortholog_one2one	94.4538	best_ensembl_ortholog
571	CDKN1B	ENSG00000111276	ENSMUSG00000003031	Cdkn1b	ortholog_one2one	87.3737	best_ensembl_ortholog
572	HEBP1	ENSG00000013583	ENSMUSG00000042770	Hebp1	ortholog_one2one	85.7143	best_ensembl_ortholog
573	DERA	ENSG00000023697	ENSMUSG00000030225	Dera	ortholog_one2one	92.4528	best_ensembl_ortholog
574	GOLT1B	ENSG00000111711	ENSMUSG00000030245	Golt1b	ortholog_one2one	98.5507	best_ensembl_ortholog
575	C2CD5	ENSG00000111731	ENSMUSG00000030279	C2cd5	ortholog_one2one	80.6851	best_ensembl_ortholog
576	DNM1L	ENSG00000087470	ENSMUSG00000022789	Dnm1l	ortholog_one2one	93.8859	best_ensembl_ortholog
577	ATF1	ENSG00000123268	ENSMUSG00000023027	Atf1	ortholog_one2one	90.7749	best_ensembl_ortholog
578	SLC11A2	ENSG00000110911	ENSMUSG00000023030	Slc11a2	ortholog_one2one	89.6613	best_ensembl_ortholog
579	CDK2	ENSG00000123374	ENSMUSG00000025358	Cdk2	ortholog_one2one	98.9933	best_ensembl_ortholog
580	ERBB3	ENSG00000065361	ENSMUSG00000018166	Erbb3	ortholog_one2one	90.6855	best_ensembl_ortholog
581	PAN2	ENSG00000135473	ENSMUSG00000005682	Pan2	ortholog_one2one	96.3272	best_ensembl_ortholog
582	TIMELESS	ENSG00000111602	ENSMUSG00000039994	Timeless	ortholog_one2one	83.6093	best_ensembl_ortholog
583	CDK4	ENSG00000135446	ENSMUSG00000006728	Cdk4	ortholog_one2one	94.7195	best_ensembl_ortholog
584	TMEM5	ENSG00000118600	ENSMUSG00000034620	Rxylt1	ortholog_one2one	83.2957	best_ensembl_ortholog
585	HMGA2	ENSG00000149948	ENSMUSG00000056758	Hmga2	ortholog_one2one	77.0642	best_ensembl_ortholog
586	FRS2	ENSG00000166225	ENSMUSG00000020170	Frs2	ortholog_one2one	95.8661	best_ensembl_ortholog
587	RAB21	ENSG00000080371	ENSMUSG00000020132	Rab21	ortholog_one2one	96.0	best_ensembl_ortholog
588	DUSP6	ENSG00000139318	ENSMUSG00000019960	Dusp6	ortholog_one2one	98.1627	best_ensembl_ortholog
589	SOCS2	ENSG00000120833	ENSMUSG00000020027	Socs2	ortholog_one2one	93.4343	best_ensembl_ortholog
590	TXNRD1	ENSG00000198431	ENSMUSG00000020250	Txnrd1	ortholog_one2one	70.416	best_ensembl_ortholog
591	WASHC4	ENSG00000136051	ENSMUSG00000034560	Washc4	ortholog_one2one	96.7604	best_ensembl_ortholog
592	PWP1	ENSG00000136045	ENSMUSG00000001785	Pwp1	ortholog_one2one	89.8204	best_ensembl_ortholog
593	UBE3B	ENSG00000151148	ENSMUSG00000029577	Ube3b	ortholog_one2one	92.3221	best_ensembl_ortholog
594	TCTN1	ENSG00000204852	ENSMUSG00000038593	Tctn1	ortholog_one2one	70.2703	best_ensembl_ortholog
595	MAPKAPK5	ENSG00000089022	ENSMUSG00000029454	Mapkapk5	ortholog_one2one	97.2399	best_ensembl_ortholog
596	FBXO21	ENSG00000135108	ENSMUSG00000032898	Fbxo21	ortholog_one2one	95.4911	best_ensembl_ortholog
597	RFC5	ENSG00000111445	ENSMUSG00000029363	Rfc5	ortholog_one2one	93.5294	best_ensembl_ortholog
598	PXN	ENSG00000089159	ENSMUSG00000029528	Pxn	ortholog_one2one	60.592	best_ensembl_ortholog
599	MLEC	ENSG00000110917	ENSMUSG00000048578	Mlec	ortholog_one2one	93.4931	best_ensembl_ortholog
600	PSMD9	ENSG00000110801	ENSMUSG00000029440	Psmd9	ortholog_one2one	84.3049	best_ensembl_ortholog
601	CCDC92	ENSG00000119242	ENSMUSG00000037979	Ccdc92	ortholog_one2one	82.1752	best_ensembl_ortholog
602	SCARB1	ENSG00000073060	ENSMUSG00000037936	Scarb1	ortholog_one2one	79.5678	best_ensembl_ortholog
603	PXMP2	ENSG00000176894	ENSMUSG00000029499	Pxmp2	ortholog_one2one	75.8974	best_ensembl_ortholog
604	ZMYM2	ENSG00000121741	ENSMUSG00000021945	Zmym2	ortholog_one2one	96.0784	best_ensembl_ortholog
605	WASF3	ENSG00000132970	ENSMUSG00000029636	Wasf3	ortholog_one2one	93.6255	best_ensembl_ortholog
606	CCNA1	ENSG00000133101	ENSMUSG00000027793	Ccna1	ortholog_one2one	84.323	best_ensembl_ortholog
607	UFM1	ENSG00000120686	ENSMUSG00000027746	Ufm1	ortholog_one2one	100.0	best_ensembl_ortholog
608	DNAJC15	ENSG00000120675	ENSMUSG00000022013	Dnajc15	ortholog_one2one	73.3333	best_ensembl_ortholog
609	RB1	ENSG00000139687	ENSMUSG00000022105	Rb1	ortholog_one2one	90.625	best_ensembl_ortholog
610	TRIM13	ENSG00000204977	ENSMUSG00000035235	Trim13	ortholog_one2one	88.9435	best_ensembl_ortholog
611	MYCBP2	ENSG00000005810	ENSMUSG00000033004	Mycbp2	ortholog_one2one	96.6439	best_ensembl_ortholog
612	MBNL2	ENSG00000139793	ENSMUSG00000022139	Mbnl2	ortholog_one2one	81.0742	best_ensembl_ortholog
613	TM9SF2	ENSG00000125304	ENSMUSG00000025544	Tm9sf2	ortholog_one2one	95.0226	best_ensembl_ortholog
614	COL4A1	ENSG00000187498	ENSMUSG00000031502	Col4a1	ortholog_one2one	90.7729	best_ensembl_ortholog
615	ANKRD10	ENSG00000088448	ENSMUSG00000031508	Ankrd10	ortholog_one2one	77.1429	best_ensembl_ortholog
616	TFDP1	ENSG00000198176	ENSMUSG00000038482	Tfdp1	ortholog_one2one	94.8781	best_ensembl_ortholog
617	PARP2	ENSG00000129484	ENSMUSG00000036023	Parp2	ortholog_one2one	84.7368	best_ensembl_ortholog
618	PNP	ENSG00000198805	ENSMUSG00000115338	Pnp	ortholog_one2many	84.4291	best_ensembl_ortholog
619	ABHD4	ENSG00000100439	ENSMUSG00000040997	Abhd4	ortholog_one2one	96.4912	best_ensembl_ortholog
620	OXA1L	ENSG00000155463	ENSMUSG00000000959	Oxa1l	ortholog_one2one	74.4828	best_ensembl_ortholog
621	LRP10	ENSG00000197324	ENSMUSG00000022175	Lrp10	ortholog_one2one	87.6578	best_ensembl_ortholog
622	PCK2	ENSG00000100889	ENSMUSG00000040618	Pck2	ortholog_one2one	92.1875	best_ensembl_ortholog
623	PSME1	ENSG00000092010	ENSMUSG00000022216	Psme1	ortholog_one2one	94.7791	best_ensembl_ortholog
624	PSME2	ENSG00000100911	ENSMUSG00000078153	Psme2b	ortholog_one2many	93.7238	best_ensembl_ortholog
625	NFATC4	ENSG00000100968	ENSMUSG00000023411	Nfatc4	ortholog_one2one	92.5721	best_ensembl_ortholog
626	EAPP	ENSG00000129518	ENSMUSG00000054302	Eapp	ortholog_one2one	86.6667	best_ensembl_ortholog
627	SNX6	ENSG00000129515	ENSMUSG00000005656	Snx6	ortholog_one2one	99.5074	best_ensembl_ortholog
628	PPP2R3C	ENSG00000092020	ENSMUSG00000021022	Ppp2r3c	ortholog_one2one	98.234	best_ensembl_ortholog
629	NFKBIA	ENSG00000100906	ENSMUSG00000021025	Nfkbia	ortholog_one2one	89.9054	best_ensembl_ortholog
630	POLE2	ENSG00000100479	ENSMUSG00000020974	Pole2	ortholog_one2one	90.1328	best_ensembl_ortholog
631	KLHDC2	ENSG00000165516	ENSMUSG00000020978	Klhdc2	ortholog_one2one	96.798	best_ensembl_ortholog
632	ATP5S	ENSG00000125375	ENSMUSG00000054894	Dmac2l	ortholog_one2one	78.0	best_ensembl_ortholog
633	PYGL	ENSG00000100504	ENSMUSG00000021069	Pygl	ortholog_one2one	94.5691	best_ensembl_ortholog
634	ERO1A	ENSG00000197930	ENSMUSG00000021831	Ero1a	ortholog_one2one	91.8803	best_ensembl_ortholog
635	BMP4	ENSG00000125378	ENSMUSG00000021835	Bmp4	ortholog_one2one	97.3039	best_ensembl_ortholog
636	CGRRF1	ENSG00000100532	ENSMUSG00000055128	Cgrrf1	ortholog_one2one	83.7349	best_ensembl_ortholog
637	MAPK1IP1L	ENSG00000168175	ENSMUSG00000021840	Mapk1ip1l	ortholog_one2many	80.0	best_ensembl_ortholog
638	KTN1	ENSG00000126777	ENSMUSG00000021843	Ktn1	ortholog_one2one	79.5873	best_ensembl_ortholog
639	TIMM9	ENSG00000100575	ENSMUSG00000021079	Timm9	ortholog_one2one	97.7528	best_ensembl_ortholog
640	DHRS7	ENSG00000100612	ENSMUSG00000021094	Dhrs7	ortholog_one2many	79.351	best_ensembl_ortholog
641	MNAT1	ENSG00000020426	ENSMUSG00000021103	Mnat1	ortholog_one2one	95.4693	best_ensembl_ortholog
642	PRKCH	ENSG00000027075	ENSMUSG00000021108	Prkch	ortholog_one2one	97.6574	best_ensembl_ortholog
643	HIF1A	ENSG00000100644	ENSMUSG00000021109	Hif1a	ortholog_one2one	90.4358	best_ensembl_ortholog
644	PPP2R5E	ENSG00000154001	ENSMUSG00000021051	Ppp2r5e	ortholog_one2one	99.7859	best_ensembl_ortholog
645	SYNE2	ENSG00000054654	ENSMUSG00000063450	Syne2	ortholog_one2one	70.3779	best_ensembl_ortholog
646	ATP6V1D	ENSG00000100554	ENSMUSG00000021114	Atp6v1d	ortholog_one2one	98.3806	best_ensembl_ortholog
647	TMED10	ENSG00000170348	ENSMUSG00000021248	Tmed10	ortholog_one2one	92.6941	best_ensembl_ortholog
648	FOS	ENSG00000170345	ENSMUSG00000021250	Fos	ortholog_one2one	91.3158	best_ensembl_ortholog
649	TGFB3	ENSG00000119699	ENSMUSG00000021253	Tgfb3	ortholog_one2one	97.5728	best_ensembl_ortholog
650	GSTZ1	ENSG00000100577	ENSMUSG00000021033	Gstz1	ortholog_one2one	85.1852	best_ensembl_ortholog
651	SPTLC2	ENSG00000100596	ENSMUSG00000021036	Sptlc2	ortholog_one2one	96.0854	best_ensembl_ortholog
652	LGMN	ENSG00000100600	ENSMUSG00000021190	Lgmn	ortholog_one2one	83.3718	best_ensembl_ortholog
653	UBR7	ENSG00000012963	ENSMUSG00000041712	Ubr7	ortholog_one2one	86.8235	best_ensembl_ortholog
654	EVL	ENSG00000196405	ENSMUSG00000021262	Evl	ortholog_one2one	88.2775	best_ensembl_ortholog
655	MOK	ENSG00000080823	ENSMUSG00000056458	Mok	ortholog_one2one	83.5322	best_ensembl_ortholog
656	EIF5	ENSG00000100664	ENSMUSG00000021282	Eif5	ortholog_one2one	97.2158	best_ensembl_ortholog
657	PPP1R13B	ENSG00000088808	ENSMUSG00000021285	Ppp1r13b	ortholog_one2one	91.7431	best_ensembl_ortholog
658	AKT1	ENSG00000142208	ENSMUSG00000001729	Akt1	ortholog_one2one	98.3333	best_ensembl_ortholog
659	CDCA4	ENSG00000170779	ENSMUSG00000047832	Cdca4	ortholog_one2one	73.029	best_ensembl_ortholog
660	MTA1	ENSG00000182979	ENSMUSG00000021144	Mta1	ortholog_one2one	94.8252	best_ensembl_ortholog
661	TJP1	ENSG00000104067	ENSMUSG00000030516	Tjp1	ortholog_one2one	87.9525	best_ensembl_ortholog
662	BUB1B	ENSG00000156970	ENSMUSG00000040084	Bub1b	ortholog_one2one	75.0476	best_ensembl_ortholog
663	PAK6	ENSG00000137843	ENSMUSG00000074923	Pak6	ortholog_one2one	92.6579	best_ensembl_ortholog
664	CHAC1	ENSG00000128965	ENSMUSG00000027313	Chac1	ortholog_one2one	88.2883	best_ensembl_ortholog
665	CHP1	ENSG00000187446	ENSMUSG00000014077	Chp1	ortholog_one2one	98.9744	best_ensembl_ortholog
666	NUSAP1	ENSG00000137804	ENSMUSG00000027306	Nusap1	ortholog_one2one	61.9048	best_ensembl_ortholog
667	TP53BP1	ENSG00000067369	ENSMUSG00000043909	Trp53bp1	ortholog_one2one	80.8295	best_ensembl_ortholog
668	SQRDL	ENSG00000137767	ENSMUSG00000005803	Sqor	ortholog_one2one	86.8889	best_ensembl_ortholog
669	GABPB1	ENSG00000104064	ENSMUSG00000027361	Gabpb1	ortholog_one2one	85.6397	best_ensembl_ortholog
670	GNB5	ENSG00000069966	ENSMUSG00000032192	Gnb5	ortholog_one2one	88.8608	best_ensembl_ortholog
671	ARPP19	ENSG00000128989	ENSMUSG00000007656	Arpp19	ortholog_one2one	99.1071	best_ensembl_ortholog
672	RAB27A	ENSG00000069974	ENSMUSG00000032202	Rab27a	ortholog_one2one	95.9276	best_ensembl_ortholog
673	PIGB	ENSG00000069943	ENSMUSG00000079469	Pigb	ortholog_one2one	76.8953	best_ensembl_ortholog
674	ADAM10	ENSG00000137845	ENSMUSG00000054693	Adam10	ortholog_one2one	96.123	best_ensembl_ortholog
675	CCNB2	ENSG00000157456	ENSMUSG00000032218	Ccnb2	ortholog_one2one	89.4472	best_ensembl_ortholog
676	GTF2A2	ENSG00000140307	ENSMUSG00000033543	Gtf2a2	ortholog_one2one	99.0826	best_ensembl_ortholog
677	TPM1	ENSG00000140416	ENSMUSG00000032366	Tpm1	ortholog_one2one	99.2958	best_ensembl_ortholog
678	CLPX	ENSG00000166855	ENSMUSG00000015357	Clpx	ortholog_one2one	86.2559	best_ensembl_ortholog
679	HACD3	ENSG00000074696	ENSMUSG00000033629	Hacd3	ortholog_one2one	91.1602	best_ensembl_ortholog
680	SMAD3	ENSG00000166949	ENSMUSG00000032402	Smad3	ortholog_one2one	100.0	best_ensembl_ortholog
681	MAP2K5	ENSG00000137764	ENSMUSG00000058444	Map2k5	ortholog_one2one	97.5446	best_ensembl_ortholog
682	LOXL1	ENSG00000129038	ENSMUSG00000032334	Loxl1	ortholog_one2one	91.115	best_ensembl_ortholog
683	CSK	ENSG00000103653	ENSMUSG00000032312	Csk	ortholog_one2one	99.1111	best_ensembl_ortholog
684	TSPAN3	ENSG00000140391	ENSMUSG00000032324	Tspan3	ortholog_one2one	97.2332	best_ensembl_ortholog
685	WDR61	ENSG00000140395	ENSMUSG00000061559	Skic8	ortholog_one2one	97.3771	best_ensembl_ortholog
686	FAH	ENSG00000103876	ENSMUSG00000030630	Fah	ortholog_one2one	88.5442	best_ensembl_ortholog
687	ARNT2	ENSG00000172379	ENSMUSG00000015709	Arnt2	ortholog_one2one	97.0711	best_ensembl_ortholog
688	HOMER2	ENSG00000103942	ENSMUSG00000025813	Homer2	ortholog_one2one	94.4606	best_ensembl_ortholog
689	HDGFRP3	ENSG00000166503	ENSMUSG00000025104	Hdgfl3	ortholog_one2one	96.5517	best_ensembl_ortholog
690	PEX11A	ENSG00000166821	ENSMUSG00000030545	Pex11a	ortholog_one2one	77.7328	best_ensembl_ortholog
691	NGRN	ENSG00000182768	ENSMUSG00000047084	Ngrn	ortholog_one2one	71.8213	best_ensembl_ortholog
692	IQGAP1	ENSG00000140575	ENSMUSG00000030536	Iqgap1	ortholog_one2one	95.9566	best_ensembl_ortholog
693	IGF1R	ENSG00000140443	ENSMUSG00000005533	Igf1r	ortholog_one2one	96.1229	best_ensembl_ortholog
694	AXIN1	ENSG00000103126	ENSMUSG00000024182	Axin1	ortholog_one2one	87.355	best_ensembl_ortholog
695	STUB1	ENSG00000103266	ENSMUSG00000039615	Stub1	ortholog_one2one	97.6898	best_ensembl_ortholog
696	METRN	ENSG00000103260	ENSMUSG00000002274	Metrn	ortholog_one2one	80.2048	best_ensembl_ortholog
697	NARFL	ENSG00000103245	ENSMUSG00000002280	Ciao3	ortholog_one2one	87.605	best_ensembl_ortholog
698	HN1L	ENSG00000206053	ENSMUSG00000024165	Jpt2	ortholog_one2many	79.4737	best_ensembl_ortholog
699	SYNGR3	ENSG00000127561	ENSMUSG00000007021	Syngr3	ortholog_one2one	93.8865	best_ensembl_ortholog
700	RNPS1	ENSG00000205937	ENSMUSG00000034681	Rnps1	ortholog_one2one	100.0	best_ensembl_ortholog
701	CCNF	ENSG00000162063	ENSMUSG00000072082	Ccnf	ortholog_one2one	83.4606	best_ensembl_ortholog
702	AMDHD2	ENSG00000162066	ENSMUSG00000036820	Amdhd2	ortholog_one2one	90.709	best_ensembl_ortholog
703	KCTD5	ENSG00000167977	ENSMUSG00000016946	Kctd5	ortholog_one2one	95.2991	best_ensembl_ortholog
704	TRAP1	ENSG00000126602	ENSMUSG00000005981	Trap1	ortholog_one2one	88.2102	best_ensembl_ortholog
705	DNAJA3	ENSG00000103423	ENSMUSG00000004069	Dnaja3	ortholog_one2one	82.9167	best_ensembl_ortholog
706	PMM2	ENSG00000140650	ENSMUSG00000022711	Pmm2	ortholog_one2one	89.8374	best_ensembl_ortholog
707	USP7	ENSG00000187555	ENSMUSG00000022710	Usp7	ortholog_one2one	99.1833	best_ensembl_ortholog
708	CCP110	ENSG00000103540	ENSMUSG00000033904	Ccp110	ortholog_one2one	70.4339	best_ensembl_ortholog
709	LYRM1	ENSG00000102897	ENSMUSG00000030922	Lyrm1	ortholog_one2one	87.7049	best_ensembl_ortholog
710	COG7	ENSG00000168434	ENSMUSG00000034951	Cog7	ortholog_one2one	92.4675	best_ensembl_ortholog
711	PLK1	ENSG00000166851	ENSMUSG00000030867	Plk1	ortholog_one2one	94.5274	best_ensembl_ortholog
712	IL4R	ENSG00000077238	ENSMUSG00000030748	Il4ra	ortholog_one2one	52.2424	best_ensembl_ortholog
713	MVP	ENSG00000013364	ENSMUSG00000030681	Mvp	ortholog_one2one	88.1299	best_ensembl_ortholog
714	ALDOA	ENSG00000149925	ENSMUSG00000030695	Aldoa	ortholog_one2many	85.1675	best_ensembl_ortholog
715	CORO1A	ENSG00000102879	ENSMUSG00000030707	Coro1a	ortholog_one2one	94.577	best_ensembl_ortholog
716	PHKG2	ENSG00000156873	ENSMUSG00000030815	Phkg2	ortholog_one2one	93.5961	best_ensembl_ortholog
717	STX4	ENSG00000103496	ENSMUSG00000030805	Stx4a	ortholog_one2one	90.2357	best_ensembl_ortholog
718	ITFG1	ENSG00000129636	ENSMUSG00000031703	Itfg1	ortholog_one2one	89.2157	best_ensembl_ortholog
719	PHKB	ENSG00000102893	ENSMUSG00000036879	Phkb	ortholog_one2one	90.6679	best_ensembl_ortholog
720	MMP2	ENSG00000087245	ENSMUSG00000031740	Mmp2	ortholog_one2one	95.9091	best_ensembl_ortholog
721	NUP93	ENSG00000102900	ENSMUSG00000032939	Nup93	ortholog_one2one	97.6801	best_ensembl_ortholog
722	HERPUD1	ENSG00000051108	ENSMUSG00000031770	Herpud1	ortholog_one2one	88.7468	best_ensembl_ortholog
723	CIAPIN1	ENSG00000005194	ENSMUSG00000031781	Ciapin1	ortholog_one2one	81.0897	best_ensembl_ortholog
724	ADGRG1	ENSG00000205336	ENSMUSG00000031785	Adgrg1	ortholog_one2one	79.0393	best_ensembl_ortholog
725	CSNK2A2	ENSG00000070770	ENSMUSG00000046707	Csnk2a2	ortholog_one2one	98.8571	best_ensembl_ortholog
726	NOL3	ENSG00000140939	ENSMUSG00000014776	Nol3	ortholog_one2one	82.2115	best_ensembl_ortholog
727	ACD	ENSG00000102977	ENSMUSG00000038000	Acd	ortholog_one2one	59.1703	best_ensembl_ortholog
728	THAP11	ENSG00000168286	ENSMUSG00000036442	Thap11	ortholog_one2one	92.3567	best_ensembl_ortholog
729	PSMB10	ENSG00000205220	ENSMUSG00000031897	Psmb10	ortholog_one2one	88.2784	best_ensembl_ortholog
730	NFATC3	ENSG00000072736	ENSMUSG00000031902	Nfatc3	ortholog_one2one	89.1163	best_ensembl_ortholog
731	PLA2G15	ENSG00000103066	ENSMUSG00000031903	Pla2g15	ortholog_one2one	88.3495	best_ensembl_ortholog
732	CDH3	ENSG00000062038	ENSMUSG00000061048	Cdh3	ortholog_one2one	82.1472	best_ensembl_ortholog
733	AARS	ENSG00000090861	ENSMUSG00000031960	Aars1	ortholog_one2one	95.5579	best_ensembl_ortholog
734	COG4	ENSG00000103051	ENSMUSG00000031753	Cog4	ortholog_one2one	93.9164	best_ensembl_ortholog
735	TXNL4B	ENSG00000140830	ENSMUSG00000031723	Txnl4b	ortholog_one2one	97.3154	best_ensembl_ortholog
736	ADAT1	ENSG00000065457	ENSMUSG00000031949	Adat1	ortholog_one2one	77.6892	best_ensembl_ortholog
737	TERF2IP	ENSG00000166848	ENSMUSG00000033430	Terf2ip	ortholog_one2one	84.9624	best_ensembl_ortholog
738	ATMIN	ENSG00000166454	ENSMUSG00000047388	Atmin	ortholog_one2one	79.2224	best_ensembl_ortholog
739	MBTPS1	ENSG00000140943	ENSMUSG00000031835	Mbtps1	ortholog_one2one	95.8175	best_ensembl_ortholog
740	FAM57A	ENSG00000167695	ENSMUSG00000069808	Tlcd3a	ortholog_one2one	73.1517	best_ensembl_ortholog
741	GLOD4	ENSG00000167699	ENSMUSG00000017286	Glod4	case_insensitive_symbol_fallback		exact_symbol_fallback
742	TIMM22	ENSG00000177370	ENSMUSG00000020843	Timm22	ortholog_one2one	95.3608	best_ensembl_ortholog
743	CRK	ENSG00000167193	ENSMUSG00000017776	Crk	ortholog_one2one	99.6711	best_ensembl_ortholog
744	RPA1	ENSG00000132383	ENSMUSG00000000751	Rpa1	ortholog_one2one	85.5519	best_ensembl_ortholog
745	PAFAH1B1	ENSG00000007168	ENSMUSG00000020745	Pafah1b1	ortholog_one2one	99.7561	best_ensembl_ortholog
746	ITGAE	ENSG00000083457	ENSMUSG00000005947	Itgae	ortholog_one2one	69.4657	best_ensembl_ortholog
747	RNF167	ENSG00000108523	ENSMUSG00000040746	Rnf167	ortholog_one2one	92.0	best_ensembl_ortholog
748	SPAG7	ENSG00000091640	ENSMUSG00000018287	Spag7	ortholog_one2one	96.9163	best_ensembl_ortholog
749	NUP88	ENSG00000108559	ENSMUSG00000040667	Nup88	ortholog_one2one	89.6086	best_ensembl_ortholog
750	KIAA0753	ENSG00000198920	ENSMUSG00000020807	4933427D14Rik	ortholog_one2one	75.4912	best_ensembl_ortholog
751	PLSCR3	ENSG00000187838	ENSMUSG00000019461	Plscr3	ortholog_one2one	93.2203	best_ensembl_ortholog
752	TP53	ENSG00000141510	ENSMUSG00000059552	Trp53	ortholog_one2one	77.3537	best_ensembl_ortholog
753	AURKB	ENSG00000178999	ENSMUSG00000020897	Aurkb	ortholog_one2one	84.3023	best_ensembl_ortholog
754	ELAC2	ENSG00000006744	ENSMUSG00000020549	Elac2	ortholog_one2one	82.5666	best_ensembl_ortholog
755	EPN2	ENSG00000072134	ENSMUSG00000001036	Epn2	ortholog_one2one	79.8752	best_ensembl_ortholog
756	USP22	ENSG00000124422	ENSMUSG00000042506	Usp22	ortholog_one2one	97.9048	best_ensembl_ortholog
757	TMEM97	ENSG00000109084	ENSMUSG00000037278	Tmem97	ortholog_one2one	82.3864	best_ensembl_ortholog
758	ALDOC	ENSG00000109107	ENSMUSG00000017390	Aldoc	ortholog_one2one	97.5275	best_ensembl_ortholog
759	KIAA0100	ENSG00000007202	ENSMUSG00000010277	Bltp2	ortholog_one2one	94.4966	best_ensembl_ortholog
760	BLMH	ENSG00000108578	ENSMUSG00000020840	Blmh	ortholog_one2one	93.1868	best_ensembl_ortholog
761	SUZ12	ENSG00000178691	ENSMUSG00000017548	Suz12	ortholog_one2one	97.1583	best_ensembl_ortholog
762	CDK5R1	ENSG00000176749	ENSMUSG00000048895	Cdk5r1	ortholog_one2one	98.3713	best_ensembl_ortholog
763	CCL2	ENSG00000108691	ENSMUSG00000035385	Ccl2	ortholog_one2one	52.5253	best_ensembl_ortholog
764	ERBB2	ENSG00000141736	ENSMUSG00000062312	Erbb2	ortholog_one2one	87.6494	best_ensembl_ortholog
765	GRB7	ENSG00000141738	ENSMUSG00000019312	Grb7	ortholog_one2one	90.6015	best_ensembl_ortholog
766	CASC3	ENSG00000108349	ENSMUSG00000078676	Casc3	ortholog_one2one	89.7582	best_ensembl_ortholog
767	WIPF2	ENSG00000171475	ENSMUSG00000038013	Wipf2	ortholog_one2one	93.8636	best_ensembl_ortholog
768	TOP2A	ENSG00000131747	ENSMUSG00000020914	Top2a	ortholog_one2one	89.484	best_ensembl_ortholog
769	ACLY	ENSG00000131473	ENSMUSG00000020917	Acly	ortholog_one2one	97.1844	best_ensembl_ortholog
770	STAT5B	ENSG00000173757	ENSMUSG00000020919	Stat5b	ortholog_one2one	96.5693	best_ensembl_ortholog
771	STAT3	ENSG00000168610	ENSMUSG00000004040	Stat3	ortholog_one2one	97.5325	best_ensembl_ortholog
772	COASY	ENSG00000068120	ENSMUSG00000001755	Coasy	ortholog_one2one	86.5248	best_ensembl_ortholog
773	BECN1	ENSG00000126581	ENSMUSG00000035086	Becn1	ortholog_one2one	98.0	best_ensembl_ortholog
774	VAT1	ENSG00000108828	ENSMUSG00000034993	Vat1	ortholog_one2one	89.8219	best_ensembl_ortholog
775	BRCA1	ENSG00000012048	ENSMUSG00000017146	Brca1	ortholog_one2one	56.0923	best_ensembl_ortholog
776	DUSP3	ENSG00000108861	ENSMUSG00000003518	Dusp3	case_insensitive_symbol_fallback		exact_symbol_fallback
777	GRN	ENSG00000030582	ENSMUSG00000034708	Grn	ortholog_one2one	74.8735	best_ensembl_ortholog
778	GPATCH8	ENSG00000186566	ENSMUSG00000034621	Gpatch8	ortholog_one2one	90.3462	best_ensembl_ortholog
779	NMT1	ENSG00000136448	ENSMUSG00000020936	Nmt1	ortholog_one2one	97.379	best_ensembl_ortholog
780	PLEKHM1	ENSG00000225190	ENSMUSG00000034247	Plekhm1	ortholog_one2one	82.2917	best_ensembl_ortholog
781	PRR15L	ENSG00000167183	ENSMUSG00000047040	Prr15l	ortholog_one2one	84.466	best_ensembl_ortholog
782	SNX11	ENSG00000002919	ENSMUSG00000020876	Snx11	ortholog_one2one	84.4444	best_ensembl_ortholog
783	SLC35B1	ENSG00000121073	ENSMUSG00000020873	Slc35b1	ortholog_one2one	95.6522	best_ensembl_ortholog
784	COL1A1	ENSG00000108821	ENSMUSG00000001506	Col1a1	ortholog_one2one	91.735	best_ensembl_ortholog
785	RAD51C	ENSG00000108384	ENSMUSG00000007646	Rad51c	ortholog_one2one	83.7766	best_ensembl_ortholog
786	CLTC	ENSG00000141367	ENSMUSG00000047126	Cltc	ortholog_one2one	99.8806	best_ensembl_ortholog
787	APPBP2	ENSG00000062725	ENSMUSG00000018481	Appbp2	ortholog_one2one	99.1453	best_ensembl_ortholog
788	TBX2	ENSG00000121068	ENSMUSG00000000093	Tbx2	ortholog_one2one	94.9438	best_ensembl_ortholog
789	TLK2	ENSG00000146872	ENSMUSG00000020694	Tlk2	ortholog_one2one	99.3333	best_ensembl_ortholog
790	CYB561	ENSG00000008283	ENSMUSG00000019590	Cyb561	ortholog_one2one	88.0478	best_ensembl_ortholog
791	DDX42	ENSG00000198231	ENSMUSG00000020705	Ddx42	ortholog_one2one	95.5224	best_ensembl_ortholog
792	SMARCD2	ENSG00000108604	ENSMUSG00000078619	Smarcd2	ortholog_one2one	98.1168	best_ensembl_ortholog
793	POLG2	ENSG00000256525	ENSMUSG00000020718	Polg2	ortholog_one2one	72.7835	best_ensembl_ortholog
794	NUP85	ENSG00000125450	ENSMUSG00000020739	Nup85	ortholog_one2one	91.6159	best_ensembl_ortholog
795	ST6GALNAC2	ENSG00000070731	ENSMUSG00000057286	St6galnac2	ortholog_one2one	74.8663	best_ensembl_ortholog
796	JMJD6	ENSG00000070495	ENSMUSG00000056962	Jmjd6	ortholog_one2one	97.7667	best_ensembl_ortholog
797	BIRC5	ENSG00000089685	ENSMUSG00000017716	Birc5	ortholog_one2one	82.3944	best_ensembl_ortholog
798	CYTH1	ENSG00000108669	ENSMUSG00000017132	Cyth1	ortholog_one2one	97.99	best_ensembl_ortholog
799	TIMP2	ENSG00000035862	ENSMUSG00000017466	Timp2	ortholog_one2one	98.1818	best_ensembl_ortholog
800	CANT1	ENSG00000171302	ENSMUSG00000025575	Cant1	ortholog_one2one	87.5312	best_ensembl_ortholog
801	GAA	ENSG00000171298	ENSMUSG00000025579	Gaa	ortholog_one2one	80.3571	best_ensembl_ortholog
802	CHMP6	ENSG00000176108	ENSMUSG00000025371	Chmp6	ortholog_one2one	92.5373	best_ensembl_ortholog
803	MRPL12	ENSG00000262814	ENSMUSG00000039640	Mrpl12	ortholog_one2one	85.3535	best_ensembl_ortholog
804	PYCR1	ENSG00000183010	ENSMUSG00000025140	Pycr1	ortholog_one2one	88.4013	best_ensembl_ortholog
805	RFNG	ENSG00000169733	ENSMUSG00000025158	Rfng	ortholog_one2one	80.9668	best_ensembl_ortholog
806	USP14	ENSG00000101557	ENSMUSG00000047879	Usp14	ortholog_one2one	96.5587	best_ensembl_ortholog
807	RAB31	ENSG00000168461	ENSMUSG00000056515	Rab31	ortholog_one2one	94.359	best_ensembl_ortholog
808	TUBB6	ENSG00000176014	ENSMUSG00000001473	Tubb6	ortholog_one2one	97.3094	best_ensembl_ortholog
809	RNMT	ENSG00000101654	ENSMUSG00000009535	Rnmt	ortholog_one2one	75.0	best_ensembl_ortholog
810	NPC1	ENSG00000141458	ENSMUSG00000024413	Npc1	ortholog_one2one	86.385	best_ensembl_ortholog
811	LAMA3	ENSG00000053747	ENSMUSG00000024421	Lama3	ortholog_one2one	77.7978	best_ensembl_ortholog
812	DSG2	ENSG00000046604	ENSMUSG00000044393	Dsg2	ortholog_one2one	76.8336	best_ensembl_ortholog
813	PIK3C3	ENSG00000078142	ENSMUSG00000033628	Pik3c3	ortholog_one2one	97.9707	best_ensembl_ortholog
814	ME2	ENSG00000082212	ENSMUSG00000024556	Me2	ortholog_one2one	89.0411	best_ensembl_ortholog
815	WDR7	ENSG00000091157	ENSMUSG00000040560	Wdr7	ortholog_one2one	93.1544	best_ensembl_ortholog
816	MALT1	ENSG00000172175	ENSMUSG00000032688	Malt1	ortholog_one2one	86.6505	best_ensembl_ortholog
817	PMAIP1	ENSG00000141682	ENSMUSG00000024521	Pmaip1	ortholog_one2one	64.8148	best_ensembl_ortholog
818	BCL2	ENSG00000171791	ENSMUSG00000057329	Bcl2	ortholog_one2one	90.3766	best_ensembl_ortholog
819	CNDP2	ENSG00000133313	ENSMUSG00000024644	Cndp2	ortholog_one2one	91.1579	best_ensembl_ortholog
820	CIRBP	ENSG00000099622	ENSMUSG00000045193	Cirbp	ortholog_one2one	54.2088	best_ensembl_ortholog
821	PLEKHJ1	ENSG00000104886	ENSMUSG00000035278	Plekhj1	ortholog_one2one	83.8926	best_ensembl_ortholog
822	GADD45B	ENSG00000099860	ENSMUSG00000015312	Gadd45b	ortholog_one2one	93.125	best_ensembl_ortholog
823	GNA11	ENSG00000088256	ENSMUSG00000034781	Gna11	ortholog_one2one	98.0501	best_ensembl_ortholog
824	GNA15	ENSG00000060558	ENSMUSG00000034792	Gna15	ortholog_one2one	84.7594	best_ensembl_ortholog
825	HMG20B	ENSG00000064961	ENSMUSG00000020232	Hmg20b	ortholog_one2one	93.6908	best_ensembl_ortholog
826	TBXA2R	ENSG00000006638	ENSMUSG00000034881	Tbxa2r	ortholog_one2one	74.6356	best_ensembl_ortholog
827	FSD1	ENSG00000105255	ENSMUSG00000011589	Fsd1	ortholog_one2one	93.1452	best_ensembl_ortholog
828	STAP2	ENSG00000178078	ENSMUSG00000038781	Stap2	ortholog_one2one	70.4715	best_ensembl_ortholog
829	TICAM1	ENSG00000127666	ENSMUSG00000047123	Ticam1	ortholog_one2one	55.8989	best_ensembl_ortholog
830	MCOLN1	ENSG00000090674	ENSMUSG00000004567	Mcoln1	ortholog_one2one	91.3793	best_ensembl_ortholog
831	STXBP2	ENSG00000076944	ENSMUSG00000004626	Stxbp2	ortholog_one2one	94.4351	best_ensembl_ortholog
832	ELAVL1	ENSG00000066044	ENSMUSG00000040028	Elavl1	ortholog_one2one	98.4663	best_ensembl_ortholog
833	CD320	ENSG00000167775	ENSMUSG00000002308	Cd320	ortholog_one2one	55.6738	best_ensembl_ortholog
834	FBXL12	ENSG00000127452	ENSMUSG00000066892	Fbxl12	ortholog_one2one	93.2515	best_ensembl_ortholog
835	PIN1	ENSG00000127445	ENSMUSG00000032171	Pin1	ortholog_one2many	95.092	best_ensembl_ortholog
836	DNMT1	ENSG00000130816	ENSMUSG00000004099	Dnmt1	ortholog_one2one	77.451	best_ensembl_ortholog
837	ICAM1	ENSG00000090339	ENSMUSG00000037405	Icam1	ortholog_one2one	53.1955	best_ensembl_ortholog
838	KEAP1	ENSG00000079999	ENSMUSG00000003308	Keap1	ortholog_one2one	94.0705	best_ensembl_ortholog
839	SMARCA4	ENSG00000127616	ENSMUSG00000032187	Smarca4	ortholog_one2one	97.2678	best_ensembl_ortholog
840	MAN2B1	ENSG00000104774	ENSMUSG00000005142	Man2b1	ortholog_one2one	75.5687	best_ensembl_ortholog
841	HOOK2	ENSG00000095066	ENSMUSG00000052566	Hook2	ortholog_one2one	81.5021	best_ensembl_ortholog
842	PRKACA	ENSG00000072062	ENSMUSG00000005469	Prkaca	ortholog_one2one	98.0057	best_ensembl_ortholog
843	ADGRE5	ENSG00000123146	ENSMUSG00000002885	Adgre5	ortholog_one2one	52.6946	best_ensembl_ortholog
844	DNAJB1	ENSG00000132002	ENSMUSG00000005483	Dnajb1	ortholog_one2one	95.5882	best_ensembl_ortholog
845	AKAP8	ENSG00000105127	ENSMUSG00000024045	Akap8	ortholog_one2one	79.4798	best_ensembl_ortholog
846	AKAP8L	ENSG00000011243	ENSMUSG00000002625	Akap8l	ortholog_one2one	92.1053	best_ensembl_ortholog
847	CHERP	ENSG00000085872	ENSMUSG00000052488	Cherp	ortholog_one2one	95.3057	best_ensembl_ortholog
848	NR2F6	ENSG00000160113	ENSMUSG00000002393	Nr2f6	ortholog_one2one	92.0792	best_ensembl_ortholog
849	FCHO1	ENSG00000130475	ENSMUSG00000070000	Fcho1	ortholog_one2one	85.6018	best_ensembl_ortholog
850	LPAR2	ENSG00000064547	ENSMUSG00000031861	Lpar2	ortholog_one2one	92.2414	best_ensembl_ortholog
851	POP4	ENSG00000105171	ENSMUSG00000030423	Pop4	ortholog_one2one	82.7273	best_ensembl_ortholog
852	CEBPA	ENSG00000245848	ENSMUSG00000034957	Cebpa	ortholog_one2one	94.4134	best_ensembl_ortholog
853	KIAA0355	ENSG00000166398	ENSMUSG00000066571	Garre1	ortholog_one2one	92.7103	best_ensembl_ortholog
854	LSR	ENSG00000105699	ENSMUSG00000001247	Lsr	ortholog_one2one	77.8702	best_ensembl_ortholog
855	POLR2I	ENSG00000105258	ENSMUSG00000019738	Polr2i	ortholog_one2one	100.0	best_ensembl_ortholog
856	ECH1	ENSG00000104823	ENSMUSG00000053898	Ech1	ortholog_one2one	74.0854	best_ensembl_ortholog
857	NFKBIB	ENSG00000104825	ENSMUSG00000030595	Nfkbib	ortholog_one2one	84.5506	best_ensembl_ortholog
858	PAK4	ENSG00000130669	ENSMUSG00000030602	Pak4	ortholog_one2one	93.0626	best_ensembl_ortholog
859	PAF1	ENSG00000006712	ENSMUSG00000003437	Paf1	ortholog_one2one	98.8701	best_ensembl_ortholog
860	ZFP36	ENSG00000128016	ENSMUSG00000044786	Zfp36	ortholog_one2one	84.0491	best_ensembl_ortholog
861	PAFAH1B3	ENSG00000079462	ENSMUSG00000005447	Pafah1b3	ortholog_one2one	96.1039	best_ensembl_ortholog
862	APOE	ENSG00000130203	ENSMUSG00000002985	Apoe	ortholog_one2one	70.6625	best_ensembl_ortholog
863	RELB	ENSG00000104856	ENSMUSG00000002983	Relb	ortholog_one2one	85.3195	best_ensembl_ortholog
864	TRAPPC6A	ENSG00000007255	ENSMUSG00000002043	Trappc6a	ortholog_one2one	83.0189	best_ensembl_ortholog
865	RTN2	ENSG00000125744	ENSMUSG00000030401	Rtn2	ortholog_one2one	64.9541	best_ensembl_ortholog
866	CALM3	ENSG00000160014	ENSMUSG00000019370	Calm3	ortholog_one2one	100.0	best_ensembl_ortholog
867	LIG1	ENSG00000105486	ENSMUSG00000056394	Lig1	ortholog_one2one	83.2427	best_ensembl_ortholog
868	GRWD1	ENSG00000105447	ENSMUSG00000053801	Grwd1	ortholog_one2one	91.2556	best_ensembl_ortholog
869	FUT1	ENSG00000174951	ENSMUSG00000008461	Fut1	ortholog_one2one	77.8082	best_ensembl_ortholog
870	BAX	ENSG00000087088	ENSMUSG00000003873	Bax	ortholog_one2one	92.1875	best_ensembl_ortholog
871	PIH1D1	ENSG00000104872	ENSMUSG00000003423	Pih1d1	ortholog_one2one	80.3448	best_ensembl_ortholog
872	NOSIP	ENSG00000142546	ENSMUSG00000003421	Nosip	ortholog_one2one	90.0332	best_ensembl_ortholog
873	PNKP	ENSG00000039650	ENSMUSG00000002963	Pnkp	ortholog_one2one	81.19	best_ensembl_ortholog
874	NUP62	ENSG00000213024	ENSMUSG00000109511	Nup62	ortholog_one2one	80.0766	best_ensembl_ortholog
875	ATF5	ENSG00000169136	ENSMUSG00000038539	Atf5	ortholog_one2one	87.9433	best_ensembl_ortholog
876	NR1H2	ENSG00000131408	ENSMUSG00000060601	Nr1h2	ortholog_one2one	86.5217	best_ensembl_ortholog
877	ETFB	ENSG00000105379	ENSMUSG00000004610	Etfb	ortholog_one2one	92.1569	best_ensembl_ortholog
878	MBOAT7	ENSG00000125505	ENSMUSG00000035596	Mboat7	ortholog_one2one	93.6441	best_ensembl_ortholog
879	ZNF586	ENSG00000083828	ENSMUSG00000000103	Zfy2	ortholog_many2many	24.1294	best_ensembl_ortholog
880	ZNF274	ENSG00000171606	ENSMUSG00000058638	Zfp110	ortholog_one2many	58.193	best_ensembl_ortholog
881	RPS5	ENSG00000083845	ENSMUSG00000012848	Rps5	ortholog_one2one	99.0196	best_ensembl_ortholog
882	TRIB3	ENSG00000101255	ENSMUSG00000032715	Trib3	ortholog_one2one	73.1844	best_ensembl_ortholog
883	PSMF1	ENSG00000125818	ENSMUSG00000032869	Psmf1	ortholog_one2one	83.0258	best_ensembl_ortholog
884	FASTKD5	ENSG00000215251	ENSMUSG00000079043	Fastkd5	ortholog_one2one	74.4764	best_ensembl_ortholog
885	CDC25B	ENSG00000101224	ENSMUSG00000027330	Cdc25b	ortholog_one2one	81.0345	best_ensembl_ortholog
886	PCNA	ENSG00000132646	ENSMUSG00000027342	Pcna	ortholog_one2one	96.9349	best_ensembl_ortholog
887	SNAP25	ENSG00000132639	ENSMUSG00000027273	Snap25	ortholog_one2one	100.0	best_ensembl_ortholog
888	SPAG4	ENSG00000061656	ENSMUSG00000038180	Spag4	ortholog_one2one	82.151	best_ensembl_ortholog
889	SCAND1	ENSG00000171222	ENSMUSG00000046229	Scand1	ortholog_one2one	57.5419	best_ensembl_ortholog
890	MYL9	ENSG00000101335	ENSMUSG00000067818	Myl9	ortholog_one2one	98.8372	best_ensembl_ortholog
891	SRC	ENSG00000197122	ENSMUSG00000027646	Src	ortholog_one2one	98.694	best_ensembl_ortholog
892	BLCAP	ENSG00000166619	ENSMUSG00000067787	Blcap	ortholog_one2one	100.0	best_ensembl_ortholog
893	MYBL2	ENSG00000101057	ENSMUSG00000017861	Mybl2	ortholog_one2one	85.2857	best_ensembl_ortholog
894	PKIG	ENSG00000168734	ENSMUSG00000035268	Pkig	case_insensitive_symbol_fallback		exact_symbol_fallback
895	TOMM34	ENSG00000025772	ENSMUSG00000018322	Tomm34	ortholog_one2one	87.055	best_ensembl_ortholog
896	UBE2C	ENSG00000175063	ENSMUSG00000001403	Ube2c	ortholog_one2one	95.5307	best_ensembl_ortholog
897	CD40	ENSG00000101017	ENSMUSG00000017652	Cd40	ortholog_one2one	62.0939	best_ensembl_ortholog
898	NCOA3	ENSG00000124151	ENSMUSG00000027678	Ncoa3	ortholog_one2one	62.3596	best_ensembl_ortholog
899	PTPN1	ENSG00000196396	ENSMUSG00000027540	Ptpn1	ortholog_one2one	82.5287	best_ensembl_ortholog
900	AURKA	ENSG00000087586	ENSMUSG00000027496	Aurka	ortholog_one2one	82.134	best_ensembl_ortholog
901	RAE1	ENSG00000101146	ENSMUSG00000027509	Rae1	ortholog_one2one	98.6413	best_ensembl_ortholog
902	VAPB	ENSG00000124164	ENSMUSG00000054455	Vapb	ortholog_one2one	90.1235	best_ensembl_ortholog
903	NPEPL1	ENSG00000215440	ENSMUSG00000039263	Npepl1	ortholog_one2one	94.8375	best_ensembl_ortholog
904	GNAS	ENSG00000087460	ENSMUSG00000027523	Gnas	ortholog_one2one	93.401	best_ensembl_ortholog
905	TCFL5	ENSG00000101190	ENSMUSG00000038932	Tcfl5	ortholog_one2one	85.2	best_ensembl_ortholog
906	YTHDF1	ENSG00000149658	ENSMUSG00000038848	Ythdf1	ortholog_one2one	93.9177	best_ensembl_ortholog
907	TPD52L2	ENSG00000101150	ENSMUSG00000000827	Tpd52l2	ortholog_one2one	81.5534	best_ensembl_ortholog
908	TCEA2	ENSG00000171703	ENSMUSG00000059540	Tcea2	ortholog_one2one	88.2943	best_ensembl_ortholog
909	NRIP1	ENSG00000180530	ENSMUSG00000048490	Nrip1	ortholog_one2one	84.6287	best_ensembl_ortholog
910	APP	ENSG00000142192	ENSMUSG00000022892	App	ortholog_one2one	94.8052	best_ensembl_ortholog
911	TIAM1	ENSG00000156299	ENSMUSG00000002489	Tiam1	ortholog_one2one	95.4745	best_ensembl_ortholog
912	IFNAR1	ENSG00000142166	ENSMUSG00000022967	Ifnar1	ortholog_one2one	48.833	best_ensembl_ortholog
913	CBR1	ENSG00000159228	ENSMUSG00000051483	Cbr1	ortholog_one2many	87.7256	best_ensembl_ortholog
914	CBR3	ENSG00000159231	ENSMUSG00000022947	Cbr3	ortholog_one2one	85.1986	best_ensembl_ortholog
915	PSMG1	ENSG00000183527	ENSMUSG00000022913	Psmg1	ortholog_one2one	85.0694	best_ensembl_ortholog
916	WRB	ENSG00000182093	ENSMUSG00000023147	Get1	ortholog_one2one	93.1034	best_ensembl_ortholog
917	BACE2	ENSG00000182240	ENSMUSG00000040605	Bace2	ortholog_one2one	88.61	best_ensembl_ortholog
918	C2CD2	ENSG00000157617	ENSMUSG00000045975	C2cd2	ortholog_one2one	72.2701	best_ensembl_ortholog
919	RRP1B	ENSG00000160208	ENSMUSG00000058392	Rrp1b	ortholog_one2one	60.9499	best_ensembl_ortholog
920	PFKL	ENSG00000141959	ENSMUSG00000020277	Pfkl	ortholog_one2one	94.1026	best_ensembl_ortholog
921	BID	ENSG00000015475	ENSMUSG00000004446	Bid	ortholog_one2one	64.1026	best_ensembl_ortholog
922	CDC45	ENSG00000093009	ENSMUSG00000000028	Cdc45	ortholog_one2one	91.6961	best_ensembl_ortholog
923	CRKL	ENSG00000099942	ENSMUSG00000006134	Crkl	ortholog_one2one	96.6997	best_ensembl_ortholog
924	MIF	ENSG00000240972	ENSMUSG00000033307	Mif	ortholog_one2one	86.087	best_ensembl_ortholog
925	CHEK2	ENSG00000183765	ENSMUSG00000029521	Chek2	ortholog_one2one	83.2412	best_ensembl_ortholog
926	XBP1	ENSG00000100219	ENSMUSG00000020484	Xbp1	ortholog_one2one	76.0638	best_ensembl_ortholog
927	NIPSNAP1	ENSG00000184117	ENSMUSG00000034285	Nipsnap1	ortholog_one2one	94.3662	best_ensembl_ortholog
928	FBXO7	ENSG00000100225	ENSMUSG00000001786	Fbxo7	ortholog_one2one	73.1801	best_ensembl_ortholog
929	HMOX1	ENSG00000100292	ENSMUSG00000005413	Hmox1	ortholog_one2one	81.9444	best_ensembl_ortholog
930	RAC2	ENSG00000128340	ENSMUSG00000033220	Rac2	ortholog_one2one	98.9583	best_ensembl_ortholog
931	MICALL1	ENSG00000100139	ENSMUSG00000033039	Micall1	ortholog_one2one	78.2155	best_ensembl_ortholog
932	CSNK1E	ENSG00000213923	ENSMUSG00000022433	Csnk1e	ortholog_one2one	98.7981	best_ensembl_ortholog
933	CERK	ENSG00000100422	ENSMUSG00000035891	Cerk	ortholog_one2one	83.4264	best_ensembl_ortholog
934	CRELD2	ENSG00000184164	ENSMUSG00000023272	Creld2	ortholog_one2one	74.7875	best_ensembl_ortholog
935	PRKX	ENSG00000183943	ENSMUSG00000035725	Prkx	ortholog_one2one	77.095	best_ensembl_ortholog
936	ACOT9	ENSG00000123130	ENSMUSG00000025287	Acot9	ortholog_one2many	81.25	best_ensembl_ortholog
937	DYNLT3	ENSG00000165169	ENSMUSG00000031176	Dynlt3	ortholog_one2one	89.6552	best_ensembl_ortholog
938	CASK	ENSG00000147044	ENSMUSG00000031012	Cask	ortholog_one2one	99.2441	best_ensembl_ortholog
939	EBP	ENSG00000147155	ENSMUSG00000031168	Ebp	ortholog_one2one	77.8261	best_ensembl_ortholog
940	SUV39H1	ENSG00000101945	ENSMUSG00000039231	Suv39h1	ortholog_one2one	95.3884	best_ensembl_ortholog
941	HDAC6	ENSG00000094631	ENSMUSG00000031161	Hdac6	ortholog_one2one	73.8272	best_ensembl_ortholog
942	TIMM17B	ENSG00000126768	ENSMUSG00000031158	Timm17b	ortholog_one2one	95.9302	best_ensembl_ortholog
943	PRAF2	ENSG00000243279	ENSMUSG00000031149	Praf2	ortholog_one2one	91.0112	best_ensembl_ortholog
944	PLP2	ENSG00000102007	ENSMUSG00000031146	Plp2	ortholog_one2many	79.6053	best_ensembl_ortholog
945	SMC1A	ENSG00000072501	ENSMUSG00000041133	Smc1a	ortholog_one2one	99.2701	best_ensembl_ortholog
946	HSD17B10	ENSG00000072506	ENSMUSG00000025260	Hsd17b10	ortholog_one2one	87.7395	best_ensembl_ortholog
947	UBQLN2	ENSG00000188021	ENSMUSG00000050148	Ubqln2	ortholog_one2one	89.2628	best_ensembl_ortholog
948	FOXO4	ENSG00000184481	ENSMUSG00000042903	Foxo4	ortholog_one2one	88.3168	best_ensembl_ortholog
949	PHKA1	ENSG00000067177	ENSMUSG00000034055	Phka1	ortholog_one2one	94.8487	best_ensembl_ortholog
950	TSPAN6	ENSG00000000003	ENSMUSG00000067377	Tspan6	ortholog_one2one	93.0612	best_ensembl_ortholog
951	BTK	ENSG00000010671	ENSMUSG00000031264	Btk	ortholog_one2one	98.3308	best_ensembl_ortholog
952	TSC22D3	ENSG00000157514	ENSMUSG00000031431	Tsc22d3	ortholog_one2one	86.5	best_ensembl_ortholog
953	PSMD10	ENSG00000101843	ENSMUSG00000031429	Psmd10	ortholog_one2one	93.8053	best_ensembl_ortholog
954	IL13RA1	ENSG00000131724	ENSMUSG00000017057	Il13ra1	ortholog_one2one	74.7073	best_ensembl_ortholog
955	PGRMC1	ENSG00000101856	ENSMUSG00000006373	Pgrmc1	ortholog_one2one	95.3846	best_ensembl_ortholog
956	UBE2A	ENSG00000077721	ENSMUSG00000016308	Ube2a	ortholog_one2one	100.0	best_ensembl_ortholog
957	UTP14A	ENSG00000156697	ENSMUSG00000063785	Utp14a	ortholog_many2many	77.1725	best_ensembl_ortholog
958	SLC25A14	ENSG00000102078	ENSMUSG00000031105	Slc25a14	ortholog_one2one	87.0769	best_ensembl_ortholog
959	HPRT1	ENSG00000165704	ENSMUSG00000025630	Hprt1	ortholog_one2one	96.789	best_ensembl_ortholog
960	HTATSF1	ENSG00000102241	ENSMUSG00000067873	Htatsf1	ortholog_one2one	75.894	best_ensembl_ortholog
961	MAMLD1	ENSG00000013619	ENSMUSG00000059401	Mamld1	ortholog_one2one	61.6279	best_ensembl_ortholog
962	NSDHL	ENSG00000147383	ENSMUSG00000031349	Nsdhl	ortholog_one2one	83.1099	best_ensembl_ortholog
963	LAGE3	ENSG00000196976	ENSMUSG00000015289	Lage3	ortholog_one2one	51.049	best_ensembl_ortholog
964	PSME2	ENSG00000100911	ENSMUSG00000079197	Psme2	ortholog_one2many	93.7238	additional_paralog_for_fixed_dimension
965	GAPDH	ENSG00000111640	ENSMUSG00000110469	Gapdhrt2	ortholog_one2many	93.1343	additional_paralog_for_fixed_dimension
966	GAPDH	ENSG00000111640	ENSMUSG00000097148	Gapdhrt	ortholog_one2many	92.8358	additional_paralog_for_fixed_dimension
967	CYCS	ENSG00000172115	ENSMUSG00000063694	Cycs	ortholog_one2many	91.4286	additional_paralog_for_fixed_dimension
968	PIN1	ENSG00000127445	ENSMUSG00000074997	Pin1rt1	ortholog_one2many	90.1841	additional_paralog_for_fixed_dimension
969	ACAT2	ENSG00000120437	ENSMUSG00000062480	Acat3	ortholog_one2many	85.8942	additional_paralog_for_fixed_dimension
970	ACAA1	ENSG00000060971	ENSMUSG00000036138	Acaa1a	ortholog_one2many	85.6132	additional_paralog_for_fixed_dimension
971	CBR1	ENSG00000159228	ENSMUSG00000082815	Cbr1b	ortholog_one2many	83.7545	additional_paralog_for_fixed_dimension
972	PNP	ENSG00000198805	ENSMUSG00000068417	Pnp2	ortholog_one2many	82.699	additional_paralog_for_fixed_dimension
973	ALDOA	ENSG00000149925	ENSMUSG00000059343	Aldoart1	ortholog_one2many	81.5789	additional_paralog_for_fixed_dimension
