source	profile_id	accession	tissue	condition	_row_index	pc1	pc2
real	OSD-100/Mmus_C57-6J_EYE_FLT_Rep3_M25	OSD-100	eye	flight	2	0.594358027	-0.028171435
real	OSD-100/Mmus_C57-6J_EYE_GC_Rep1_M33	OSD-100	eye	ground_control	6	0.543917775	-0.055691123
real	OSD-101/Mmus_C57-6J_GST_FLT_Rep6_M28	OSD-101	skeletal_muscle	flight	17	0.0352873169	1.54533398
real	OSD-101/Mmus_C57-6J_GST_GC_Rep4_M36	OSD-101	skeletal_muscle	ground_control	21	0.053330861	1.47212577
real	OSD-102/Mmus_C57-6J_KDN_FLT_Rep4_M26	OSD-102	kidney	flight	27	-0.0748154819	-0.165797248
real	OSD-102/Mmus_C57-6J_KDN_GC_Rep5_M37	OSD-102	kidney	ground_control	34	-0.0119365873	-0.22656405
real	OSD-103/Mmus_C57-6J_Quad_FLT_Rep6_M28	OSD-103	skeletal_muscle	flight	41	0.00909601524	1.44907475
real	OSD-103/Mmus_C57-6J_Quad_GC_Rep3_M35	OSD-103	skeletal_muscle	ground_control	44	-0.0341901444	1.2637502
real	OSD-104/Mmus_C57-6J_SLS_FLT_Rep4_M26	OSD-104	skeletal_muscle	flight	51	-0.0448390059	0.880077362
real	OSD-104/Mmus_C57-6J_SLS_GC_Rep3_M35	OSD-104	skeletal_muscle	ground_control	56	-0.0985841751	0.744609475
real	OSD-105/Mmus_C57-6J_TA_FLT_Rep1_M23	OSD-105	skeletal_muscle	flight	60	-0.0983897671	1.08140242
real	OSD-105/Mmus_C57-6J_TA_GC_Rep2_M34	OSD-105	skeletal_muscle	ground_control	67	-0.0916278809	1.05376434
real	OSD-137/Mmus_BAL-TAL_LVR_FLT_Rep6_F6	OSD-137	liver	flight	77	-0.594751358	-0.552933395
real	OSD-137/Mmus_BAL-TAL_LVR_GC_Rep4_G5	OSD-137	liver	ground_control	81	-0.638838172	-0.659180105
real	OSD-161/Mmus_BAL-TAL_ADR_FLT_Rep3_F4	OSD-161	adrenal_gland	flight	86	0.726109326	-0.297512561
real	OSD-161/Mmus_BAL-TAL_ADR_GC_Rep3_G4	OSD-161	adrenal_gland	ground_control	91	0.636246681	-0.303687274
real	OSD-162/Mmus_BAL-TAL_EYE_FLT_Rep4_F4	OSD-162	eye	flight	97	0.268088728	-0.269379854
real	OSD-162/Mmus_BAL-TAL_EYE_GC_Rep4_G5	OSD-162	eye	ground_control	102	0.451398253	-0.00973047316
real	OSD-163/Mmus_BAL-TAL_KDN_FLT_Rep4_F5	OSD-163	kidney	flight	107	-0.0590104721	-0.352456629
real	OSD-163/Mmus_BAL-TAL_KDN_GC_Rep3_G3	OSD-163	kidney	ground_control	112	-0.166686654	-0.21391663
real	OSD-164/Mmus_C57-6T_LVR_FLT_Rep1_F1	OSD-164	liver	flight	116	-0.621789992	-0.682950318
real	OSD-164/Mmus_C57-6T_LVR_GC_Rep2_G2	OSD-164	liver	ground_control	120	-0.688777924	-0.744034529
real	OSD-164/Mmus_C57-6T_SPL_FLT_Rep3_F3	OSD-164	spleen	flight	124	0.660081148	-0.190793723
real	OSD-164/Mmus_C57-6T_SPL_GC_Rep1_G1	OSD-164	spleen	ground_control	125	0.0827193335	-0.0755328238
real	OSD-168/Mmus_BAL-TAL_LVR_RR3_FLT_wERCC_Rep1_F1	OSD-168	liver	flight	128	-0.685802102	-0.73943907
real	OSD-168/Mmus_BAL-TAL_LVR_RR3_GC_wERCC_Rep3_G3	OSD-168	liver	ground_control	134	-0.616489351	-0.614433408
real	OSD-168/Mmus_C57-6J_LVR_RR1_FLT_noERCC_Rep2_M26	OSD-168	liver	flight	137	-0.456802189	-0.4597359
real	OSD-168/Mmus_C57-6J_LVR_RR1_GC_wERCC_Rep2_M37	OSD-168	liver	ground_control	152	-0.570319235	-0.60728693
real	OSD-194/Mmus_BAL-TAL_LRTN_FLT_Rep5_F10	OSD-194	retina	flight	164	1.01844525	-0.126943961
real	OSD-194/Mmus_BAL-TAL_RRTN_GC_Rep4_G10	OSD-194	retina	ground_control	168	0.923431754	-0.108141735
real	OSD-238/Mmus_C57-6J_DSKN_FLT_1G_JCwFOS_Rep1_F4	OSD-238	skin	flight	172	0.694726884	-0.113793485
real	OSD-238/Mmus_C57-6J_DSKN_FLT_uG_JCwFOS_Rep3_F8	OSD-238	skin	flight	180	0.549577236	0.0979321599
real	OSD-238/Mmus_C57-6J_DSKN_GC_1G_JCwFOS_Rep3_G11	OSD-238	skin	ground_control	186	0.551297665	-0.14010112
real	OSD-239/Mmus_C57-6J_FSKN_FLT_uG_JC_Rep2_F9	OSD-239	skin	flight	194	0.763024211	-0.176802292
real	OSD-239/Mmus_C57-6J_FSKN_FLT_uG_JCwFOS_Rep1_F1	OSD-239	skin	flight	195	0.629018486	0.0429872684
real	OSD-239/Mmus_C57-6J_FSKN_GC_1G_JCwFOS_Rep2_G10	OSD-239	skin	ground_control	202	0.495591998	0.034696687
real	OSD-240/Mmus_BAL-TAL_DSKN_FLT_Rep2_F2	OSD-240	skin	flight	206	0.605695546	-0.188337579
real	OSD-240/Mmus_BAL-TAL_DSKN_FLT_Rep9_F9	OSD-240	skin	flight	213	0.662108779	-0.153933033
real	OSD-240/Mmus_BAL-TAL_DSKN_GC_Rep10_G10	OSD-240	skin	ground_control	214	0.448169172	-0.0715578198
real	OSD-240/Mmus_BAL-TAL_DSKN_GC_Rep2_G2	OSD-240	skin	ground_control	216	0.65943867	-0.205521449
real	OSD-241/Mmus_BAL-TAL_FSKN_FLT_Rep6_F6	OSD-241	skin	flight	229	0.624256492	-0.201829016
real	OSD-241/Mmus_BAL-TAL_FSKN_FLT_Rep8_F9	OSD-241	skin	flight	231	0.549818337	-0.139040351
real	OSD-241/Mmus_BAL-TAL_FSKN_GC_Rep2_G2	OSD-241	skin	ground_control	235	0.531010389	-0.129747018
real	OSD-241/Mmus_BAL-TAL_FSKN_GC_Rep3_G3	OSD-241	skin	ground_control	236	0.557204604	0.0429880098
real	OSD-242/Mmus_C57-6J_LVR_FLT_C1_Rep3_F3	OSD-242	liver	flight	245	-0.566808581	-0.312991321
real	OSD-242/Mmus_C57-6J_LVR_GC_C2_Rep3_G4	OSD-242	liver	ground_control	250	-0.550391078	-0.298754156
real	OSD-243/Mmus_C57-6T_DSKN_FLT_LAR_Rep3_F3	OSD-243	skin	flight	263	0.50225091	0.103958525
real	OSD-243/Mmus_C57-6T_DSKN_FLT_LAR_Rep6_F6	OSD-243	skin	flight	266	0.674921036	-0.138442636
real	OSD-243/Mmus_C57-6T_DSKN_FLT_LAR_Rep7_F7	OSD-243	skin	flight	267	0.707229435	-0.160124481
real	OSD-243/Mmus_C57-6T_DSKN_GC_ISS-T_Rep3_G3	OSD-243	skin	ground_control	273	0.212708279	0.155737668
real	OSD-243/Mmus_C57-6T_DSKN_GC_LAR_Rep3_G4	OSD-243	skin	ground_control	282	0.57145381	-0.0206406936
real	OSD-243/Mmus_C57-6T_DSKN_GC_LAR_Rep4_G5	OSD-243	skin	ground_control	283	0.680072606	-0.210247785
real	OSD-244/Mmus_C57-6T_TMS_FLT_ISS-T_Rep1_F1	OSD-244	thymus	flight	290	0.132571742	-0.0992091894
real	OSD-244/Mmus_C57-6T_TMS_FLT_LAR_Rep2_F2	OSD-244	thymus	flight	300	-0.0897099748	-0.0518261679
real	OSD-244/Mmus_C57-6T_TMS_FLT_LAR_Rep6_F7	OSD-244	thymus	flight	304	0.171428055	-0.0761969611
real	OSD-244/Mmus_C57-6T_TMS_GC_ISS-T_Rep2_G2	OSD-244	thymus	ground_control	310	0.265928239	-0.0792205557
real	OSD-244/Mmus_C57-6T_TMS_GC_LAR_Rep4_G5	OSD-244	thymus	ground_control	321	0.222357601	-0.0915237293
real	OSD-244/Mmus_C57-6T_TMS_GC_LAR_Rep6_G7	OSD-244	thymus	ground_control	323	0.366344243	-0.105211526
real	OSD-245/Mmus_C57-6T_LVR_FLT_ISS-T_Rep9_F4	OSD-245	liver	flight	336	-0.522776186	-0.256793678
real	OSD-245/Mmus_C57-6T_LVR_FLT_LAR_Rep10_F5	OSD-245	liver	flight	337	-0.50882417	-0.040906474
real	OSD-245/Mmus_C57-6T_LVR_FLT_LAR_Rep1_F1	OSD-245	liver	flight	338	-0.574746251	-0.340263069
real	OSD-245/Mmus_C57-6T_LVR_GC_ISS-T_Rep4_G7	OSD-245	liver	ground_control	351	-0.606737912	-0.428428382
real	OSD-245/Mmus_C57-6T_LVR_GC_ISS-T_Rep9_G5	OSD-245	liver	ground_control	356	-0.554644287	-0.222481117
real	OSD-245/Mmus_C57-6T_LVR_GC_LAR_Rep5_G7	OSD-245	liver	ground_control	361	-0.587939501	-0.396049201
real	OSD-246/Mmus_C57-6T_SPL_FLT_ISS-T_Rep5_F8	OSD-246	spleen	flight	370	0.0923376307	-0.0520045832
real	OSD-246/Mmus_C57-6T_SPL_FLT_LAR_Rep5_F7	OSD-246	spleen	flight	377	0.313544333	-0.0935932472
real	OSD-246/Mmus_C57-6T_SPL_FLT_LAR_Rep7_F9	OSD-246	spleen	flight	379	0.0450619981	-0.0392909162
real	OSD-246/Mmus_C57-6T_SPL_GC_LAR_Rep3_G5	OSD-246	spleen	ground_control	390	-0.0253008101	-0.0318130553
real	OSD-246/Mmus_C57-6T_SPL_GC_LAR_Rep8_G10	OSD-246	spleen	ground_control	395	0.162224934	-0.0669744015
real	OSD-246/Mmus_C57-6T_SPL_GC_LAR_Rep9_G2	OSD-246	spleen	ground_control	396	0.310934097	-0.090213798
real	OSD-247/Mmus_C57-6T_CLN_FLT_ISS-T_Rep2_F3	OSD-247	colon	flight	398	0.298556089	-0.182470337
real	OSD-247/Mmus_C57-6T_CLN_FLT_ISS-T_Rep6_F7	OSD-247	colon	flight	402	-0.14808856	-0.0147767728
real	OSD-247/Mmus_C57-6T_CLN_FLT_LAR_Rep9_F9	OSD-247	colon	flight	415	-0.0181196537	-0.0918484107
real	OSD-247/Mmus_C57-6T_CLN_GC_LAR_Rep3_G4	OSD-247	colon	ground_control	427	-0.27712208	0.00657486217
real	OSD-247/Mmus_C57-6T_CLN_GC_LAR_Rep5_G6	OSD-247	colon	ground_control	429	0.233478606	-0.197193876
real	OSD-247/Mmus_C57-6T_CLN_GC_LAR_Rep7_G9	OSD-247	colon	ground_control	431	-0.0824900419	-0.0635712668
real	OSD-248/Mmus_C57-6T_LNG_FLT_ISS-T_Rep10_F10	OSD-248	lung	flight	433	0.349018067	-0.168432921
real	OSD-248/Mmus_C57-6T_LNG_FLT_ISS-T_Rep1_F1	OSD-248	lung	flight	434	0.271268219	-0.21258308
real	OSD-248/Mmus_C57-6T_LNG_FLT_LAR_Rep3_F3	OSD-248	lung	flight	446	0.496559024	-0.174386621
real	OSD-248/Mmus_C57-6T_LNG_GC_ISS-T_Rep1_G1	OSD-248	lung	ground_control	454	0.255143762	-0.127249345
real	OSD-248/Mmus_C57-6T_LNG_GC_LAR_Rep3_G4	OSD-248	lung	ground_control	465	0.32327503	-0.15557757
real	OSD-248/Mmus_C57-6T_LNG_GC_LAR_Rep5_G6	OSD-248	lung	ground_control	467	0.265149951	-0.139961496
real	OSD-253/Mmus_C3H-HeJ_KDN_FLT_25days_Rep2_F6	OSD-253	kidney	flight	473	-0.085193418	-0.266968459
real	OSD-253/Mmus_C3H-HeJ_KDN_FLT_25days_Rep4_F14	OSD-253	kidney	flight	475	-0.224850565	-0.144855142
real	OSD-253/Mmus_C3H-HeJ_KDN_FLT_75days_Rep2_F8	OSD-253	kidney	flight	478	-0.102238074	-0.246470287
real	OSD-253/Mmus_C3H-HeJ_KDN_GC_75days_Rep2_G8	OSD-253	kidney	ground_control	488	-0.22650595	-0.238693252
real	OSD-253/Mmus_C3H-HeJ_KDN_GC_75days_Rep4_G16	OSD-253	kidney	ground_control	490	-0.374444932	-0.0335246325
real	OSD-253/Mmus_C57-6J_KDN_GC_25days_Rep5_G17	OSD-253	kidney	ground_control	506	-0.194686264	-0.238323852
real	OSD-254/Mmus_C3H-HeJ_SKN_FLT_25days_Rep3_F10	OSD-254	skin	flight	513	0.866974652	-0.190882459
real	OSD-254/Mmus_C3H-HeJ_SKN_GC_25days_Rep1_G2	OSD-254	skin	ground_control	521	0.665875018	-0.1488491
real	OSD-254/Mmus_C3H-HeJ_SKN_GC_75days_Rep2_G8	OSD-254	skin	ground_control	527	0.82113409	-0.172231674
real	OSD-254/Mmus_C57-6J_SKN_FLT_75days_Rep4_F15	OSD-254	skin	flight	539	0.660679877	-0.0231151991
real	OSD-254/Mmus_C57-6J_SKN_FLT_75days_Rep5_F19	OSD-254	skin	flight	540	0.680877268	0.0920048878
real	OSD-254/Mmus_C57-6J_SKN_GC_75days_Rep3_G15	OSD-254	skin	ground_control	548	0.733216524	-0.179047108
real	OSD-255/GSM3932694	OSD-255	retina	ground_control	552	0.388599783	-0.0221357048
real	OSD-255/GSM3932701	OSD-255	retina	flight	559	0.427837849	-0.0204973388
real	OSD-270/RR3_HRT_FLT_F1	OSD-270	heart	flight	567	-0.350565374	0.178336546
real	OSD-288/Mmus_C57-6CR_SPL_GC_1G_Rep2_gc2	OSD-288	spleen	ground_control	573	0.508689046	-0.114171632
real	OSD-288/Mmus_C57-6J_SPL_FLT_1G_Rep2_ag2	OSD-288	spleen	flight	576	0.560288131	-0.126310065
real	OSD-289/Mmus_C57-6CR_TMS_MHU1_GC_1G_Rep1	OSD-289	thymus	ground_control	581	0.577141523	-0.15135093
real	OSD-289/Mmus_C57-6J_TMS_MHU1_FLT_1G_Rep1	OSD-289	thymus	flight	584	0.875805974	-0.209525019
real	OSD-289/Mmus_C57-6J_TMS_MHU2_FLT_uG_Rep1	OSD-289	thymus	flight	593	0.855205476	-0.202916846
real	OSD-326/SRR11148754	OSD-326	skeletal_muscle	ground_control	597	-0.342375845	0.738141358
real	OSD-326/SRR11148760	OSD-326	skeletal_muscle	flight	603	-0.312567234	0.627046883
real	OSD-352/RR3_BRN_FLT_F2	OSD-352	brain	flight	605	-0.189700916	0.0936184153
real	OSD-352/RR3_BRN_GC_G7	OSD-352	brain	ground_control	607	-0.200874269	0.0884154886
real	OSD-379/RR8_LVR_FLT_ISS-T_OLD_FI15	OSD-379	liver	flight	614	-0.564360082	-0.460236728
real	OSD-379/RR8_LVR_FLT_ISS-T_OLD_FI18	OSD-379	liver	flight	617	-0.555466712	-0.217806354
real	OSD-379/RR8_LVR_FLT_ISS-T_OLD_FI20	OSD-379	liver	flight	619	-0.569217384	-0.54467845
real	OSD-379/RR8_LVR_FLT_ISS-T_YNG_FI2	OSD-379	liver	flight	622	-0.564803302	-0.201738209
real	OSD-379/RR8_LVR_FLT_ISS-T_YNG_FI6	OSD-379	liver	flight	626	-0.56018573	-0.49655205
real	OSD-379/RR8_LVR_FLT_LAR_OLD_FL11	OSD-379	liver	flight	630	-0.584332407	-0.378624886
real	OSD-379/RR8_LVR_GC_ISS-T_OLD_GI14	OSD-379	liver	ground_control	648	-0.551707983	-0.24128221
real	OSD-379/RR8_LVR_GC_ISS-T_OLD_GI17	OSD-379	liver	ground_control	651	-0.555398107	-0.357014537
real	OSD-379/RR8_LVR_GC_ISS-T_YNG_GI7	OSD-379	liver	ground_control	662	-0.582161665	-0.368110567
real	OSD-379/RR8_LVR_GC_LAR_OLD_GL12	OSD-379	liver	ground_control	666	-0.572004676	-0.21747297
real	OSD-379/RR8_LVR_GC_LAR_OLD_GL15	OSD-379	liver	ground_control	667	-0.684645653	-0.554621637
real	OSD-379/RR8_LVR_GC_LAR_YNG_GL5	OSD-379	liver	ground_control	678	-0.500106215	0.0794034973
real	OSD-397/M22	OSD-397	retina	flight	681	0.282372445	-0.0289095379
real	OSD-397/M26	OSD-397	retina	flight	685	0.170218766	0.00666455505
real	OSD-397/M33	OSD-397	retina	ground_control	691	0.234176084	-0.00516900513
real	OSD-401/GSM5398363	OSD-401	skeletal_muscle	flight	701	-0.123446532	0.840627134
real	OSD-401/GSM5398366	OSD-401	skeletal_muscle	ground_control	704	-0.091657564	1.08782065
real	OSD-419/RR1_GST-R_FLT_M26	OSD-419	skeletal_muscle	flight	711	-0.445412695	0.331776679
real	OSD-419/RR1_GST-R_GC_M38	OSD-419	skeletal_muscle	ground_control	717	-0.455656201	0.289485991
real	OSD-420/RR9_SPL_FLT_F2	OSD-420	spleen	flight	722	-0.222172484	0.0311346184
real	OSD-420/RR9_SPL_FLT_F8	OSD-420	spleen	flight	728	-0.207882687	0.0313362703
real	OSD-420/RR9_SPL_GC_G10	OSD-420	spleen	ground_control	731	-0.232592657	0.0313623473
real	OSD-420/RR9_SPL_GC_G4	OSD-420	spleen	ground_control	734	-0.264428496	0.0363253318
real	OSD-421/RR9_TMS_FLT_F7	OSD-421	thymus	flight	747	-0.387082577	0.055253908
real	OSD-421/RR9_TMS_FLT_F9	OSD-421	thymus	flight	749	-0.243619442	0.0155501999
real	OSD-421/RR9_TMS_GC_G5	OSD-421	thymus	ground_control	755	-0.12357641	-0.012382701
real	OSD-421/RR9_TMS_GC_G8	OSD-421	thymus	ground_control	758	-0.115894847	-0.0071762274
real	OSD-426/EU184	OSD-426	cells	flight	763	0.655693531	0.0142303081
real	OSD-426/EU188	OSD-426	cells	flight	767	0.889933586	-0.0113678742
real	OSD-426/EU231	OSD-426	cells	ground_control	776	0.164482236	0.0737630874
real	OSD-457/GSM4613920	OSD-457	bone	ground_control	789	0.0487213917	0.0738647208
real	OSD-457/GSM4613923	OSD-457	bone	flight	792	0.37808606	-0.117259212
real	OSD-457/GSM4613925	OSD-457	bone	flight	794	0.116039552	-0.0606137887
real	OSD-457/GSM4613926	OSD-457	bone	flight	795	0.126731113	-0.0605002493
real	OSD-457/GSM4613932	OSD-457	bone	ground_control	801	0.208983347	-0.0766095147
real	OSD-457/GSM4613934	OSD-457	spleen	flight	803	0.586611092	-0.159280986
real	OSD-457/GSM4613937	OSD-457	spleen	flight	806	0.684158623	-0.171852648
real	OSD-457/GSM4613949	OSD-457	spleen	ground_control	818	0.572721064	-0.151227802
real	OSD-457/GSM4613953	OSD-457	spleen	ground_control	822	0.650932789	-0.172164306
real	OSD-457/GSM4613959	OSD-457	liver	flight	828	-0.573946655	-0.621052265
real	OSD-457/GSM4613963	OSD-457	liver	flight	832	-0.549870551	-0.563186884
real	OSD-457/GSM4613969	OSD-457	liver	ground_control	838	-0.517105401	-0.570542812
real	OSD-457/GSM4613972	OSD-457	liver	ground_control	841	-0.507179022	-0.525381982
real	OSD-457/GSM4613982	OSD-457	white_adipose_tissue	ground_control	851	-0.0823935643	-0.271899611
real	OSD-457/GSM4613990	OSD-457	white_adipose_tissue	ground_control	859	-0.0698285848	-0.270623326
real	OSD-457/GSM4613996	OSD-457	white_adipose_tissue	flight	865	0.0225289408	-0.230870843
real	OSD-457/GSM4614002	OSD-457	white_adipose_tissue	flight	871	-0.00196258584	-0.242957115
real	OSD-457/GSM4614012	OSD-457	brown_adipose_tissue	ground_control	881	-0.391329885	-0.0141816624
real	OSD-457/GSM4614014	OSD-457	brown_adipose_tissue	ground_control	883	-0.394112349	0.00581848668
real	OSD-457/GSM4614019	OSD-457	brown_adipose_tissue	flight	888	-0.382258236	0.00967720337
real	OSD-457/GSM4614023	OSD-457	brown_adipose_tissue	flight	892	-0.371496022	0.0129885608
real	OSD-457/GSM4614036	OSD-457	thymus	flight	905	0.977110267	-0.239818498
real	OSD-457/GSM4614037	OSD-457	thymus	flight	906	0.956680059	-0.233810902
real	OSD-457/GSM4614043	OSD-457	thymus	ground_control	912	0.883600831	-0.220293403
real	OSD-457/GSM4614050	OSD-457	thymus	ground_control	919	0.811172247	-0.201095656
real	OSD-457/GSM4614053	OSD-457	bone	ground_control	922	0.31477198	0.0624705926
real	OSD-457/GSM4614066	OSD-457	kidney	ground_control	935	-0.294502556	-0.261923283
real	OSD-457/GSM4614073	OSD-457	kidney	flight	942	-0.287313759	-0.244875729
real	OSD-457/GSM4614079	OSD-457	brain	ground_control	948	0.472474992	0.0184427835
real	OSD-457/GSM4614088	OSD-457	brain	ground_control	957	0.299947739	0.0402032845
real	OSD-457/GSM4614095	OSD-457	brain	flight	964	0.341250569	0.0288898647
real	OSD-457/GSM4614100	OSD-457	brain	flight	969	0.357658833	0.0266136285
real	OSD-463/RR23_LVR_FLT_F7	OSD-463	liver	flight	976	-0.662144184	-0.430307418
real	OSD-463/RR23_LVR_FLT_F8	OSD-463	liver	flight	977	-0.583787084	-0.177146375
real	OSD-463/RR23_LVR_GC_G2	OSD-463	liver	ground_control	980	-0.566125095	-0.420137018
real	OSD-463/RR23_LVR_GC_G3	OSD-463	liver	ground_control	981	-0.535203576	-0.145441964
real	OSD-464/RR23_LNG_FLT_F7	OSD-464	lung	flight	994	-0.15857023	-0.0178372506
real	OSD-464/RR23_LNG_FLT_F8	OSD-464	lung	flight	995	-0.0622814	-0.0211026147
real	OSD-464/RR23_LNG_GC_G4	OSD-464	lung	ground_control	1000	0.0370631255	-0.0584579036
real	OSD-47/Mmus_C57-6T_LVR_FLT_Rep2_F2	OSD-47	liver	flight	1006	-0.617311537	-0.544511855
real	OSD-47/Mmus_C57-6T_LVR_GC_Rep3_G5	OSD-47	liver	ground_control	1010	-0.49680236	-0.521110475
real	OSD-48/Mmus_C57-6J_LVR_FLT_C_Rep5_M30	OSD-48	liver	flight	1015	-0.574560881	-0.14461638
real	OSD-48/Mmus_C57-6J_LVR_GC_C_Rep2_M37	OSD-48	liver	ground_control	1019	-0.577628374	-0.205387443
real	OSD-506/RR23_SPL_FLT_F2	OSD-506	spleen	flight	1026	-0.297046959	0.0327478163
real	OSD-506/RR23_SPL_FLT_F9	OSD-506	spleen	flight	1033	-0.0619761199	-0.018978402
real	OSD-506/RR23_SPL_GC_G2	OSD-506	spleen	ground_control	1035	-0.295144051	0.0355496816
real	OSD-506/RR23_SPL_GC_G3	OSD-506	spleen	ground_control	1036	-0.0159447491	-0.0275923274
real	OSD-511/RRRM1_MG_FLT_LAR_OLD_FL11	OSD-511	mammary_gland	flight	1043	-0.0874194354	-0.195907012
real	OSD-511/RRRM1_MG_FLT_LAR_OLD_FL3	OSD-511	mammary_gland	flight	1045	-0.133834615	-0.134952784
real	OSD-511/RRRM1_MG_GC_LAR_OLD_GL11	OSD-511	mammary_gland	ground_control	1053	0.0260986164	-0.281295836
real	OSD-511/RRRM1_MG_GC_LAR_OLD_GL7	OSD-511	mammary_gland	ground_control	1058	0.0537577122	-0.229804769
real	OSD-511/RRRM1_MG_GC_LAR_YNG_GL2	OSD-511	mammary_gland	ground_control	1065	-0.0792921558	-0.182981178
real	OSD-512/RR23_ADR_FLT_F7	OSD-512	adrenal_gland	flight	1074	-0.215133905	-0.163861722
real	OSD-512/RR23_ADR_FLT_F9	OSD-512	adrenal_gland	flight	1076	-0.0767629519	-0.0773318633
real	OSD-512/RR23_ADR_GC_G5	OSD-512	adrenal_gland	ground_control	1081	-0.0367940329	-0.127583757
real	OSD-512/RR23_ADR_GC_G8	OSD-512	adrenal_gland	ground_control	1084	-0.148215994	-0.103792459
real	OSD-513/RR23_KDN_FLT_F3	OSD-513	kidney	flight	1088	-0.492238045	0.0444406345
real	OSD-513/RR23_KDN_FLT_F9	OSD-513	kidney	flight	1094	-0.476855367	0.0171939246
real	OSD-513/RR23_KDN_GC_G3	OSD-513	kidney	ground_control	1097	-0.436715186	-0.0121538341
real	OSD-513/RR23_KDN_GC_G4	OSD-513	kidney	ground_control	1098	-0.425274253	-0.0336365253
real	OSD-515/RR23_TMS_FLT_F5	OSD-515	thymus	flight	1108	0.535029888	-0.131094635
real	OSD-515/RR23_TMS_FLT_F9	OSD-515	thymus	flight	1112	-0.207782611	0.000473950611
real	OSD-515/RR23_TMS_GC_G1	OSD-515	thymus	ground_control	1113	0.595572889	-0.161983296
real	OSD-515/RR23_TMS_GC_G2	OSD-515	thymus	ground_control	1114	0.418453485	-0.115681574
real	OSD-525/RR23_Cb_FLT_F4	OSD-525	cerebellum	flight	1125	-0.257674396	0.055699721
real	OSD-525/RR23_Cb_FLT_F8	OSD-525	cerebellum	flight	1129	-0.195862383	0.0461714119
real	OSD-525/RR23_Cb_GC_G7	OSD-525	cerebellum	ground_control	1137	-0.294001728	0.0608766936
real	OSD-525/RR23_Cb_GC_G9	OSD-525	cerebellum	ground_control	1139	-0.140911713	0.0451310277
real	OSD-561/RRRM2_Cb_FLT_ISS-T_YNG_FY3	OSD-561	cerebellum	flight	1145	-0.31731081	0.07303565
real	OSD-561/RRRM2_Cb_FLT_ISS-T_YNG_FY6	OSD-561	cerebellum	flight	1147	-0.0783845559	0.043405816
real	OSD-561/RRRM2_Cb_GC_ISS-T_OLD_GO14	OSD-561	cerebellum	ground_control	1154	-0.484704554	0.0825121924
real	OSD-561/RRRM2_Cb_GC_ISS-T_OLD_GO20	OSD-561	cerebellum	ground_control	1156	-0.190832183	0.0510668159
real	OSD-562/RRRM2_HPC_FLT_ISS-T_YNG_FY3	OSD-562	hippocampus	flight	1172	-0.440594703	0.0808473155
real	OSD-562/RRRM2_HPC_FLT_LAR_YNG_FY6	OSD-562	hippocampus	flight	1179	-0.0853234082	0.0673059002
real	OSD-562/RRRM2_HPC_FLT_LAR_YNG_FY7	OSD-562	hippocampus	flight	1180	-0.148315385	0.0637010634
real	OSD-562/RRRM2_HPC_GC_ISS-T_YNG_GY5	OSD-562	hippocampus	ground_control	1185	-0.32498306	0.0736813843
real	OSD-562/RRRM2_HPC_GC_LAR_YNG_GY5	OSD-562	hippocampus	ground_control	1192	-0.294461995	0.0734839216
real	OSD-563/RR10_Cb_FLT_WT_F7	OSD-563	cerebellum	flight	1196	-0.074699834	0.0411113612
real	OSD-563/RR10_Cb_GC_WT_G7	OSD-563	cerebellum	ground_control	1201	0.0197835267	0.0297182575
real	OSD-564/RR10_HPC_FLT_WT_F9	OSD-564	hippocampus	flight	1207	-0.0447231121	0.0539016426
real	OSD-564/RR10_HPC_GC_WT_G9	OSD-564	hippocampus	ground_control	1212	0.00841783639	0.0575570092
real	OSD-576/RR23_R-TA_FLT_F7	OSD-576	skeletal_muscle	flight	1219	-0.329526544	0.659988403
real	OSD-576/RR23_R-TA_FLT_F8	OSD-576	skeletal_muscle	flight	1220	-0.269596308	0.773897529
real	OSD-576/RR23_R-TA_GC_G1	OSD-576	skeletal_muscle	ground_control	1222	-0.34608689	0.621382654
real	OSD-576/RR23_R-TA_GC_G2	OSD-576	skeletal_muscle	ground_control	1223	-0.329779595	0.703296661
real	OSD-580/RRRM2_HRT_FLT_ISS-T_OLD_FO15	OSD-580	heart	flight	1233	-0.438092977	0.141858235
real	OSD-580/RRRM2_HRT_FLT_ISS-T_YNG_FY7	OSD-580	heart	flight	1239	-0.512999833	0.0904023945
real	OSD-580/RRRM2_HRT_FLT_LAR_OLD_FO1	OSD-580	heart	flight	1241	-0.373595148	0.200439423
real	OSD-580/RRRM2_HRT_GC_ISS-T_YNG_GY1	OSD-580	heart	ground_control	1256	-0.410090566	0.179429173
real	OSD-580/RRRM2_HRT_GC_LAR_YNG_GY1	OSD-580	heart	ground_control	1266	-0.3794218	0.180542946
real	OSD-580/RRRM2_HRT_GC_LAR_YNG_GY3	OSD-580	heart	ground_control	1267	-0.351354986	0.18977879
real	OSD-599/GSM6996079	OSD-599	heart	ground_control	1273	-0.365057588	0.178083122
real	OSD-599/GSM6996080	OSD-599	heart	flight	1274	-0.382763803	0.169729665
real	OSD-612/RR10_BRN_FLT_WT_F1	OSD-612	brain	flight	1277	-0.173144475	0.094887279
real	OSD-612/RR10_BRN_GC_WT_G7	OSD-612	brain	ground_control	1284	-0.214296415	0.0664687231
real	OSD-613/RRRM2_BRN_FLT_ISS-T_OLD_FO20	OSD-613	brain	flight	1290	-0.0693502277	0.0729898438
real	OSD-613/RRRM2_BRN_FLT_ISS-T_YNG_FY2	OSD-613	brain	flight	1291	-0.00614355458	0.0524361916
real	OSD-613/RRRM2_BRN_GC_ISS-T_OLD_GO18	OSD-613	brain	ground_control	1297	-0.128281638	0.0715025738
real	OSD-613/RRRM2_BRN_GC_ISS-T_YNG_GY4	OSD-613	brain	ground_control	1301	-0.123039566	0.0663574561
real	OSD-665/RR23_R-EDL_FLT_F3	OSD-665	skeletal_muscle	flight	1306	-0.344224989	0.545042634
real	OSD-665/RR23_R-EDL_FLT_F7	OSD-665	skeletal_muscle	flight	1310	-0.322913766	0.609176159
real	OSD-665/RR23_R-EDL_GC_G6	OSD-665	skeletal_muscle	ground_control	1318	-0.325489342	0.613814294
real	OSD-665/RR23_R-EDL_GC_G7	OSD-665	skeletal_muscle	ground_control	1319	-0.338474274	0.55311954
real	OSD-666/RR23_R-Quad_FLT_F1	OSD-666	skeletal_muscle	flight	1322	-0.207863554	1.21390975
real	OSD-666/RR23_R-Quad_FLT_F8	OSD-666	skeletal_muscle	flight	1329	-0.204457119	0.878141522
real	OSD-666/RR23_R-Quad_GC_G4	OSD-666	skeletal_muscle	ground_control	1334	-0.219381019	0.995235622
real	OSD-666/RR23_R-Quad_GC_G5	OSD-666	skeletal_muscle	ground_control	1335	-0.208607644	1.14814448
real	OSD-667/RR10_CLN_FLT_KO_F19	OSD-667	colon	flight	1342	0.075049229	-0.12977986
real	OSD-667/RR10_CLN_FLT_WT_F7	OSD-667	colon	flight	1348	-0.218685061	-0.0114769852
real	OSD-667/RR10_CLN_GC_WT_G12	OSD-667	colon	ground_control	1354	-0.0802586675	-0.0539990999
real	OSD-667/RR10_CLN_GC_WT_G3	OSD-667	colon	ground_control	1357	-0.0633465499	-0.0291278642
real	OSD-686/GSM7708683	OSD-686	liver	ground_control	1360	-0.618953466	-0.684934855
real	OSD-686/GSM7708690	OSD-686	liver	flight	1367	-0.634508669	-0.74971956
real	OSD-690/GSM7706825	OSD-690	bone_marrow	ground_control	1371	0.128689334	-0.0706204847
real	OSD-690/GSM7706827	OSD-690	bone_marrow	ground_control	1373	-0.0520074852	-0.0354812108
real	OSD-690/GSM7706836	OSD-690	bone_marrow	flight	1382	-0.1536607	-0.00935479999
real	OSD-690/GSM7706839	OSD-690	bone_marrow	flight	1385	-0.101614565	-0.017437797
real	OSD-714/DRS284031	OSD-714	skeletal_muscle	ground_control	1393	-0.144955918	0.455806285
real	OSD-714/DRS284036	OSD-714	skeletal_muscle	flight	1398	0.0968518034	0.255647212
real	OSD-714/DRS284038	OSD-714	skeletal_muscle	flight	1400	0.145647049	0.293016434
real	OSD-714/DRS284041	OSD-714	skeletal_muscle	ground_control	1403	-0.0844696537	0.436102718
real	OSD-758/MHU-8_RTN_FLT_FLT06	OSD-758	retina	flight	1417	0.43844983	-0.00222695223
real	OSD-758/MHU-8_RTN_FLT_FLT14	OSD-758	retina	flight	1425	0.584674537	0.0156150572
real	OSD-758/MHU-8_RTN_FLT_FLT16	OSD-758	retina	flight	1427	0.56663996	0.0115722809
real	OSD-758/MHU-8_RTN_FLT_FLT23	OSD-758	retina	flight	1434	0.559929729	0.0244853348
real	OSD-758/MHU-8_RTN_HGC_HGC01	OSD-758	retina	ground_control	1436	0.576142788	0.00854822993
real	OSD-758/MHU-8_RTN_HGC_HGC05	OSD-758	retina	ground_control	1440	0.405726463	0.0238532927
real	OSD-759/MHU-8_ON_FLT_FLT04	OSD-759	optic_nerve	flight	1450	-0.115581021	0.530371308
real	OSD-759/MHU-8_ON_FLT_FLT06	OSD-759	optic_nerve	flight	1452	0.0971414819	0.704686284
real	OSD-759/MHU-8_ON_FLT_FLT07	OSD-759	optic_nerve	flight	1453	0.675714374	0.260948986
real	OSD-759/MHU-8_ON_FLT_FLT08	OSD-759	optic_nerve	flight	1454	0.714204609	0.690737188
real	OSD-759/MHU-8_ON_HGC_HGC01	OSD-759	optic_nerve	ground_control	1471	0.228488564	0.9058007
real	OSD-759/MHU-8_ON_HGC_HGC02	OSD-759	optic_nerve	ground_control	1472	0.0530062355	0.574757814
real	OSD-770/RR23_R-SLS_FLT_F3	OSD-770	skeletal_muscle	flight	1485	-0.451567531	0.173596427
real	OSD-770/RR23_R-SLS_FLT_F9	OSD-770	skeletal_muscle	flight	1491	-0.415025711	0.229903698
real	OSD-770/RR23_R-SLS_GC_G2	OSD-770	skeletal_muscle	ground_control	1493	-0.378021806	0.25506115
real	OSD-770/RR23_R-SLS_GC_G4	OSD-770	skeletal_muscle	ground_control	1495	-0.380272537	0.278436065
real	OSD-771/RRRM2_R-KDN_FLT_ISS-T_OLD_FO13	OSD-771	kidney	flight	1502	-0.330271333	-0.174450487
real	OSD-771/RRRM2_R-KDN_FLT_ISS-T_YNG_FY1	OSD-771	kidney	flight	1506	-0.417057663	-0.106896572
real	OSD-771/RRRM2_R-KDN_FLT_LAR_OLD_FO19	OSD-771	kidney	flight	1513	-0.327568829	-0.113100611
real	OSD-771/RRRM2_R-KDN_GC_ISS-T_OLD_GO16	OSD-771	kidney	ground_control	1525	-0.365493655	-0.136832401
real	OSD-771/RRRM2_R-KDN_GC_LAR_OLD_GO19	OSD-771	kidney	ground_control	1535	-0.356334269	-0.125197932
real	OSD-771/RRRM2_R-KDN_GC_LAR_YNG_GY5	OSD-771	kidney	ground_control	1538	-0.404480308	-0.069016479
real	OSD-899/RR10_CEC_FLT_KO_F11	OSD-899	cecum	flight	1541	-0.324426919	-0.00120258587
real	OSD-899/RR10_CEC_FLT_WT_F16	OSD-899	cecum	flight	1547	-0.228659853	-0.0464316085
real	OSD-899/RR10_CEC_GC_KO_G4	OSD-899	cecum	ground_control	1554	-0.267640352	-0.0075415629
real	OSD-899/RR10_CEC_GC_WT_G12	OSD-899	cecum	ground_control	1556	-0.375237882	0.0202353764
real	OSD-900/RR10_LNG_FLT_KO_F10	OSD-900	lung	flight	1561	0.234489456	-0.122730702
real	OSD-900/RR10_LNG_FLT_KO_F8	OSD-900	lung	flight	1565	0.370690614	-0.149173096
real	OSD-900/RR10_LNG_GC_KO_G2	OSD-900	lung	ground_control	1572	0.0824738219	-0.096176073
real	OSD-900/RR10_LNG_GC_WT_G5	OSD-900	lung	ground_control	1578	0.188040033	-0.102062158
real	OSD-901/GSM8596801	OSD-901	cultured_cells	ground_control	1581	1.71209025	-0.483220756
real	OSD-901/GSM8596804	OSD-901	cultured_cells	flight	1584	1.56793642	-0.446716785
real	OSD-98/Mmus_C57-6J_ADR_FLT_Rep6_M28	OSD-98	adrenal_gland	flight	1592	0.543361783	-0.212162361
real	OSD-98/Mmus_C57-6J_ADR_GC_Rep4_M36	OSD-98	adrenal_gland	ground_control	1596	0.517299294	-0.183930025
real	OSD-99/Mmus_C57-6J_EDL_FLT_Rep6_M30	OSD-99	skeletal_muscle	flight	1603	-0.0865284801	1.13000524
real	OSD-99/Mmus_C57-6J_EDL_GC_Rep1_M31	OSD-99	skeletal_muscle	ground_control	1604	-0.088752903	1.08672786
synthetic	OSD-100/Mmus_C57-6J_EYE_FLT_Rep3_M25	OSD-100	eye	flight	2	0.605888247	-0.103588738
synthetic	OSD-100/Mmus_C57-6J_EYE_GC_Rep1_M33	OSD-100	eye	ground_control	6	0.643897712	-0.0947122425
synthetic	OSD-101/Mmus_C57-6J_GST_FLT_Rep6_M28	OSD-101	skeletal_muscle	flight	17	0.000373640185	1.20559275
synthetic	OSD-101/Mmus_C57-6J_GST_GC_Rep4_M36	OSD-101	skeletal_muscle	ground_control	21	-0.0695130602	1.09596169
synthetic	OSD-102/Mmus_C57-6J_KDN_FLT_Rep4_M26	OSD-102	kidney	flight	27	-0.0696469247	-0.156722575
synthetic	OSD-102/Mmus_C57-6J_KDN_GC_Rep5_M37	OSD-102	kidney	ground_control	34	0.0636474118	-0.225806788
synthetic	OSD-103/Mmus_C57-6J_Quad_FLT_Rep6_M28	OSD-103	skeletal_muscle	flight	41	0.00300046196	1.35767376
synthetic	OSD-103/Mmus_C57-6J_Quad_GC_Rep3_M35	OSD-103	skeletal_muscle	ground_control	44	-0.0128546748	1.39596009
synthetic	OSD-104/Mmus_C57-6J_SLS_FLT_Rep4_M26	OSD-104	skeletal_muscle	flight	51	-0.0265031811	0.977823853
synthetic	OSD-104/Mmus_C57-6J_SLS_GC_Rep3_M35	OSD-104	skeletal_muscle	ground_control	56	-0.0510977209	0.856583536
synthetic	OSD-105/Mmus_C57-6J_TA_FLT_Rep1_M23	OSD-105	skeletal_muscle	flight	60	-0.0708095506	1.05774581
synthetic	OSD-105/Mmus_C57-6J_TA_GC_Rep2_M34	OSD-105	skeletal_muscle	ground_control	67	-0.116537713	0.903013945
synthetic	OSD-137/Mmus_BAL-TAL_LVR_FLT_Rep6_F6	OSD-137	liver	flight	77	-0.683900297	-0.691804111
synthetic	OSD-137/Mmus_BAL-TAL_LVR_GC_Rep4_G5	OSD-137	liver	ground_control	81	-0.67631793	-0.67736733
synthetic	OSD-161/Mmus_BAL-TAL_ADR_FLT_Rep3_F4	OSD-161	adrenal_gland	flight	86	0.683970511	-0.309197664
synthetic	OSD-161/Mmus_BAL-TAL_ADR_GC_Rep3_G4	OSD-161	adrenal_gland	ground_control	91	0.634850681	-0.287624061
synthetic	OSD-162/Mmus_BAL-TAL_EYE_FLT_Rep4_F4	OSD-162	eye	flight	97	0.271237075	-0.182370961
synthetic	OSD-162/Mmus_BAL-TAL_EYE_GC_Rep4_G5	OSD-162	eye	ground_control	102	0.299966216	0.10465128
synthetic	OSD-163/Mmus_BAL-TAL_KDN_FLT_Rep4_F5	OSD-163	kidney	flight	107	-0.0276031215	-0.276696056
synthetic	OSD-163/Mmus_BAL-TAL_KDN_GC_Rep3_G3	OSD-163	kidney	ground_control	112	-0.197332874	-0.216216028
synthetic	OSD-164/Mmus_C57-6T_LVR_FLT_Rep1_F1	OSD-164	liver	flight	116	-0.741503239	-0.518796206
synthetic	OSD-164/Mmus_C57-6T_LVR_GC_Rep2_G2	OSD-164	liver	ground_control	120	-0.683757842	-0.58075279
synthetic	OSD-164/Mmus_C57-6T_SPL_FLT_Rep3_F3	OSD-164	spleen	flight	124	0.707653463	-0.224829882
synthetic	OSD-164/Mmus_C57-6T_SPL_GC_Rep1_G1	OSD-164	spleen	ground_control	125	0.614115417	-0.20711568
synthetic	OSD-168/Mmus_BAL-TAL_LVR_RR3_FLT_wERCC_Rep1_F1	OSD-168	liver	flight	128	-0.517174602	-0.70614177
synthetic	OSD-168/Mmus_BAL-TAL_LVR_RR3_GC_wERCC_Rep3_G3	OSD-168	liver	ground_control	134	-0.439240634	-0.635250747
synthetic	OSD-168/Mmus_C57-6J_LVR_RR1_FLT_noERCC_Rep2_M26	OSD-168	liver	flight	137	-0.605153501	-0.672494233
synthetic	OSD-168/Mmus_C57-6J_LVR_RR1_GC_wERCC_Rep2_M37	OSD-168	liver	ground_control	152	-0.660542428	-0.600614607
synthetic	OSD-194/Mmus_BAL-TAL_LRTN_FLT_Rep5_F10	OSD-194	retina	flight	164	0.875833392	-0.0784948245
synthetic	OSD-194/Mmus_BAL-TAL_RRTN_GC_Rep4_G10	OSD-194	retina	ground_control	168	0.7370314	-0.073619917
synthetic	OSD-238/Mmus_C57-6J_DSKN_FLT_1G_JCwFOS_Rep1_F4	OSD-238	skin	flight	172	0.465015054	0.110501714
synthetic	OSD-238/Mmus_C57-6J_DSKN_FLT_uG_JCwFOS_Rep3_F8	OSD-238	skin	flight	180	0.668697476	-0.0361035578
synthetic	OSD-238/Mmus_C57-6J_DSKN_GC_1G_JCwFOS_Rep3_G11	OSD-238	skin	ground_control	186	0.61743927	-0.0924382284
synthetic	OSD-239/Mmus_C57-6J_FSKN_FLT_uG_JC_Rep2_F9	OSD-239	skin	flight	194	0.616412461	0.0998829305
synthetic	OSD-239/Mmus_C57-6J_FSKN_FLT_uG_JCwFOS_Rep1_F1	OSD-239	skin	flight	195	0.757663548	-0.205525219
synthetic	OSD-239/Mmus_C57-6J_FSKN_GC_1G_JCwFOS_Rep2_G10	OSD-239	skin	ground_control	202	0.546778023	-0.0248754863
synthetic	OSD-240/Mmus_BAL-TAL_DSKN_FLT_Rep2_F2	OSD-240	skin	flight	206	0.331323296	-0.0380694382
synthetic	OSD-240/Mmus_BAL-TAL_DSKN_FLT_Rep9_F9	OSD-240	skin	flight	213	0.389988065	0.171121284
synthetic	OSD-240/Mmus_BAL-TAL_DSKN_GC_Rep10_G10	OSD-240	skin	ground_control	214	0.408909053	0.0262685809
synthetic	OSD-240/Mmus_BAL-TAL_DSKN_GC_Rep2_G2	OSD-240	skin	ground_control	216	0.682029009	-0.0940522552
synthetic	OSD-241/Mmus_BAL-TAL_FSKN_FLT_Rep6_F6	OSD-241	skin	flight	229	0.471869648	-0.171066865
synthetic	OSD-241/Mmus_BAL-TAL_FSKN_FLT_Rep8_F9	OSD-241	skin	flight	231	0.580255091	-0.119357213
synthetic	OSD-241/Mmus_BAL-TAL_FSKN_GC_Rep2_G2	OSD-241	skin	ground_control	235	0.637833536	-0.239031047
synthetic	OSD-241/Mmus_BAL-TAL_FSKN_GC_Rep3_G3	OSD-241	skin	ground_control	236	0.67553091	-0.177563444
synthetic	OSD-242/Mmus_C57-6J_LVR_FLT_C1_Rep3_F3	OSD-242	liver	flight	245	-0.565382302	-0.399376303
synthetic	OSD-242/Mmus_C57-6J_LVR_GC_C2_Rep3_G4	OSD-242	liver	ground_control	250	-0.498118311	-0.212217197
synthetic	OSD-243/Mmus_C57-6T_DSKN_FLT_LAR_Rep3_F3	OSD-243	skin	flight	263	0.681242049	-0.0991498902
synthetic	OSD-243/Mmus_C57-6T_DSKN_FLT_LAR_Rep6_F6	OSD-243	skin	flight	266	0.456517696	0.112982832
synthetic	OSD-243/Mmus_C57-6T_DSKN_FLT_LAR_Rep7_F7	OSD-243	skin	flight	267	0.486287683	0.0304473247
synthetic	OSD-243/Mmus_C57-6T_DSKN_GC_ISS-T_Rep3_G3	OSD-243	skin	ground_control	273	0.620901585	-0.129215017
synthetic	OSD-243/Mmus_C57-6T_DSKN_GC_LAR_Rep3_G4	OSD-243	skin	ground_control	282	0.830370903	-0.219868004
synthetic	OSD-243/Mmus_C57-6T_DSKN_GC_LAR_Rep4_G5	OSD-243	skin	ground_control	283	0.565559208	0.127854571
synthetic	OSD-244/Mmus_C57-6T_TMS_FLT_ISS-T_Rep1_F1	OSD-244	thymus	flight	290	-0.3440108	0.0196102727
synthetic	OSD-244/Mmus_C57-6T_TMS_FLT_LAR_Rep2_F2	OSD-244	thymus	flight	300	-0.103359297	-0.0366651379
synthetic	OSD-244/Mmus_C57-6T_TMS_FLT_LAR_Rep6_F7	OSD-244	thymus	flight	304	0.0779874325	-0.0505635142
synthetic	OSD-244/Mmus_C57-6T_TMS_GC_ISS-T_Rep2_G2	OSD-244	thymus	ground_control	310	0.299179047	-0.0868146047
synthetic	OSD-244/Mmus_C57-6T_TMS_GC_LAR_Rep4_G5	OSD-244	thymus	ground_control	321	0.333516747	-0.114606112
synthetic	OSD-244/Mmus_C57-6T_TMS_GC_LAR_Rep6_G7	OSD-244	thymus	ground_control	323	0.429069042	-0.169760078
synthetic	OSD-245/Mmus_C57-6T_LVR_FLT_ISS-T_Rep9_F4	OSD-245	liver	flight	336	-0.445905477	-0.0965393782
synthetic	OSD-245/Mmus_C57-6T_LVR_FLT_LAR_Rep10_F5	OSD-245	liver	flight	337	-0.542807996	-0.205138341
synthetic	OSD-245/Mmus_C57-6T_LVR_FLT_LAR_Rep1_F1	OSD-245	liver	flight	338	-0.5093835	-0.230808169
synthetic	OSD-245/Mmus_C57-6T_LVR_GC_ISS-T_Rep4_G7	OSD-245	liver	ground_control	351	-0.516591489	-0.329895049
synthetic	OSD-245/Mmus_C57-6T_LVR_GC_ISS-T_Rep9_G5	OSD-245	liver	ground_control	356	-0.507526755	-0.1995437
synthetic	OSD-245/Mmus_C57-6T_LVR_GC_LAR_Rep5_G7	OSD-245	liver	ground_control	361	-0.629877448	-0.442304641
synthetic	OSD-246/Mmus_C57-6T_SPL_FLT_ISS-T_Rep5_F8	OSD-246	spleen	flight	370	0.32759735	-0.121641211
synthetic	OSD-246/Mmus_C57-6T_SPL_FLT_LAR_Rep5_F7	OSD-246	spleen	flight	377	0.307534188	-0.0989662185
synthetic	OSD-246/Mmus_C57-6T_SPL_FLT_LAR_Rep7_F9	OSD-246	spleen	flight	379	0.168910503	-0.0565734282
synthetic	OSD-246/Mmus_C57-6T_SPL_GC_LAR_Rep3_G5	OSD-246	spleen	ground_control	390	0.0648243576	-0.0327766165
synthetic	OSD-246/Mmus_C57-6T_SPL_GC_LAR_Rep8_G10	OSD-246	spleen	ground_control	395	0.154730916	-0.0635369644
synthetic	OSD-246/Mmus_C57-6T_SPL_GC_LAR_Rep9_G2	OSD-246	spleen	ground_control	396	0.171617046	-0.0720891207
synthetic	OSD-247/Mmus_C57-6T_CLN_FLT_ISS-T_Rep2_F3	OSD-247	colon	flight	398	0.18225944	-0.130765483
synthetic	OSD-247/Mmus_C57-6T_CLN_FLT_ISS-T_Rep6_F7	OSD-247	colon	flight	402	0.253617853	-0.122603834
synthetic	OSD-247/Mmus_C57-6T_CLN_FLT_LAR_Rep9_F9	OSD-247	colon	flight	415	0.0396030284	-0.145165086
synthetic	OSD-247/Mmus_C57-6T_CLN_GC_LAR_Rep3_G4	OSD-247	colon	ground_control	427	0.151006207	-0.120084725
synthetic	OSD-247/Mmus_C57-6T_CLN_GC_LAR_Rep5_G6	OSD-247	colon	ground_control	429	0.0371479094	-0.102448083
synthetic	OSD-247/Mmus_C57-6T_CLN_GC_LAR_Rep7_G9	OSD-247	colon	ground_control	431	0.247296676	-0.135114416
synthetic	OSD-248/Mmus_C57-6T_LNG_FLT_ISS-T_Rep10_F10	OSD-248	lung	flight	433	0.426641494	-0.193496928
synthetic	OSD-248/Mmus_C57-6T_LNG_FLT_ISS-T_Rep1_F1	OSD-248	lung	flight	434	0.373601139	-0.154394761
synthetic	OSD-248/Mmus_C57-6T_LNG_FLT_LAR_Rep3_F3	OSD-248	lung	flight	446	-0.0795493871	-0.137909621
synthetic	OSD-248/Mmus_C57-6T_LNG_GC_ISS-T_Rep1_G1	OSD-248	lung	ground_control	454	0.0681297854	-0.0581800491
synthetic	OSD-248/Mmus_C57-6T_LNG_GC_LAR_Rep3_G4	OSD-248	lung	ground_control	465	0.265246361	-0.11404366
synthetic	OSD-248/Mmus_C57-6T_LNG_GC_LAR_Rep5_G6	OSD-248	lung	ground_control	467	0.137493908	-0.120052606
synthetic	OSD-253/Mmus_C3H-HeJ_KDN_FLT_25days_Rep2_F6	OSD-253	kidney	flight	473	-0.137758479	-0.274066806
synthetic	OSD-253/Mmus_C3H-HeJ_KDN_FLT_25days_Rep4_F14	OSD-253	kidney	flight	475	-0.130812988	-0.217394024
synthetic	OSD-253/Mmus_C3H-HeJ_KDN_FLT_75days_Rep2_F8	OSD-253	kidney	flight	478	-0.235872343	-0.0124271465
synthetic	OSD-253/Mmus_C3H-HeJ_KDN_GC_75days_Rep2_G8	OSD-253	kidney	ground_control	488	-0.152847707	-0.293023616
synthetic	OSD-253/Mmus_C3H-HeJ_KDN_GC_75days_Rep4_G16	OSD-253	kidney	ground_control	490	-0.155620962	-0.305649489
synthetic	OSD-253/Mmus_C57-6J_KDN_GC_25days_Rep5_G17	OSD-253	kidney	ground_control	506	-0.163354218	-0.217118308
synthetic	OSD-254/Mmus_C3H-HeJ_SKN_FLT_25days_Rep3_F10	OSD-254	skin	flight	513	0.522994578	-0.00776685541
synthetic	OSD-254/Mmus_C3H-HeJ_SKN_GC_25days_Rep1_G2	OSD-254	skin	ground_control	521	0.386600763	0.082085602
synthetic	OSD-254/Mmus_C3H-HeJ_SKN_GC_75days_Rep2_G8	OSD-254	skin	ground_control	527	0.61876595	0.0826429799
synthetic	OSD-254/Mmus_C57-6J_SKN_FLT_75days_Rep4_F15	OSD-254	skin	flight	539	0.680079639	-0.0824224502
synthetic	OSD-254/Mmus_C57-6J_SKN_FLT_75days_Rep5_F19	OSD-254	skin	flight	540	0.408253282	-0.0488186143
synthetic	OSD-254/Mmus_C57-6J_SKN_GC_75days_Rep3_G15	OSD-254	skin	ground_control	548	0.68812716	-0.131460533
synthetic	OSD-255/GSM3932694	OSD-255	retina	ground_control	552	0.475377023	-0.0503304824
synthetic	OSD-255/GSM3932701	OSD-255	retina	flight	559	0.363471776	-0.0208364651
synthetic	OSD-270/RR3_HRT_FLT_F1	OSD-270	heart	flight	567	-0.243596748	0.159006253
synthetic	OSD-288/Mmus_C57-6CR_SPL_GC_1G_Rep2_gc2	OSD-288	spleen	ground_control	573	0.507369518	-0.0884886459
synthetic	OSD-288/Mmus_C57-6J_SPL_FLT_1G_Rep2_ag2	OSD-288	spleen	flight	576	0.626903057	-0.179227635
synthetic	OSD-289/Mmus_C57-6CR_TMS_MHU1_GC_1G_Rep1	OSD-289	thymus	ground_control	581	0.765962243	-0.151224077
synthetic	OSD-289/Mmus_C57-6J_TMS_MHU1_FLT_1G_Rep1	OSD-289	thymus	flight	584	0.892333925	-0.172165841
synthetic	OSD-289/Mmus_C57-6J_TMS_MHU2_FLT_uG_Rep1	OSD-289	thymus	flight	593	1.02805305	-0.255113691
synthetic	OSD-326/SRR11148754	OSD-326	skeletal_muscle	ground_control	597	-0.383704633	0.347886741
synthetic	OSD-326/SRR11148760	OSD-326	skeletal_muscle	flight	603	-0.317942798	0.824473441
synthetic	OSD-352/RR3_BRN_FLT_F2	OSD-352	brain	flight	605	-0.1586207	0.100091271
synthetic	OSD-352/RR3_BRN_GC_G7	OSD-352	brain	ground_control	607	-0.0910624787	0.0853859708
synthetic	OSD-379/RR8_LVR_FLT_ISS-T_OLD_FI15	OSD-379	liver	flight	614	-0.473581165	-0.0939141214
synthetic	OSD-379/RR8_LVR_FLT_ISS-T_OLD_FI18	OSD-379	liver	flight	617	-0.522818029	-0.152155757
synthetic	OSD-379/RR8_LVR_FLT_ISS-T_OLD_FI20	OSD-379	liver	flight	619	-0.562355638	-0.149002567
synthetic	OSD-379/RR8_LVR_FLT_ISS-T_YNG_FI2	OSD-379	liver	flight	622	-0.553087771	-0.192880511
synthetic	OSD-379/RR8_LVR_FLT_ISS-T_YNG_FI6	OSD-379	liver	flight	626	-0.60051018	-0.35619995
synthetic	OSD-379/RR8_LVR_FLT_LAR_OLD_FL11	OSD-379	liver	flight	630	-0.484833837	-0.0880258679
synthetic	OSD-379/RR8_LVR_GC_ISS-T_OLD_GI14	OSD-379	liver	ground_control	648	-0.561988831	-0.195281148
synthetic	OSD-379/RR8_LVR_GC_ISS-T_OLD_GI17	OSD-379	liver	ground_control	651	-0.536264598	-0.198665321
synthetic	OSD-379/RR8_LVR_GC_ISS-T_YNG_GI7	OSD-379	liver	ground_control	662	-0.592165768	-0.374595493
synthetic	OSD-379/RR8_LVR_GC_LAR_OLD_GL12	OSD-379	liver	ground_control	666	-0.547119081	-0.297281772
synthetic	OSD-379/RR8_LVR_GC_LAR_OLD_GL15	OSD-379	liver	ground_control	667	-0.563753247	-0.233682021
synthetic	OSD-379/RR8_LVR_GC_LAR_YNG_GL5	OSD-379	liver	ground_control	678	-0.552813113	-0.492558211
synthetic	OSD-397/M22	OSD-397	retina	flight	681	0.211788192	-0.0644297376
synthetic	OSD-397/M26	OSD-397	retina	flight	685	0.247193247	0.0344783068
synthetic	OSD-397/M33	OSD-397	retina	ground_control	691	0.279866964	-0.0318713933
synthetic	OSD-401/GSM5398363	OSD-401	skeletal_muscle	flight	701	-0.161373287	0.712994039
synthetic	OSD-401/GSM5398366	OSD-401	skeletal_muscle	ground_control	704	-0.072080262	1.16076875
synthetic	OSD-419/RR1_GST-R_FLT_M26	OSD-419	skeletal_muscle	flight	711	-0.431782871	0.282144994
synthetic	OSD-419/RR1_GST-R_GC_M38	OSD-419	skeletal_muscle	ground_control	717	-0.462905645	0.202945203
synthetic	OSD-420/RR9_SPL_FLT_F2	OSD-420	spleen	flight	722	-0.233928829	0.0671234876
synthetic	OSD-420/RR9_SPL_FLT_F8	OSD-420	spleen	flight	728	-0.205323726	0.013061068
synthetic	OSD-420/RR9_SPL_GC_G10	OSD-420	spleen	ground_control	731	-0.369913042	0.0552832931
synthetic	OSD-420/RR9_SPL_GC_G4	OSD-420	spleen	ground_control	734	-0.267787278	0.0366625115
synthetic	OSD-421/RR9_TMS_FLT_F7	OSD-421	thymus	flight	747	-0.271042198	0.0293294694
synthetic	OSD-421/RR9_TMS_FLT_F9	OSD-421	thymus	flight	749	-0.408553809	0.0714777187
synthetic	OSD-421/RR9_TMS_GC_G5	OSD-421	thymus	ground_control	755	-0.369447142	0.0727541819
synthetic	OSD-421/RR9_TMS_GC_G8	OSD-421	thymus	ground_control	758	0.43208316	-0.128744259
synthetic	OSD-426/EU184	OSD-426	cells	flight	763	0.425064147	0.0562096909
synthetic	OSD-426/EU188	OSD-426	cells	flight	767	0.192585215	-0.0161651112
synthetic	OSD-426/EU231	OSD-426	cells	ground_control	776	0.18836306	-0.00502964435
synthetic	OSD-457/GSM4613920	OSD-457	bone	ground_control	789	0.318474382	0.0821465552
synthetic	OSD-457/GSM4613923	OSD-457	bone	flight	792	0.120999195	-0.0918960124
synthetic	OSD-457/GSM4613925	OSD-457	bone	flight	794	0.121375233	-0.0297412854
synthetic	OSD-457/GSM4613926	OSD-457	bone	flight	795	0.166908905	-0.0206454322
synthetic	OSD-457/GSM4613932	OSD-457	bone	ground_control	801	0.0639382005	-0.0257778037
synthetic	OSD-457/GSM4613934	OSD-457	spleen	flight	803	0.593349278	-0.159057289
synthetic	OSD-457/GSM4613937	OSD-457	spleen	flight	806	0.569318354	-0.160729811
synthetic	OSD-457/GSM4613949	OSD-457	spleen	ground_control	818	0.616890728	-0.167754769
synthetic	OSD-457/GSM4613953	OSD-457	spleen	ground_control	822	0.539921165	-0.149695352
synthetic	OSD-457/GSM4613959	OSD-457	liver	flight	828	-0.499601454	-0.579901278
synthetic	OSD-457/GSM4613963	OSD-457	liver	flight	832	-0.578353584	-0.555379212
synthetic	OSD-457/GSM4613969	OSD-457	liver	ground_control	838	-0.496757388	-0.564715087
synthetic	OSD-457/GSM4613972	OSD-457	liver	ground_control	841	-0.551769197	-0.500872612
synthetic	OSD-457/GSM4613982	OSD-457	white_adipose_tissue	ground_control	851	-0.0942791551	-0.296638221
synthetic	OSD-457/GSM4613990	OSD-457	white_adipose_tissue	ground_control	859	-0.0241722576	-0.208161697
synthetic	OSD-457/GSM4613996	OSD-457	white_adipose_tissue	flight	865	-0.0506511554	-0.228252009
synthetic	OSD-457/GSM4614002	OSD-457	white_adipose_tissue	flight	871	-0.0583186299	-0.26285696
synthetic	OSD-457/GSM4614012	OSD-457	brown_adipose_tissue	ground_control	881	-0.461601585	0.0988919213
synthetic	OSD-457/GSM4614014	OSD-457	brown_adipose_tissue	ground_control	883	-0.329784453	-0.0435085185
synthetic	OSD-457/GSM4614019	OSD-457	brown_adipose_tissue	flight	888	-0.334298015	0.0120848594
synthetic	OSD-457/GSM4614023	OSD-457	brown_adipose_tissue	flight	892	-0.39953807	0.0247600023
synthetic	OSD-457/GSM4614036	OSD-457	thymus	flight	905	0.987211287	-0.247636795
synthetic	OSD-457/GSM4614037	OSD-457	thymus	flight	906	0.959930837	-0.228557721
synthetic	OSD-457/GSM4614043	OSD-457	thymus	ground_control	912	0.905666053	-0.209468782
synthetic	OSD-457/GSM4614050	OSD-457	thymus	ground_control	919	1.10621154	-0.272123545
synthetic	OSD-457/GSM4614053	OSD-457	bone	ground_control	922	0.269923002	0.015866667
synthetic	OSD-457/GSM4614066	OSD-457	kidney	ground_control	935	-0.295587182	-0.194773585
synthetic	OSD-457/GSM4614073	OSD-457	kidney	flight	942	-0.224224091	-0.234354526
synthetic	OSD-457/GSM4614079	OSD-457	brain	ground_control	948	0.363546193	0.0513442382
synthetic	OSD-457/GSM4614088	OSD-457	brain	ground_control	957	0.29117775	-0.00301758875
synthetic	OSD-457/GSM4614095	OSD-457	brain	flight	964	0.31931743	0.0207948666
synthetic	OSD-457/GSM4614100	OSD-457	brain	flight	969	0.421035677	0.0335836448
synthetic	OSD-463/RR23_LVR_FLT_F7	OSD-463	liver	flight	976	-0.617921889	-0.431917429
synthetic	OSD-463/RR23_LVR_FLT_F8	OSD-463	liver	flight	977	-0.609100938	-0.42888549
synthetic	OSD-463/RR23_LVR_GC_G2	OSD-463	liver	ground_control	980	-0.644866884	-0.471023619
synthetic	OSD-463/RR23_LVR_GC_G3	OSD-463	liver	ground_control	981	-0.54247427	-0.273148
synthetic	OSD-464/RR23_LNG_FLT_F7	OSD-464	lung	flight	994	-0.315858662	0.0673700422
synthetic	OSD-464/RR23_LNG_FLT_F8	OSD-464	lung	flight	995	-0.250635743	-0.00524972845
synthetic	OSD-464/RR23_LNG_GC_G4	OSD-464	lung	ground_control	1000	0.216103122	-0.0777890235
synthetic	OSD-47/Mmus_C57-6T_LVR_FLT_Rep2_F2	OSD-47	liver	flight	1006	-0.562101722	-0.60571146
synthetic	OSD-47/Mmus_C57-6T_LVR_GC_Rep3_G5	OSD-47	liver	ground_control	1010	-0.619592905	-0.515755892
synthetic	OSD-48/Mmus_C57-6J_LVR_FLT_C_Rep5_M30	OSD-48	liver	flight	1015	-0.600179136	-0.304842204
synthetic	OSD-48/Mmus_C57-6J_LVR_GC_C_Rep2_M37	OSD-48	liver	ground_control	1019	-0.61958313	-0.452556193
synthetic	OSD-506/RR23_SPL_FLT_F2	OSD-506	spleen	flight	1026	-0.0938934088	-0.0217082556
synthetic	OSD-506/RR23_SPL_FLT_F9	OSD-506	spleen	flight	1033	-0.0565355793	-0.0057942844
synthetic	OSD-506/RR23_SPL_GC_G2	OSD-506	spleen	ground_control	1035	-0.26654312	0.0153274257
synthetic	OSD-506/RR23_SPL_GC_G3	OSD-506	spleen	ground_control	1036	-0.0711378753	0.00512295496
synthetic	OSD-511/RRRM1_MG_FLT_LAR_OLD_FL11	OSD-511	mammary_gland	flight	1043	0.032865718	-0.349397868
synthetic	OSD-511/RRRM1_MG_FLT_LAR_OLD_FL3	OSD-511	mammary_gland	flight	1045	0.0463217795	-0.312733591
synthetic	OSD-511/RRRM1_MG_GC_LAR_OLD_GL11	OSD-511	mammary_gland	ground_control	1053	0.00166628952	-0.280385911
synthetic	OSD-511/RRRM1_MG_GC_LAR_OLD_GL7	OSD-511	mammary_gland	ground_control	1058	-0.0668588057	-0.0690691546
synthetic	OSD-511/RRRM1_MG_GC_LAR_YNG_GL2	OSD-511	mammary_gland	ground_control	1065	0.104281366	-0.0864610597
synthetic	OSD-512/RR23_ADR_FLT_F7	OSD-512	adrenal_gland	flight	1074	0.0413046889	-0.182718977
synthetic	OSD-512/RR23_ADR_FLT_F9	OSD-512	adrenal_gland	flight	1076	-0.0546022877	-0.0724449381
synthetic	OSD-512/RR23_ADR_GC_G5	OSD-512	adrenal_gland	ground_control	1081	0.0665490329	-0.135075718
synthetic	OSD-512/RR23_ADR_GC_G8	OSD-512	adrenal_gland	ground_control	1084	0.065967977	-0.157886475
synthetic	OSD-513/RR23_KDN_FLT_F3	OSD-513	kidney	flight	1088	-0.434416562	0.0222306401
synthetic	OSD-513/RR23_KDN_FLT_F9	OSD-513	kidney	flight	1094	-0.40002802	-0.102663152
synthetic	OSD-513/RR23_KDN_GC_G3	OSD-513	kidney	ground_control	1097	-0.479039639	0.0296383314
synthetic	OSD-513/RR23_KDN_GC_G4	OSD-513	kidney	ground_control	1098	-0.377247185	-0.0758909062
synthetic	OSD-515/RR23_TMS_FLT_F5	OSD-515	thymus	flight	1108	0.390774965	-0.157844737
synthetic	OSD-515/RR23_TMS_FLT_F9	OSD-515	thymus	flight	1112	0.0626755208	-0.0170491859
synthetic	OSD-515/RR23_TMS_GC_G1	OSD-515	thymus	ground_control	1113	0.796721578	-0.257230908
synthetic	OSD-515/RR23_TMS_GC_G2	OSD-515	thymus	ground_control	1114	0.751810908	-0.143020108
synthetic	OSD-525/RR23_Cb_FLT_F4	OSD-525	cerebellum	flight	1125	-0.14739275	0.0191941019
synthetic	OSD-525/RR23_Cb_FLT_F8	OSD-525	cerebellum	flight	1129	-0.344704598	0.0695744082
synthetic	OSD-525/RR23_Cb_GC_G7	OSD-525	cerebellum	ground_control	1137	-0.288516819	0.0283188429
synthetic	OSD-525/RR23_Cb_GC_G9	OSD-525	cerebellum	ground_control	1139	-0.156968325	0.0792494863
synthetic	OSD-561/RRRM2_Cb_FLT_ISS-T_YNG_FY3	OSD-561	cerebellum	flight	1145	-0.342534661	0.041020643
synthetic	OSD-561/RRRM2_Cb_FLT_ISS-T_YNG_FY6	OSD-561	cerebellum	flight	1147	-0.307650775	0.0945244282
synthetic	OSD-561/RRRM2_Cb_GC_ISS-T_OLD_GO14	OSD-561	cerebellum	ground_control	1154	-0.379307628	0.0286548138
synthetic	OSD-561/RRRM2_Cb_GC_ISS-T_OLD_GO20	OSD-561	cerebellum	ground_control	1156	-0.337346911	0.115974411
synthetic	OSD-562/RRRM2_HPC_FLT_ISS-T_YNG_FY3	OSD-562	hippocampus	flight	1172	-0.336737961	0.0686439201
synthetic	OSD-562/RRRM2_HPC_FLT_LAR_YNG_FY6	OSD-562	hippocampus	flight	1179	-0.327571779	0.0850245804
synthetic	OSD-562/RRRM2_HPC_FLT_LAR_YNG_FY7	OSD-562	hippocampus	flight	1180	-0.234434456	0.0581157692
synthetic	OSD-562/RRRM2_HPC_GC_ISS-T_YNG_GY5	OSD-562	hippocampus	ground_control	1185	-0.0767601803	0.0891789794
synthetic	OSD-562/RRRM2_HPC_GC_LAR_YNG_GY5	OSD-562	hippocampus	ground_control	1192	-0.331445903	0.0296248626
synthetic	OSD-563/RR10_Cb_FLT_WT_F7	OSD-563	cerebellum	flight	1196	-0.0306641012	-0.0246604234
synthetic	OSD-563/RR10_Cb_GC_WT_G7	OSD-563	cerebellum	ground_control	1201	-0.14105776	0.0179030187
synthetic	OSD-564/RR10_HPC_FLT_WT_F9	OSD-564	hippocampus	flight	1207	0.229731068	0.0632137582
synthetic	OSD-564/RR10_HPC_GC_WT_G9	OSD-564	hippocampus	ground_control	1212	-0.247305736	0.0900424123
synthetic	OSD-576/RR23_R-TA_FLT_F7	OSD-576	skeletal_muscle	flight	1219	-0.331300765	0.654596984
synthetic	OSD-576/RR23_R-TA_FLT_F8	OSD-576	skeletal_muscle	flight	1220	-0.323380142	0.681356907
synthetic	OSD-576/RR23_R-TA_GC_G1	OSD-576	skeletal_muscle	ground_control	1222	-0.25926587	0.778665304
synthetic	OSD-576/RR23_R-TA_GC_G2	OSD-576	skeletal_muscle	ground_control	1223	-0.301227719	0.823697686
synthetic	OSD-580/RRRM2_HRT_FLT_ISS-T_OLD_FO15	OSD-580	heart	flight	1233	-0.434346706	0.152630314
synthetic	OSD-580/RRRM2_HRT_FLT_ISS-T_YNG_FY7	OSD-580	heart	flight	1239	-0.462551564	0.112955183
synthetic	OSD-580/RRRM2_HRT_FLT_LAR_OLD_FO1	OSD-580	heart	flight	1241	-0.401400656	0.209516078
synthetic	OSD-580/RRRM2_HRT_GC_ISS-T_YNG_GY1	OSD-580	heart	ground_control	1256	-0.440467805	0.125540331
synthetic	OSD-580/RRRM2_HRT_GC_LAR_YNG_GY1	OSD-580	heart	ground_control	1266	-0.422733724	0.16370295
synthetic	OSD-580/RRRM2_HRT_GC_LAR_YNG_GY3	OSD-580	heart	ground_control	1267	-0.387799621	0.172726214
synthetic	OSD-599/GSM6996079	OSD-599	heart	ground_control	1273	-0.311961442	0.157990947
synthetic	OSD-599/GSM6996080	OSD-599	heart	flight	1274	-0.363438219	0.140846521
synthetic	OSD-612/RR10_BRN_FLT_WT_F1	OSD-612	brain	flight	1277	-0.290117025	0.122163005
synthetic	OSD-612/RR10_BRN_GC_WT_G7	OSD-612	brain	ground_control	1284	-0.147598624	0.0932668746
synthetic	OSD-613/RRRM2_BRN_FLT_ISS-T_OLD_FO20	OSD-613	brain	flight	1290	-0.17917572	0.0851891935
synthetic	OSD-613/RRRM2_BRN_FLT_ISS-T_YNG_FY2	OSD-613	brain	flight	1291	0.0173250902	0.0223678201
synthetic	OSD-613/RRRM2_BRN_GC_ISS-T_OLD_GO18	OSD-613	brain	ground_control	1297	-0.0675654858	0.0342105068
synthetic	OSD-613/RRRM2_BRN_GC_ISS-T_YNG_GY4	OSD-613	brain	ground_control	1301	-0.252146453	0.0831402615
synthetic	OSD-665/RR23_R-EDL_FLT_F3	OSD-665	skeletal_muscle	flight	1306	-0.327416837	0.529935479
synthetic	OSD-665/RR23_R-EDL_FLT_F7	OSD-665	skeletal_muscle	flight	1310	-0.317323595	0.501516879
synthetic	OSD-665/RR23_R-EDL_GC_G6	OSD-665	skeletal_muscle	ground_control	1318	-0.275235683	0.605878353
synthetic	OSD-665/RR23_R-EDL_GC_G7	OSD-665	skeletal_muscle	ground_control	1319	-0.379239231	0.551410556
synthetic	OSD-666/RR23_R-Quad_FLT_F1	OSD-666	skeletal_muscle	flight	1322	-0.170377463	1.16047215
synthetic	OSD-666/RR23_R-Quad_FLT_F8	OSD-666	skeletal_muscle	flight	1329	-0.185175583	0.910955548
synthetic	OSD-666/RR23_R-Quad_GC_G4	OSD-666	skeletal_muscle	ground_control	1334	-0.238305166	0.992772281
synthetic	OSD-666/RR23_R-Quad_GC_G5	OSD-666	skeletal_muscle	ground_control	1335	-0.193250686	1.06208205
synthetic	OSD-667/RR10_CLN_FLT_KO_F19	OSD-667	colon	flight	1342	0.0924792439	-0.060737323
synthetic	OSD-667/RR10_CLN_FLT_WT_F7	OSD-667	colon	flight	1348	0.123645633	-0.110713013
synthetic	OSD-667/RR10_CLN_GC_WT_G12	OSD-667	colon	ground_control	1354	0.0466933697	-0.0661638901
synthetic	OSD-667/RR10_CLN_GC_WT_G3	OSD-667	colon	ground_control	1357	-0.1136254	-0.0579661801
synthetic	OSD-686/GSM7708683	OSD-686	liver	ground_control	1360	-0.529553473	-0.772812307
synthetic	OSD-686/GSM7708690	OSD-686	liver	flight	1367	-0.592368901	-0.779369414
synthetic	OSD-690/GSM7706825	OSD-690	bone_marrow	ground_control	1371	-0.0542077124	-0.0538299307
synthetic	OSD-690/GSM7706827	OSD-690	bone_marrow	ground_control	1373	0.238693401	-0.0832994133
synthetic	OSD-690/GSM7706836	OSD-690	bone_marrow	flight	1382	-0.258568227	0.0199141316
synthetic	OSD-690/GSM7706839	OSD-690	bone_marrow	flight	1385	-0.0837675184	-0.0446474925
synthetic	OSD-714/DRS284031	OSD-714	skeletal_muscle	ground_control	1393	-0.0522182509	0.421704412
synthetic	OSD-714/DRS284036	OSD-714	skeletal_muscle	flight	1398	0.142141148	0.389370143
synthetic	OSD-714/DRS284038	OSD-714	skeletal_muscle	flight	1400	0.0358092599	0.335063636
synthetic	OSD-714/DRS284041	OSD-714	skeletal_muscle	ground_control	1403	-0.0687190816	0.344515651
synthetic	OSD-758/MHU-8_RTN_FLT_FLT06	OSD-758	retina	flight	1417	0.503144503	0.00850705244
synthetic	OSD-758/MHU-8_RTN_FLT_FLT14	OSD-758	retina	flight	1425	0.808220863	0.00112684222
synthetic	OSD-758/MHU-8_RTN_FLT_FLT16	OSD-758	retina	flight	1427	0.216495618	-0.00961899012
synthetic	OSD-758/MHU-8_RTN_FLT_FLT23	OSD-758	retina	flight	1434	0.502788484	0.0626815483
synthetic	OSD-758/MHU-8_RTN_HGC_HGC01	OSD-758	retina	ground_control	1436	0.520726979	0.0130840214
synthetic	OSD-758/MHU-8_RTN_HGC_HGC05	OSD-758	retina	ground_control	1440	0.742553592	0.0284552369
synthetic	OSD-759/MHU-8_ON_FLT_FLT04	OSD-759	optic_nerve	flight	1450	0.0286558475	0.73316586
synthetic	OSD-759/MHU-8_ON_FLT_FLT06	OSD-759	optic_nerve	flight	1452	0.055118151	0.589992344
synthetic	OSD-759/MHU-8_ON_FLT_FLT07	OSD-759	optic_nerve	flight	1453	0.311413318	0.578566313
synthetic	OSD-759/MHU-8_ON_FLT_FLT08	OSD-759	optic_nerve	flight	1454	0.150611266	0.701716304
synthetic	OSD-759/MHU-8_ON_HGC_HGC01	OSD-759	optic_nerve	ground_control	1471	0.0315985158	0.681879282
synthetic	OSD-759/MHU-8_ON_HGC_HGC02	OSD-759	optic_nerve	ground_control	1472	0.424467593	0.41321972
synthetic	OSD-770/RR23_R-SLS_FLT_F3	OSD-770	skeletal_muscle	flight	1485	-0.367346168	0.274993032
synthetic	OSD-770/RR23_R-SLS_FLT_F9	OSD-770	skeletal_muscle	flight	1491	-0.387294769	0.281240076
synthetic	OSD-770/RR23_R-SLS_GC_G2	OSD-770	skeletal_muscle	ground_control	1493	-0.357406884	0.274929821
synthetic	OSD-770/RR23_R-SLS_GC_G4	OSD-770	skeletal_muscle	ground_control	1495	-0.338781506	0.248299122
synthetic	OSD-771/RRRM2_R-KDN_FLT_ISS-T_OLD_FO13	OSD-771	kidney	flight	1502	-0.37986508	-0.0778265446
synthetic	OSD-771/RRRM2_R-KDN_FLT_ISS-T_YNG_FY1	OSD-771	kidney	flight	1506	-0.361083567	-0.100502871
synthetic	OSD-771/RRRM2_R-KDN_FLT_LAR_OLD_FO19	OSD-771	kidney	flight	1513	-0.336558014	-0.139719829
synthetic	OSD-771/RRRM2_R-KDN_GC_ISS-T_OLD_GO16	OSD-771	kidney	ground_control	1525	-0.324982941	-0.105012581
synthetic	OSD-771/RRRM2_R-KDN_GC_LAR_OLD_GO19	OSD-771	kidney	ground_control	1535	-0.432885826	-0.0405564867
synthetic	OSD-771/RRRM2_R-KDN_GC_LAR_YNG_GY5	OSD-771	kidney	ground_control	1538	-0.421622187	-0.0843888745
synthetic	OSD-899/RR10_CEC_FLT_KO_F11	OSD-899	cecum	flight	1541	-0.17339693	-0.0398863964
synthetic	OSD-899/RR10_CEC_FLT_WT_F16	OSD-899	cecum	flight	1547	-0.23183614	-0.0221787915
synthetic	OSD-899/RR10_CEC_GC_KO_G4	OSD-899	cecum	ground_control	1554	-0.283317417	0.0345532708
synthetic	OSD-899/RR10_CEC_GC_WT_G12	OSD-899	cecum	ground_control	1556	-0.359683096	-2.03053169e-05
synthetic	OSD-900/RR10_LNG_FLT_KO_F10	OSD-900	lung	flight	1561	-0.0680966228	0.0191325918
synthetic	OSD-900/RR10_LNG_FLT_KO_F8	OSD-900	lung	flight	1565	0.138200283	-0.140130952
synthetic	OSD-900/RR10_LNG_GC_KO_G2	OSD-900	lung	ground_control	1572	0.0445177071	-0.0513331667
synthetic	OSD-900/RR10_LNG_GC_WT_G5	OSD-900	lung	ground_control	1578	0.417046756	-0.187810272
synthetic	OSD-901/GSM8596801	OSD-901	cultured_cells	ground_control	1581	1.37370777	-0.429269016
synthetic	OSD-901/GSM8596804	OSD-901	cultured_cells	flight	1584	1.01108122	-0.335681289
synthetic	OSD-98/Mmus_C57-6J_ADR_FLT_Rep6_M28	OSD-98	adrenal_gland	flight	1592	0.320843041	-0.137306258
synthetic	OSD-98/Mmus_C57-6J_ADR_GC_Rep4_M36	OSD-98	adrenal_gland	ground_control	1596	0.422686249	-0.223542601
synthetic	OSD-99/Mmus_C57-6J_EDL_FLT_Rep6_M30	OSD-99	skeletal_muscle	flight	1603	-0.085588254	0.98903662
synthetic	OSD-99/Mmus_C57-6J_EDL_GC_Rep1_M31	OSD-99	skeletal_muscle	ground_control	1604	-0.0948630795	1.18983877
