sample	strain	sex	condition	location	project_identifier	h5_accession	data_source	z_0	z_1	z_2	z_3	z_4	z_5	z_6	z_7	z_8	z_9	z_10	z_11	z_12	z_13	z_14	z_15	z_16	z_17	z_18	z_19	z_20	z_21	z_22	z_23	z_24	z_25	z_26	z_27	z_28	z_29	z_30	z_31	z_32	z_33	z_34	z_35	z_36	z_37	z_38	z_39	z_40	z_41	z_42	z_43	z_44	z_45	z_46	z_47	z_48	z_49	z_50	z_51	z_52	z_53	z_54	z_55	z_56	z_57	z_58	z_59	z_60	z_61	z_62	z_63
OSD-379_RR8_LVR_FLT_ISS-T_OLD_FI11	BALB/cAnNTac	Female	FLT	FLT	RRRM-1 (RR-8)	OSD-379	OSD-379	-4.4398	-1.7376	4.5041	2.4544	-2.2339	1.5454	3.0729	-0.3378	4.9768	0.1437	-1.668	-2.421	-3.3879	3.0607	-0.0884	5.9501	-1.6878	1.0629	-6.2688	-1.7553	0.2219	-2.8287	-1.9042	6.4756	2.0448	2.3848	-4.6994	4.4509	-2.8386	-2.0446	-1.0438	0.1895	4.88	-2.2274	3.3122	4.3142	2.4149	-3.8293	4.5547	-3.0732	0.6687	3.0711	0.127	-0.2121	2.1629	1.8217	-0.5371	-0.7669	0.65	-5.5068	-2.1965	4.1399	-2.454	-3.7817	1.4298	-0.4378	-5.9638	-2.058	0.9207	-2.4284	-0.9167	0.9778	3.2125	-5.5112
OSD-379_RR8_LVR_FLT_ISS-T_OLD_FI12	BALB/cAnNTac	Female	FLT	FLT	RRRM-1 (RR-8)	OSD-379	OSD-379	-3.3372	-1.2711	3.4975	1.3531	-1.9567	0.4607	1.5391	0.3358	3.1053	1.6455	-4.0792	-1.6248	-3.7745	3.3232	-0.4217	2.6451	-0.3346	0.547	-6.0373	-1.2375	-0.2208	-2.3449	-0.5888	3.5149	0.889	0.7239	-6.1472	3.6838	-1.4602	-1.3428	-3.148	-1.4314	2.8757	-3.2929	3.5758	3.5137	1.1584	-6.01	6.7203	-2.0168	-1.1035	4.137	0.2187	-0.3429	1.5422	3.7838	1.4362	-1.0046	0.7064	-4.6784	-3.2483	3.4693	-1.6748	-3.7215	3.2595	0.1699	-5.3059	-0.1681	1.0956	-1.0463	-0.0111	0.9868	1.7923	-5.2573
OSD-379_RR8_LVR_FLT_ISS-T_OLD_FI13	BALB/cAnNTac	Female	FLT	FLT	RRRM-1 (RR-8)	OSD-379	OSD-379	-3.7421	0.4543	4.2416	3.4454	-2.5355	0.3241	0.3207	-0.9072	3.0461	2.2229	-1.3882	-2.3243	-4.4076	3.7469	-0.9181	4.976	-4.9693	1.1293	-4.3729	-1.0256	0.1658	-2.4994	-1.5583	0.4279	2.2164	0.7828	-5.7165	4.2805	-2.5228	-1.3899	-2.2414	-0.8302	2.7296	-2.0059	3.6705	3.6279	2.6696	-4.7029	2.1389	-3.035	0.511	4.2058	0.7327	0.045	1.8995	3.9878	-1.8127	-1.8162	0.395	-3.8112	-1.2661	3.1157	-2.65	-3.5397	4.0189	-1.1304	-3.2203	-0.8421	1.0463	-2.2796	-1.4254	0.1196	3.3719	-6.4924
OSD-379_RR8_LVR_FLT_ISS-T_OLD_FI14	BALB/cAnNTac	Female	FLT	FLT	RRRM-1 (RR-8)	OSD-379	OSD-379	-3.6967	-1.9147	4.1881	2.9857	-1.7785	1.9529	2.1532	-0.2984	4.1717	1.2443	-3.0282	-1.3998	-4.1819	2.9989	-2.1972	5.5346	-1.0146	0.1295	-4.043	0.3091	1.0339	-3.8691	-1.3718	3.2584	1.8939	1.9904	-3.0076	3.0846	-3.4522	-0.6388	-0.9425	-0.5197	3.5421	-3.9467	3.4902	4.9484	1.9768	-1.9118	6.4275	-2.9476	0.1705	4.448	-1.6207	-0.5137	1.5687	1.5703	-0.6067	-1.0857	0.1955	-1.4721	-1.1379	3.8167	-2.6898	-3.7341	1.5413	2.4588	-3.9663	-2.5022	0.9938	-1.7084	-2.699	2.0677	2.2771	-5.1941
OSD-379_RR8_LVR_FLT_ISS-T_OLD_FI15	BALB/cAnNTac	Female	FLT	FLT	RRRM-1 (RR-8)	OSD-379	OSD-379	0.7058	2.5475	2.0466	-1.0293	-2.5094	1.9049	-3.0981	-0.0717	-0.2712	-0.8805	4.5408	-1.3192	2.9649	1.6996	-0.4488	-1.1527	0.2026	-3.9316	3.7596	1.3724	6.2393	2.8837	-2.8746	1.2864	5.2765	2.0498	3.7118	-1.3898	2.9423	-2.8607	1.8286	-1.4877	1.5594	3.9381	0.2432	0.4782	3.7644	1.8472	-2.1717	2.313	0.7027	0.1928	-1.8912	-0.7098	-2.1616	-2.1719	-4.4543	-0.5078	-0.9879	-1.6383	0.3115	0.6387	2.7788	1.5229	-1.5674	3.8037	-3.5399	-5.5331	3.6083	-0.2748	0.2066	4.6493	3.6904	2.033
OSD-379_RR8_LVR_FLT_ISS-T_OLD_FI16	BALB/cAnNTac	Female	FLT	FLT	RRRM-1 (RR-8)	OSD-379	OSD-379	0.2634	1.9745	-0.1399	-3.2888	-2.0028	0.7667	-3.7519	-1e-04	-1.8252	-2.3315	3.7062	0.5585	3.0773	0.83	1.6624	-3.0923	2.2109	-4.2416	1.5408	1.3639	4.6534	2.332	0.1175	-0.3731	4.2922	0.9881	4.9514	-2.7292	0.95	-2.2409	1.1531	-2.6959	-0.5726	4.9089	1.3028	-1.8663	0.5973	3.5004	-3.375	2.8259	0.607	-1.0292	-0.4148	-0.0767	-2.2349	-2.7672	-4.3494	1.4234	0.2252	-1.916	0.8914	-0.0079	3.7568	3.028	-1.595	2.4354	0.5273	-4.8514	3.7094	3.5305	0.537	1.1387	1.1826	3.8413
OSD-379_RR8_LVR_FLT_ISS-T_OLD_FI17	BALB/cAnNTac	Female	FLT	FLT	RRRM-1 (RR-8)	OSD-379	OSD-379	3.4946	2.0475	-2.1374	-4.1377	-1.388	1.3897	-4.2864	-1.5809	-3.7443	-1.9319	5.1499	0.0009	5.3585	-0.9252	1.9735	-4.0363	1.5944	-5.8558	4.2291	1.6685	5.8324	1.9565	-0.2111	-0.6251	5.6656	1.0325	6.714	-4.2447	2.9279	-2.6633	2.0838	-2.217	-1.8683	5.1092	1.8973	-3.4394	1.0359	3.6219	-3.3573	3.2446	-1.3291	-2.2426	-1.3901	-2.2545	-2.3949	-4.0416	-4.9456	1.108	-0.1618	-1.6972	1.8609	-0.3964	4.6636	4.0868	-3.7647	5.0034	0.5146	-5.539	3.9988	5.2933	1.578	4.5609	2.1797	4.9647
OSD-379_RR8_LVR_FLT_ISS-T_OLD_FI18	BALB/cAnNTac	Female	FLT	FLT	RRRM-1 (RR-8)	OSD-379	OSD-379	-5.4339	-3.5227	3.9775	3.6645	-1.4933	1.1041	2.9438	0.2812	6.4166	0.474	-2.8118	-1.3698	-4.9327	2.3323	-1.7492	6.6664	2.2229	2.8158	-5.3537	-1.3655	0.2102	-3.4496	-1.9808	4.8297	1.697	0.1148	-5.2101	5.8788	-2.6841	-1.4158	-2.1474	0.5594	5.5174	-3.4655	4.3346	4.3224	2.368	-4.5659	0.8085	-2.7771	0.6131	4.7139	-0.5084	0.6752	0.322	5.7074	-1.1006	-2.1809	-0.0173	-5.5931	-4.108	4.2811	-3.7216	-3.6692	3.5187	2.6226	-5.3864	-0.4971	0.085	-0.725	-1.4802	0.1731	1.5201	-5.359
OSD-379_RR8_LVR_FLT_ISS-T_OLD_FI19	BALB/cAnNTac	Female	FLT	FLT	RRRM-1 (RR-8)	OSD-379	OSD-379	-4.5867	-3.148	3.7595	2.2108	-1.9807	-0.3296	1.9869	-0.4059	5.0889	2.2923	-1.5183	-3.0169	-3.3127	2.1192	-0.6103	5.5501	-1.367	4.115	-5.6674	-0.6867	-0.9058	-4.1374	-2.2565	3.9981	2.0806	0.9692	-2.935	4.3494	-3.4018	-0.8435	-3.0914	0.754	2.6492	-3.0419	3.3641	5.0617	2.1239	-5.1693	8.5574	-3.7874	0.024	4.6738	-0.2466	0.6592	2.3577	4.7995	0.8913	-0.0272	-0.6306	-4.2049	-1.3572	3.6953	-3.6985	-3.4568	3.6782	0.1778	-1.4621	-1.0992	0.544	-2.1521	-2.3448	-0.3241	3.9636	-4.146
OSD-379_RR8_LVR_FLT_ISS-T_OLD_FI20	BALB/cAnNTac	Female	FLT	FLT	RRRM-1 (RR-8)	OSD-379	OSD-379	-4.4436	-1.9152	3.7711	1.9573	-1.3865	0.5976	3.039	-0.5718	3.8345	-1.1446	-1.9913	-0.3289	-0.9596	2.3393	0.2626	1.8025	-3.8143	1.7635	-4.8341	-0.272	-0.513	-4.5651	-2.1896	4.4605	2.3523	1.2791	-3.2905	3.453	-3.1215	-0.578	-0.2853	-0.3627	4.8137	-2.541	3.9251	4.2276	1.9473	-4.1762	7.3073	-2.917	0.9635	4.2385	-1.2634	0.9828	3.5327	1.3737	-1.086	-1.5082	0.3558	-2.2691	-2.5985	2.7805	-2.467	-3.0837	1.3901	1.45	-0.8037	-0.8991	0.0352	-2.2153	-1.1364	-0.1693	2.5401	-5.8025
OSD-379_RR8_LVR_FLT_ISS-T_YNG_FI1	BALB/cAnNTac	Female	FLT	FLT	RRRM-1 (RR-8)	OSD-379	OSD-379	-6.9742	-3.2814	5.3501	4.2014	-2.0869	-0.2823	6.0953	-0.7905	5.6102	1.5345	-5.7924	-2.5108	-11.576	3.5482	-2.0543	7.9852	-1.5	4.5659	-8.0846	-1.9602	-1.5883	-2.7328	0.5397	5.8438	0.8747	1.8746	-9.5613	6.4188	-2.229	-1.2443	-2.8797	0.246	6.8733	-2.6433	4.6258	5.6965	1.2748	-6.1334	5.4012	-4.8711	0.2191	5.4097	0.1428	1.4043	5.5019	6.5982	0.4509	-0.4641	-0.5202	-3.3648	0.9984	3.664	-4.226	-6.6047	5.599	1.5934	-0.546	1.7154	-0.9415	-4.0394	-3.8659	-2.2481	0.8362	-10.3073
OSD-379_RR8_LVR_FLT_ISS-T_YNG_FI10	BALB/cAnNTac	Female	FLT	FLT	RRRM-1 (RR-8)	OSD-379	OSD-379	-0.1726	1.8322	1.0542	-0.3785	-1.9455	1.0153	-3.2531	0.3097	-0.0583	-2.657	2.2678	-1.2996	0.4152	1.0155	-1.4698	-1.0398	0.6681	-2.6697	1.9149	1.222	3.4287	0.757	-1.0116	-0.4344	3.4706	0.8546	2.2207	-1.8598	1.3961	-2.25	0.4442	-1.8869	1.7894	1.8352	1.7497	0.0553	2.7152	1.5231	-0.3747	0.8296	0.6162	0.5564	-0.4358	-1.3118	-2.0439	-0.8357	-4.1068	0.3551	0.4198	-0.3871	0.6503	0.9768	1.4297	2.4615	-0.795	1.9397	-0.1478	-4.1299	3.2126	2.8481	0.0222	1.9072	1.3671	3.7014
OSD-379_RR8_LVR_FLT_ISS-T_YNG_FI2	BALB/cAnNTac	Female	FLT	FLT	RRRM-1 (RR-8)	OSD-379	OSD-379	-5.6159	-3.4466	4.816	2.1526	-2.328	1.8202	4.0343	-0.9592	7.3093	-1.0475	-3.5269	-3.89	-3.4677	3.3862	0.943	10.9109	1.4179	5.726	-6.1801	-1.6915	-0.0068	-5.2552	-2.2174	5.5418	1.3096	2.9589	-6.872	5.1394	-3.3409	-0.8777	-1.3766	1.4497	7.425	-3.5415	4.1652	6.2867	3.0763	-3.8844	3.401	-3.4487	1.3028	4.3181	-0.2739	0.5308	6.351	3.107	-0.6155	-2.1517	-1.7674	-5.1686	-3.6259	5.6522	-4.2967	-4.4461	3.8275	0.5057	-6.3664	0.8163	0.0882	-2.2047	-2.137	0.4003	3.5788	-5.3942
OSD-379_RR8_LVR_FLT_ISS-T_YNG_FI3	BALB/cAnNTac	Female	FLT	FLT	RRRM-1 (RR-8)	OSD-379	OSD-379	-4.1198	-2.0547	4.8181	4.4064	-2.2517	0.5997	4.2076	-2.2894	4.3772	-1.1218	-2.4635	-4.3284	-8.0102	3.2787	1.2015	4.3024	-1.0535	4.7219	-5.6036	-0.3437	-0.8464	-3.8047	-1.5505	2.8775	1.1453	2.3376	-8.1708	5.4611	-2.1305	-0.5642	-2.3281	0.6596	6.5187	-2.0808	3.7399	4.1452	1.7975	-5.3465	3.3348	-3.2613	0.403	3.702	-0.2646	0.1813	5.1607	2.3244	0.4238	0.0498	-0.2371	-5.3644	-4.4722	3.156	-5.1686	-3.9952	2.2714	3.6277	-4.25	-0.5824	0.0601	-2.1537	-2.0506	-0.364	2.4413	-5.7058
OSD-379_RR8_LVR_FLT_ISS-T_YNG_FI4	BALB/cAnNTac	Female	FLT	FLT	RRRM-1 (RR-8)	OSD-379	OSD-379	-5.3076	-2.2661	3.6752	-0.493	-0.8964	-0.048	2.105	1.3531	7.3567	-0.1818	-2.2408	-1.5537	-4.8643	2.9417	-0.3925	3.4156	-1.6242	0.3485	-4.1049	0.4928	-2.1894	-1.614	1.0195	3.446	1.0172	2.3772	-5.5349	6.3232	-2.7555	-0.2692	-1.0868	-0.8067	7.3627	-3.5411	3.574	4.4059	2.1848	-5.0305	1.358	-3.1894	0.8407	3.3982	-0.3068	0.4573	0.696	3.5459	-0.0103	-1.5764	-0.8106	-2.0212	-0.2515	3.5054	-4.271	-4.2389	6.1962	-2.3485	-4.486	-0.3228	-0.4226	-2.597	-2.1543	-0.1517	0.7089	-5.9858
OSD-379_RR8_LVR_FLT_ISS-T_YNG_FI5	BALB/cAnNTac	Female	FLT	FLT	RRRM-1 (RR-8)	OSD-379	OSD-379	-5.9701	-3.6514	4.9919	3.1578	-2.3134	2.1633	4.3403	-0.6103	6.2753	3.7266	-0.7789	-3.096	-6.9955	3.6147	-0.2997	3.157	-3.1419	2.3695	-6.101	0.3194	0.9753	-3.6265	-2.8233	3.614	1.9603	3.237	-6.7609	5.6115	-1.1045	-1.038	-3.4448	0.5839	5.4426	-3.6913	4.3507	7.884	5.1756	-5.197	3.6691	-3.5934	0.3726	7.5514	0.0383	0.1775	2.8493	5.179	-1.1597	-2.1137	-1.0118	-4.4675	-0.5436	3.9418	-4.5337	-3.6596	4.3819	1.8264	-3.2212	-2.4846	0.4579	-2.4664	-3.0832	0.6139	3.242	-6.8828
OSD-379_RR8_LVR_FLT_ISS-T_YNG_FI6	BALB/cAnNTac	Female	FLT	FLT	RRRM-1 (RR-8)	OSD-379	OSD-379	-4.1503	-2.0153	3.7583	4.5449	-0.9979	-0.4196	2.7367	0.3469	4.8374	-2.169	-2.8793	-3.3785	-6.6085	1.5841	0.4956	4.0447	-4.7972	4.8565	-3.3162	-1.5485	-0.2657	-3.3707	-1.4995	3.228	1.2836	2.0666	-8.4915	4.2641	-0.7115	-1.4349	-4.8217	-0.4478	4.3192	-3.4658	4.1257	5.3365	3.0869	-4.2019	0.4242	-2.6153	-0.3546	4.378	-0.4294	0.9962	4.6276	3.3191	-0.0895	-1.2688	0.3513	-0.2526	-2.7422	4.2808	-2.8807	-4.4344	3.3048	-0.6454	-1.33	-0.2409	1.6803	-2.1709	-2.8334	-0.207	0.3511	-4.9255
OSD-379_RR8_LVR_FLT_ISS-T_YNG_FI7	BALB/cAnNTac	Female	FLT	FLT	RRRM-1 (RR-8)	OSD-379	OSD-379	-4.6023	-0.443	4.0481	2.0321	-2.3746	-0.4379	4.0082	-1.1145	6.1378	-1.0498	-2.5727	-3.1274	-5.8768	2.8468	0.1063	6.2302	-2.2812	5.5763	-5.0594	-0.4267	-0.0205	-4.5523	-2.7462	4.2045	0.3959	3.4301	-8.55	3.9558	-1.007	-0.8088	-2.2645	-0.3303	4.8789	-2.9346	3.5143	6.3324	1.3841	-4.916	2.4646	-2.8599	-0.0446	4.3899	0.3828	0.4308	4.5929	7.1814	-0.7935	-3.7727	-0.8106	-4.0518	-0.1938	4.2405	-4.8456	-3.5352	4.8868	1.6688	-2.1925	-1.535	0.3931	-2.61	-2.0925	0.9367	1.4789	-3.4423
OSD-379_RR8_LVR_FLT_ISS-T_YNG_FI8	BALB/cAnNTac	Female	FLT	FLT	RRRM-1 (RR-8)	OSD-379	OSD-379	-5.1444	-2.7541	3.8669	4.2476	-1.4778	-0.2668	1.151	0.7518	6.1092	0.0119	-1.4759	-3.1897	-4.2034	3.8087	-1.1171	4.3396	0.692	1.1626	-2.7788	0.3311	0.0859	-3.1809	-1.0063	4.1698	1.2121	2.143	-3.4232	3.9697	-1.384	-2.2991	-2.1859	-1.9687	4.285	-3.1031	3.9433	3.6705	2.9496	-3.4842	7.3916	-2.983	0.192	3.7424	-0.4027	0.9154	4.395	2.6482	-1.1684	-1.537	0.7421	-4.3974	-1.6893	4.0796	-0.8564	-3.255	3.4094	2.2814	-3.1084	-1.8215	1.5083	-2.6061	-2.7323	1.6237	2.8052	-0.7874
OSD-379_RR8_LVR_FLT_ISS-T_YNG_FI9	BALB/cAnNTac	Female	FLT	FLT	RRRM-1 (RR-8)	OSD-379	OSD-379	-2.6071	-0.7676	2.8188	3.2523	-1.0302	0.6906	0.9482	0.2282	2.4933	-0.2472	-1.2799	-2.3375	-1.4889	2.8152	-0.3596	2.1514	-0.9173	3.7247	-5.5215	-0.4335	0.3897	-3.9667	-0.7053	2.4232	2.1878	2.3315	-4.2133	2.1325	-1.5865	-2.1024	-2.6341	-2.7198	3.6191	-1.8738	3.6392	4.4932	2.5774	-2.2442	1.8205	-2.5475	-0.711	4.4548	-1.7447	0.5426	4.4846	0.3309	-1.2151	0.1292	0.1388	0.019	0.5611	2.9515	-1.7675	-1.893	0.589	0.5457	-4.0616	-1.1985	0.6298	-0.9094	-2.1052	-0.2642	2.3294	-4.2216
OSD-379_RR8_LVR_FLT_LAR_OLD_FL11	BALB/cAnNTac	Female	FLT	FLT	RRRM-1 (RR-8)	OSD-379	OSD-379	0.9863	1.4411	-0.286	-1.6517	-2.377	2.0936	-5.1585	-1.7436	-3.0799	-1.6743	5.1672	0.2934	3.7729	3.5138	-0.3659	-1.4335	1.3107	-4.8539	3.3039	0.1334	5.4302	2.693	-2.199	0.5577	5.789	2.2916	4.3171	-2.3165	1.4089	-1.554	1.1797	-1.1402	0.5948	4.4625	1.6916	-1.1271	2.6513	1.7699	-1.1415	2.8212	2.1191	-0.4255	-1.5202	0.5537	-2.3064	-2.4178	-5.816	0.565	0.82	2.1596	1.1413	-0.3089	3.5152	1.7656	-2.1108	3.3367	2.1258	-5.0704	4.6151	2.3583	-0.868	4.5289	3.1861	4.9431
OSD-379_RR8_LVR_FLT_LAR_OLD_FL15	BALB/cAnNTac	Female	FLT	FLT	RRRM-1 (RR-8)	OSD-379	OSD-379	0.2697	2.0706	-0.8472	-4.196	-1.5779	1.7687	-3.5149	-0.1119	-1.9127	-2.2955	3.2973	0.0379	1.8932	2.16	-0.3468	-1.8253	0.2311	-5.748	1.8083	0.6428	5.7038	2.9517	-2.394	-0.3724	4.7959	1.9561	3.1026	-2.1591	1.142	-3.5337	2.2788	-0.9739	0.2941	3.4865	1.183	0.2031	3.2998	2.6918	-2.4753	1.8916	0.0549	-0.2671	-0.0588	-2.7868	-2.7795	-2.3544	-5.3094	1.1954	0.0626	-1.874	0.853	-1.3865	3.144	0.9457	-1.6887	3.5111	-0.4742	-5.0236	3.0008	2.7958	-0.4346	2.1174	2.3198	3.5818
OSD-379_RR8_LVR_FLT_LAR_OLD_FL16	BALB/cAnNTac	Female	FLT	FLT	RRRM-1 (RR-8)	OSD-379	OSD-379	2.0978	2.6524	-0.8337	-2.8977	-0.5109	2.2859	-3.145	0.0334	-3.5055	-2.0131	3.8043	0.0221	3.4501	-0.8107	0.7483	-2.9559	-0.2162	-5.6012	2.575	0.6604	3.4504	1.4718	-1.3968	1.4682	5.3997	0.9008	4.6153	-2.7325	2.9462	-0.1085	2.8252	-0.4754	0.1517	4.5123	1.1239	-1.4517	2.6313	3.0618	-2.741	4.0083	1.216	-2.2955	-1.4794	-0.6493	-3.2601	-3.3811	-4.9426	1.5186	1.3859	-0.5203	0.2811	-2.0018	3.9318	3.5329	-2.1003	2.6211	-0.41	-3.7717	2.2502	2.4476	1.4691	2.176	1.2619	3.8427
OSD-379_RR8_LVR_FLT_LAR_OLD_FL3	BALB/cAnNTac	Female	FLT	FLT	RRRM-1 (RR-8)	OSD-379	OSD-379	0.0977	2.1968	-0.2607	-1.8983	-1.658	3.2912	-2.6499	-0.058	-0.7723	-2.9875	2.2346	-1.4346	2.0669	0.9409	0.7814	-3.0968	1.4133	-1.1749	1.2271	1.2142	3.4791	0.844	-1.2802	1.2292	4.287	0.9231	3.5256	-1.4837	-0.0787	-2.3867	1.0271	-2.1006	0.6828	3.3911	1.5547	-1.7005	3.1565	0.5547	-1.8979	2.6648	-0.9336	0.4418	-0.5699	-0.7668	-1.9827	-4.2706	-4.5331	0.6847	-0.0615	-0.7429	-0.2645	-0.3808	2.0632	1.3215	-1.8795	3.1311	-1.1589	-3.9303	1.8055	2.1003	1.9549	2.302	1.0788	1.8748
OSD-379_RR8_LVR_FLT_LAR_OLD_FL4	BALB/cAnNTac	Female	FLT	FLT	RRRM-1 (RR-8)	OSD-379	OSD-379	0.4412	2.1043	0.3341	-2.1012	-1.2535	3.2473	-3.0357	-0.4795	-1.7959	-2.1379	2.5585	-1.1836	1.6138	1.1168	1.0556	-1.3495	-0.2371	-1.8278	0.4796	2.8035	4.1107	2.1885	-0.9533	0.5388	4.4353	1.4692	2.9986	-0.7009	0.2229	-1.4649	0.1229	-1.7564	-0.3424	1.9298	0.214	-0.1042	2.7151	0.1588	0.3732	2.0168	-0.4144	0.2733	-1.0656	0.9859	-1.6316	-2.2601	-4.3372	0.935	-0.8469	0.2645	0.3397	0.2335	1.6107	2.4937	-1.2725	2.3481	-0.6128	-2.7202	2.6686	2.9692	1.5986	2.6631	1.8189	1.4416
OSD-379_RR8_LVR_FLT_LAR_OLD_FL7	BALB/cAnNTac	Female	FLT	FLT	RRRM-1 (RR-8)	OSD-379	OSD-379	0.1826	1.6932	0.7531	-0.4103	-1.5255	1.8861	-2.193	0.8286	-0.9599	-2.0081	2.8792	-1.6889	1.6086	1.4696	0.4275	-0.9741	1.3169	-3.4357	1.3729	1.3235	2.8824	0.7415	-1.4173	0.4249	5.6196	1.4441	2.3773	-1.5469	1.761	-1.3132	2.5397	-1.7743	1.0806	3.2826	0.5769	0.3655	2.3566	1.034	-0.6036	-0.8548	0.5194	-0.9085	-0.0156	-1.4789	0.0413	-2.5464	-4.3071	0.0576	0.8864	0.8043	-0.0848	0.1272	0.7537	1.7668	-0.5182	1.1364	-3.6161	-3.1361	2.3852	1.9928	0.4132	1.764	2.9495	3.3689
OSD-379_RR8_LVR_FLT_LAR_OLD_FL8	BALB/cAnNTac	Female	FLT	FLT	RRRM-1 (RR-8)	OSD-379	OSD-379	3.0269	2.2934	-1.8325	-2.8676	-0.9755	1.388	-5.9827	-0.5341	-3.1214	-2.8043	4.3549	1.0486	3.9983	0.6255	0.5915	-2.1531	1.1385	-8.6544	3.1807	1.8018	5.4787	1.8403	-0.9296	-2.1464	6.5738	0.994	6.0155	-4.3384	0.8571	-1.7609	2.7585	-2.3898	0.0396	5.2088	0.7774	-2.1496	3.836	3.8674	-4.0754	4.1976	1.0696	-1.5594	-0.1978	-1.9346	-2.8581	-3.5727	-5.1299	2.5395	-0.1633	1.0722	1.3184	-1.097	5.0556	3.2333	-3.4104	2.6899	1.4943	-3.9447	4.2143	3.4068	0.026	3.9779	2.2589	6.051
OSD-379_RR8_LVR_FLT_LAR_YNG_FL1	BALB/cAnNTac	Female	FLT	FLT	RRRM-1 (RR-8)	OSD-379	OSD-379	-6.8105	-4.6177	4.9057	3.5757	-2.969	0.7271	5.0036	-0.3663	9.6126	2.1713	-1.6774	-3.152	-7.3366	4.6013	-3.0173	5.8484	-2.511	5.7359	-5.7875	-2.1224	-0.7396	-2.8642	-4.0366	2.648	1.7473	1.5529	-9.1201	5.2225	-2.3936	-1.3202	-3.0625	1.1392	4.6702	-4.7662	4.605	7.3495	2.7925	-4.9698	3.6025	-3.7883	1.5096	6.5834	0.6135	-0.2658	6.7163	5.9251	-0.5881	-1.9253	0.6015	-5.1645	-3.404	4.3154	-4.5083	-4.9079	6.3109	-0.588	-2.9143	-0.4198	0.0101	-3.5733	-1.7011	-1.4053	3.4098	-8.5301
OSD-379_RR8_LVR_FLT_LAR_YNG_FL13	BALB/cAnNTac	Female	FLT	FLT	RRRM-1 (RR-8)	OSD-379	OSD-379	-1.8991	1.8146	2.0016	0.1214	-1.2217	2.0738	-1.5576	0.4347	0.7742	-1.2181	-0.3551	-1.3103	0.3282	2.3808	0.0005	-1.3151	-0.7302	-2.0564	-0.1696	0.9765	2.4376	0.0648	-2.2714	1.0111	4.4192	1.3127	-1.8271	1.3261	0.3458	-3.1604	-1.325	-2.0809	2.928	1.6041	3.0483	1.4104	4.5718	-1.6314	-0.4142	0.0677	0.4659	2.7914	-0.0791	0.1138	1.9573	0.9234	-2.959	-0.8421	0.6578	-2.7919	-0.1449	1.7848	-0.9422	-1.2142	1.5736	2.2272	-1.7491	-2.1822	0.8133	-1.5567	-1.8479	0.3659	3.134	-2.0505
OSD-379_RR8_LVR_FLT_LAR_YNG_FL14	BALB/cAnNTac	Female	FLT	FLT	RRRM-1 (RR-8)	OSD-379	OSD-379	-0.1759	1.7903	0.6083	-1.8801	-2.9528	2.3214	-3.4866	-1.481	-0.1643	-1.568	3.4976	-2.9387	2.6611	1.1082	-0.3553	-2.2494	0.638	-3.9477	1.6507	0.3549	4.6301	0.8976	-2.8328	-1.2933	5.964	1.5391	1.9271	-0.2843	1.9259	-3.8369	1.6158	-1.1817	1.048	3.3274	3.4957	-0.6713	4.1268	1.0244	-0.4677	2.0183	0.5101	0.2617	-0.5843	0.1747	-1.3915	-2.1045	-6.1833	0.8728	-0.4394	0.8454	0.4261	0.6942	1.6915	2.0253	-1.5545	4.1281	-0.6684	-6.1303	4.8671	0.2585	-0.3905	4.174	3.1443	1.0402
OSD-379_RR8_LVR_FLT_LAR_YNG_FL17	BALB/cAnNTac	Female	FLT	FLT	RRRM-1 (RR-8)	OSD-379	OSD-379	1.5421	1.5842	1.301	0.1014	-1.2593	2.6392	-4.9983	0.0641	-1.3666	-0.3966	4.4868	-2.0366	2.5083	1.2701	-0.6765	-3.0074	0.0443	-4.0703	3.2615	1.5491	3.2263	1.9692	-0.113	-0.3285	3.9742	2.0365	4.1089	-2.9826	2.6369	-2.6346	1.7211	-2.4367	-0.6036	3.5527	0.4481	-1.4957	2.0686	2.269	-1.6201	2.3632	0.6575	-0.2813	-1.1049	-0.5008	-3.7855	-3.9986	-5.8138	2.1973	-0.0222	1.7416	0.5	0.1521	3.1484	2.1797	-0.9953	3.2376	-2.3016	-4.6406	3.6703	1.7828	0.1502	2.3445	2.554	3.7781
OSD-379_RR8_LVR_FLT_LAR_YNG_FL18	BALB/cAnNTac	Female	FLT	FLT	RRRM-1 (RR-8)	OSD-379	OSD-379	0.9389	0.7783	0.675	-1.5142	-0.8397	1.198	-4.102	0.3694	-3.724	-1.5867	4.4175	-0.2363	4.2528	1.4101	-0.4853	-3.7191	1.8897	-5.1642	3.8309	2.1718	5.3969	2.7305	0.1292	-0.6076	4.5549	0.8132	5.6037	-2.932	1.8713	-3.1855	1.2525	-1.5328	-0.3694	3.8193	-0.4553	-2.1798	1.6464	2.6498	-3.7328	2.5642	-1.2454	-1.0452	-1.6874	0.65	-3.0654	-4.5119	-4.233	1.4979	-0.9129	0.8173	1.6709	-0.1652	5.0414	3.8646	-2.6359	1.7335	-0.8288	-4.6024	3.8086	3.5672	0.5026	2.8616	0.8808	4.2649
OSD-379_RR8_LVR_FLT_LAR_YNG_FL2	BALB/cAnNTac	Female	FLT	FLT	RRRM-1 (RR-8)	OSD-379	OSD-379	1.9129	2.7564	0.4608	-1.8712	-2.1822	2.9707	-5.6208	-0.5419	-3.4955	-2.682	6.6814	-1.0531	4.4325	2.1324	1.21	-3.3493	1.7342	-5.6313	4.6323	1.5502	6.8052	2.7743	-1.4684	-1.0814	6.1242	1.6055	6.3296	-5.0523	3.7699	-3.1548	1.9946	-1.9122	-2.2244	5.629	1.5941	-2.1657	2.7816	3.906	-3.5993	4.7623	0.7673	-1.8086	-1.9992	-0.2547	-2.8208	-3.874	-6.5787	2.0067	0.5914	-2.497	2.0959	0.1046	5.5385	3.4906	-2.8706	4.2232	1.072	-6.1631	4.5622	4.3526	1.4655	4.891	2.4256	4.98
OSD-379_RR8_LVR_FLT_LAR_YNG_FL5	BALB/cAnNTac	Female	FLT	FLT	RRRM-1 (RR-8)	OSD-379	OSD-379	0.7938	0.2752	0.073	-1.0995	-2.0392	1.5113	-2.7882	-1.9736	-1.6807	-1.3732	2.9432	-1.4878	1.7679	1.7877	-0.0557	-0.0085	1.2956	-1.6733	2.4086	1.0776	3.6765	1.0086	-1.9706	3.6531	4.1552	1.7512	0.6442	-0.4007	0.4316	-1.5769	0.6175	-1.6125	1.8827	2.3391	2.455	1.2244	3.1379	-0.0688	0.827	1.6396	0.267	1.0829	-0.6829	-1.8611	-0.6664	-1.1618	-2.9042	0.9318	0.0714	-1.6353	0.5187	0.1806	1.3532	0.8262	-0.8599	2.8009	-1.2774	-4.0205	3.3881	2.4248	0.1222	3.3731	3.7985	2.2696
OSD-379_RR8_LVR_FLT_LAR_YNG_FL6	BALB/cAnNTac	Female	FLT	FLT	RRRM-1 (RR-8)	OSD-379	OSD-379	1.6661	1.0129	-0.2645	-2.5264	-0.0437	1.215	-3.9017	0.2782	-1.9256	-1.931	2.8355	-0.2417	3.0245	0.4186	0.7197	-4.0261	0.9612	-3.5964	2.6802	1.7808	4.3148	2.0026	-0.8088	0.0633	3.6824	1.1984	2.5743	-1.8257	0.7196	-1.9321	1.8267	-0.1629	0.0026	2.5728	0.3531	-1.2771	1.2348	2.2795	-0.4092	1.7589	-0.989	-0.6793	-0.5996	-0.0406	-3.3496	-2.0369	-3.6505	1.0978	0.7068	-0.3129	0.8133	0.7971	3.0479	1.8613	-1.5326	1.3596	-1.4689	-2.331	1.3905	1.3444	1.7757	1.7021	1.7025	2.7793
OSD-245_Mmus_C57-6T_LVR_FLT_ISS-T_Rep10_F6	C57BL/6NTac	Female	FLT	FLT	RR-6	OSD-245	OSD-245	1.2569	4.7642	-1.0882	-1.5336	-2.4357	1.684	-5.9176	-2.2539	-3.3075	-0.2684	6.0021	-0.7686	5.4202	0.783	0.1735	-4.1559	1.377	-7.2281	3.9509	-2.1141	4.2628	2.7767	-1.8658	0.6642	4.9386	0.0136	6.9417	-3.9765	3.499	-2.3597	2.9741	-0.779	-2.0414	6.0074	0.1772	-3.3723	1.3484	4.2697	-3.1447	3.8507	0.7652	-1.4717	-1.833	-3.2694	-2.4239	-3.5573	-4.3522	0.4739	0.6171	1.656	1.9733	-1.2202	4.426	3.9717	-3.0964	3.238	0.9504	-2.0953	4.6182	2.4356	1.3365	4.7086	1.7276	4.8613
OSD-245_Mmus_C57-6T_LVR_FLT_ISS-T_Rep1_F5	C57BL/6NTac	Female	FLT	FLT	RR-6	OSD-245	OSD-245	2.826	4.9913	1.7198	-3.6831	-0.153	2.8807	-5.1874	-0.5584	-3.7917	-2.5898	4.6703	1.2952	4.0254	-0.8675	0.4331	-3.4763	1.648	-5.1207	4.6643	1.5084	5.8106	3.3988	-0.8187	-1.5057	4.3543	0.5263	5.6936	-3.4188	2.945	-1.461	2.5116	-2.6492	-0.6459	4.6574	-3.2731	-3.7615	1.2535	3.9006	-3.0026	4.2381	-0.2976	-2.9244	-2.2363	-2.0776	-4.3779	-4.8683	-5.7489	1.0788	0.8637	1.9943	0.3178	-1.3026	4.5576	3.9824	-3.4852	1.9004	0.8526	-2.9743	1.9374	2.5681	2.2441	2.2669	1.3234	4.7384
OSD-245_Mmus_C57-6T_LVR_FLT_ISS-T_Rep2_F8	C57BL/6NTac	Female	FLT	FLT	RR-6	OSD-245	OSD-245	0.6586	2.2952	-0.4696	-2.2354	0.0681	-1.8823	-2.537	0.3761	-1.2232	-4.1563	0.4152	-0.7908	1.0713	1.4019	1.543	-1.3318	1.2901	-3.5507	0.3439	1.1217	0.8845	-0.2687	0.4874	-0.7778	1.5703	-0.4712	2.5534	-1.8961	0.6943	-0.3242	2.4678	-1.9724	2.9011	0.792	-0.4479	0.2829	1.68	1.0588	-2.3278	1.2296	-2.0067	-0.0548	-0.4306	0.3308	-0.9592	-2.2465	0.0885	-0.1074	-0.3928	0.9574	0.6284	-0.152	1.3314	1.635	-0.6723	1.037	-0.8651	-0.501	0.6032	2.7022	0.4857	0.0155	0.4878	1.5665
OSD-245_Mmus_C57-6T_LVR_FLT_ISS-T_Rep3_F9	C57BL/6NTac	Female	FLT	FLT	RR-6	OSD-245	OSD-245	2.6116	2.1724	-3.8185	-3.8148	0.6146	-0.1949	-4.9753	1.2347	-2.467	-3.0503	2.313	0.1368	2.3763	-1.7156	0.359	-3.6526	1.677	-3.4515	2.7033	1.9703	1.2042	1.7651	2.2233	-1.7651	2.5847	0.6924	4.5747	-3.3548	2.0793	-0.2601	2.0185	-3.4524	-0.8814	3.9129	0.161	-2.3914	-0.4725	3.3087	-2.987	2.0718	-2.1611	-2.5437	0.8023	2.1109	-3.0915	-2.7802	-2.031	1.8691	0.2256	0.9396	-0.1885	-1.1008	3.4797	3.8487	-2.2772	0.5722	-0.0311	-2.7003	1.7001	4.7738	3.1607	0.9029	-0.5358	4.3636
OSD-245_Mmus_C57-6T_LVR_FLT_ISS-T_Rep4_F10	C57BL/6NTac	Female	FLT	FLT	RR-6	OSD-245	OSD-245	-0.2654	-0.4073	0.9853	-0.2873	-0.5905	0.8078	-1.1261	-0.212	0.2167	-1.8974	-0.275	-0.473	-1.0971	1.5904	1.4437	-1.3587	1.0506	-1.6734	-1.9114	1.8457	1.0205	-1.0777	1.1144	1.2684	1.5461	0.8951	0.5012	-0.0416	-0.7284	-1.0696	0.1224	-2.1382	1.4815	0.9066	0.9795	-1.6872	2.3182	2.1455	0.2898	-0.4787	-1.2781	0.8476	-1.2348	0.5671	0.071	-0.4195	-1.3655	0.7416	0.7563	-2.8631	-0.3718	-0.4307	2.0365	-0.2613	-1.3806	0.4872	1.1413	-0.6045	1.5588	2.6203	-1.29	-1.6579	2.4374	-0.7419
OSD-245_Mmus_C57-6T_LVR_FLT_ISS-T_Rep5_F7	C57BL/6NTac	Female	FLT	FLT	RR-6	OSD-245	OSD-245	-1.6684	0.7634	1.9935	-0.0322	-1.0833	-0.1153	-0.7311	1.0715	1.5907	-3.6917	-1.9853	-1.4104	-2.5357	2.6539	0.8183	2.5231	-1.3828	-1.9227	-2.5758	0.4813	-0.0331	-2.3829	0.1537	2.3078	2.1686	0.5466	-0.3925	1.2351	-0.1284	-0.6808	-0.1453	-1.0	1.1023	-0.2638	0.3736	1.0551	-0.5086	-0.8359	0.001	-0.0539	-0.417	1.0133	-1.3347	0.3924	-0.7357	-1.6912	-0.127	0.1138	0.6746	-1.7208	-2.5619	-0.1347	0.276	-0.6297	0.7819	1.7956	-2.6169	-2.2363	1.9832	0.1425	0.1578	-1.5536	2.9007	-2.5091
OSD-245_Mmus_C57-6T_LVR_FLT_ISS-T_Rep6_F1	C57BL/6NTac	Female	FLT	FLT	RR-6	OSD-245	OSD-245	2.6338	1.7819	-0.6462	-2.9788	0.9076	0.6414	-2.3151	-1.4956	-3.9907	-0.436	3.4422	-0.2077	4.5233	-0.5154	0.4638	-4.4998	2.9594	-3.3701	4.039	-0.1321	3.2406	3.06	0.0978	-1.1451	3.4397	0.4727	4.7178	-4.1791	1.7961	-1.0979	2.3582	0.1857	-1.9852	2.8762	-4.1356	-2.0123	0.4737	3.9231	-3.0248	2.3962	-0.1616	-3.0098	-1.7746	-2.9164	-2.6359	-3.0433	-2.4868	0.9032	0.0116	4.3078	1.7676	-1.785	4.275	2.8557	-1.7079	1.7701	1.8446	-4.4142	2.2327	2.1731	1.1541	2.7307	2.4337	4.914
OSD-245_Mmus_C57-6T_LVR_FLT_ISS-T_Rep7_F2	C57BL/6NTac	Female	FLT	FLT	RR-6	OSD-245	OSD-245	4.2619	2.0489	-4.1293	-2.1695	-0.5775	0.493	-4.1874	-0.9989	-3.583	-0.2384	4.867	0.0428	5.1308	0.7441	-0.6904	-4.9875	0.7198	-3.9255	6.4177	1.7042	3.5563	3.0077	-0.451	-0.6199	3.034	0.0069	5.4613	-3.5776	1.8083	-1.7246	2.2897	-0.4155	-1.3921	6.5156	-0.6724	-3.1995	0.8949	3.8182	-3.0766	5.3638	-1.8378	-2.4201	-1.3488	-1.8487	-3.6062	-3.8833	-2.0539	1.4244	0.1083	2.7688	1.9401	-2.2981	4.0699	4.0302	-2.5716	2.5285	2.1897	-2.4099	1.8993	2.712	2.5091	2.1124	0.5199	5.2404
OSD-245_Mmus_C57-6T_LVR_FLT_ISS-T_Rep8_F3	C57BL/6NTac	Female	FLT	FLT	RR-6	OSD-245	OSD-245	3.8903	2.0957	-3.7101	-3.5603	0.0462	2.0964	-4.2962	-0.6914	-4.3072	-0.55	5.1048	-0.0292	5.634	0.0338	1.7184	-4.4399	1.6416	-5.5988	5.8842	0.8143	3.3727	3.8051	-0.3423	-1.2591	2.6095	0.1715	6.4959	-3.6654	2.873	-1.4729	3.2993	0.5747	-2.2393	5.9116	-3.7846	-4.155	0.2781	3.5269	-2.3852	3.1229	0.4241	-2.8881	-0.2334	-2.8379	-2.6754	-4.7556	-4.0397	1.0791	0.7731	3.0715	1.9444	0.4027	4.2201	3.8839	-3.8857	2.0092	1.1407	-5.165	2.2149	2.7319	0.6156	2.3248	0.0242	6.4385
OSD-245_Mmus_C57-6T_LVR_FLT_ISS-T_Rep9_F4	C57BL/6NTac	Female	FLT	FLT	RR-6	OSD-245	OSD-245	2.6701	1.5149	-1.3696	-0.724	-0.5978	2.3326	-3.5497	-0.7037	-3.2239	-0.2499	5.3624	0.3768	4.8679	-0.0575	-0.198	-4.3408	1.333	-5.1515	4.1707	0.9215	4.5897	2.1417	-0.8519	-0.8466	4.5975	0.5117	5.0754	-4.1428	3.8629	-1.2955	3.2817	-0.5016	-0.9387	7.2748	-2.8252	-3.1349	-0.1161	4.4483	-2.6953	1.9885	-0.9894	-1.4034	-2.2422	-3.4978	-4.537	-3.8805	-4.6932	1.2112	0.3887	4.1798	1.8507	-1.1784	3.7864	2.79	-3.4038	3.7131	-0.3045	-3.3601	3.8949	0.9489	2.2207	4.2274	0.1936	4.5451
OSD-245_Mmus_C57-6T_LVR_FLT_LAR_Rep10_F5	C57BL/6NTac	Female	FLT	FLT	RR-6	OSD-245	OSD-245	4.2578	2.3642	-1.8243	-2.583	-0.2283	-0.8173	-5.5838	-1.2428	-4.8233	-0.0992	6.6575	1.7283	5.9012	0.5083	-0.6789	-5.2057	0.7789	-4.2512	6.702	-0.0687	4.9322	4.4731	0.1877	-2.0053	2.6015	0.4977	7.7302	-4.9225	4.0217	-3.9679	3.9659	0.7914	-2.6487	6.7094	1.9924	-5.0763	2.2536	5.3332	-3.6269	7.687	0.5866	-4.0766	-1.8288	-3.7018	-3.0923	-3.8574	-5.0821	2.8896	-0.5939	3.2993	2.8205	-3.2998	4.4816	3.1568	-3.8696	4.0238	2.1618	-5.6512	2.1399	2.112	1.738	3.5447	-0.5907	6.4947
OSD-245_Mmus_C57-6T_LVR_FLT_LAR_Rep1_F1	C57BL/6NTac	Female	FLT	FLT	RR-6	OSD-245	OSD-245	1.1489	2.3984	-1.3058	-1.6205	-0.9385	1.5128	-4.4171	0.2259	-3.0741	-2.384	3.1299	0.6423	2.2401	-1.0264	-0.318	-1.3167	0.569	-3.7254	2.4432	0.9433	1.8078	1.8186	0.8032	1.2333	1.0697	0.5425	4.3623	-2.4988	1.9367	-0.7235	1.5909	-1.697	-0.9244	1.461	-0.2789	-1.5865	2.352	2.6034	-2.1499	2.2398	0.0208	-2.0724	0.9781	1.6272	-2.6116	-2.4687	-2.5184	0.2201	1.3082	-0.4818	-0.6021	-2.7477	1.4623	1.7697	-1.5756	1.5507	-1.0566	-2.7127	1.7279	4.6362	2.1349	0.4319	0.1546	3.6374
OSD-245_Mmus_C57-6T_LVR_FLT_LAR_Rep2_F2	C57BL/6NTac	Female	FLT	FLT	RR-6	OSD-245	OSD-245	2.3072	4.1896	1.4815	-1.6376	-1.0361	0.117	-4.8679	0.5995	-2.5773	-2.318	2.9974	1.6051	3.9029	-0.8809	-0.5497	-2.3134	0.7269	-4.2393	3.4046	2.7648	1.8411	1.9265	-0.0702	0.9038	4.6226	1.4341	4.2623	-2.9111	1.1069	-0.5246	2.0965	-1.4634	-1.1573	3.1331	0.0553	-1.0274	1.6748	2.583	-1.8741	2.574	0.6605	-1.7656	-0.1641	0.3875	-2.7677	-4.6794	-2.4314	1.8889	0.7946	-0.4323	0.6454	-1.2035	3.0955	1.7494	-2.1388	1.3496	-1.3494	-1.2883	1.7436	2.7172	0.6667	0.6958	1.0204	3.5281
OSD-245_Mmus_C57-6T_LVR_FLT_LAR_Rep3_F3	C57BL/6NTac	Female	FLT	FLT	RR-6	OSD-245	OSD-245	2.0693	3.018	1.0563	-2.5989	-0.1161	2.0777	-3.5436	1.881	-2.385	-1.8928	2.2002	0.1019	2.5295	0.7202	0.3319	-3.508	0.5504	-5.4542	3.0323	2.5232	3.2186	1.7823	-0.9017	-1.9444	2.9785	0.0588	4.6868	-2.7673	1.426	-0.9688	2.1012	-1.2968	0.019	3.1101	-0.4656	-3.0499	1.0797	3.3811	-2.0268	3.7835	-0.7824	-0.3756	0.6935	-1.165	-3.5569	-3.2777	-1.5396	2.3173	0.1804	-0.431	0.3533	-2.0009	3.6099	2.7984	-2.0934	1.1511	0.6028	-2.0518	2.4016	1.9599	1.0552	1.6721	2.4778	3.9873
OSD-245_Mmus_C57-6T_LVR_FLT_LAR_Rep4_F6	C57BL/6NTac	Female	FLT	FLT	RR-6	OSD-245	OSD-245	1.0756	3.9241	0.2079	-2.2444	-0.0264	1.4431	-4.2175	1.6597	-1.5932	-2.8524	2.9226	0.8849	2.3775	1.5477	0.7892	-2.9404	1.0442	-3.295	1.831	0.5867	2.6848	2.8551	1.7833	-0.1614	3.4688	1.3597	5.862	-3.2347	0.7447	0.0323	1.2151	-2.0306	-0.0876	3.0775	0.1296	-2.7423	1.6513	2.0279	-2.1899	3.1628	2.1292	-1.435	-1.6037	-0.2721	-2.2137	-2.7067	-2.1197	1.8242	1.4559	2.3394	0.0189	-0.5816	3.213	1.3093	-2.3148	2.9435	0.0465	-3.7638	2.3646	2.4969	1.8752	1.0878	-0.2856	3.0941
OSD-245_Mmus_C57-6T_LVR_FLT_LAR_Rep5_F7	C57BL/6NTac	Female	FLT	FLT	RR-6	OSD-245	OSD-245	0.1279	2.3822	-0.9241	-1.1282	0.5131	2.2463	-3.8587	-0.6369	-2.3447	-1.4517	3.4028	-0.3455	2.0166	-1.9308	-0.4858	-2.0369	0.216	-4.3366	3.9222	1.602	2.2438	0.6528	-2.2072	-0.7329	2.593	1.0295	4.441	-2.644	1.4504	-1.5208	2.0888	-2.1874	-0.423	3.1085	1.0014	-1.062	1.7625	2.1429	-1.3479	2.3859	0.0549	-1.9613	-0.1584	-0.539	-2.5457	-2.5545	-3.3957	1.0571	-0.3306	-1.8888	0.4784	-0.3357	2.1758	1.8328	-2.1175	2.2797	0.0417	-1.8822	2.0998	1.4259	0.1204	-0.1544	0.431	2.6726
OSD-245_Mmus_C57-6T_LVR_FLT_LAR_Rep6_F10	C57BL/6NTac	Female	FLT	FLT	RR-6	OSD-245	OSD-245	2.4081	2.7875	-1.096	-2.2678	0.0136	-0.1533	-3.2794	1.0266	-1.8837	-1.695	1.7307	-0.9772	1.1174	-0.1152	0.2335	-3.1505	0.4428	-3.1485	0.138	1.4019	2.3998	1.8281	0.5762	-2.0532	2.1344	0.2033	4.2411	-2.1037	0.9216	-0.5085	1.2738	-1.6136	-1.1501	1.3312	0.5166	-1.7546	1.9743	1.6143	-1.8791	2.1581	-0.5406	-0.7266	0.7488	1.3701	-2.3788	-3.0076	-1.4906	1.0459	1.2422	0.0998	1.0461	-1.262	3.2978	1.7699	-2.8478	1.0807	-0.1621	-1.2026	2.3352	-0.263	0.6715	0.7052	1.4884	2.6464
OSD-245_Mmus_C57-6T_LVR_FLT_LAR_Rep7_F8	C57BL/6NTac	Female	FLT	FLT	RR-6	OSD-245	OSD-245	-0.057	0.3708	1.574	-4.6489	-1.215	0.9096	-2.3024	-0.2664	-1.3036	-1.1955	1.3145	-0.72	0.5297	2.2887	0.5318	0.1127	0.8591	-2.3913	0.9413	0.8185	3.4307	0.7977	-0.5602	-0.1004	4.3603	1.0409	1.3286	-0.5273	2.3702	-0.432	1.641	-2.83	2.0303	3.3601	1.711	-0.7173	1.7589	1.5714	-0.6689	1.485	0.2134	-0.3763	-0.2437	-0.7688	-2.263	-1.2161	-2.155	0.8442	0.5209	-2.5172	0.6904	1.4044	1.5358	0.8447	-0.3134	1.6358	-2.1538	-3.6186	2.7575	3.5494	-0.5626	1.3143	2.2439	0.2015
OSD-245_Mmus_C57-6T_LVR_FLT_LAR_Rep8_F9	C57BL/6NTac	Female	FLT	FLT	RR-6	OSD-245	OSD-245	0.5371	1.5745	0.9332	-1.261	-0.7327	1.826	-3.7346	-0.3436	-1.1886	-2.181	1.7477	-1e-04	0.8932	-0.4341	1.3539	-1.3581	0.9821	-1.3713	1.8335	1.0397	2.7969	0.4611	0.8355	-0.9191	3.1912	1.257	3.0082	-0.7725	0.9108	-0.2875	2.203	-0.989	0.7142	2.5378	1.0867	-0.338	0.2882	0.3429	-0.3654	1.7558	0.7401	-0.3241	0.5037	-0.2603	-2.0071	-3.5591	-4.7978	0.5492	0.5707	-0.0992	-0.1407	-0.5295	1.4472	1.2479	-1.2139	0.8029	-0.675	-2.2784	1.7926	1.3169	1.2016	2.8307	1.1384	4.5938
OSD-245_Mmus_C57-6T_LVR_FLT_LAR_Rep9_F4	C57BL/6NTac	Female	FLT	FLT	RR-6	OSD-245	OSD-245	4.2175	1.2706	-0.7829	-2.3787	0.7897	1.875	-2.4483	-0.8882	-3.5089	0.1163	4.6529	-0.336	5.9635	0.659	1.5547	-3.8779	2.3822	-3.5416	4.5033	-0.3395	3.1501	0.3917	0.5388	-3.0599	2.2234	-0.8437	6.4007	-3.8173	2.1681	-1.5472	1.5839	-1.4182	-1.8437	4.6649	-3.0133	-4.3277	0.6673	4.8457	-3.07	4.7414	-0.6292	-2.2204	-0.693	-1.5621	-2.8473	-3.7412	-2.1748	1.4197	-0.6636	3.9682	1.7258	0.225	3.8687	5.0095	-2.5937	2.1343	1.4352	-1.1399	2.1267	3.0026	1.4948	1.6823	0.4646	5.3314
OSD-463_RR23_LVR_FLT_F1	C57BL/6J	Male	FLT	FLT	RR-23	OSD-463	OSD-463	7.6626	3.3835	-7.5599	-5.6683	8.4411	-3.7873	-1.5014	7.063	-3.3283	-5.0653	-5.5776	6.063	2.3075	-9.8501	3.0407	-4.9774	4.9317	0.0419	1.8465	1.862	-8.6513	0.0477	3.7142	-6.3287	-8.2638	-7.2952	2.7886	-5.8919	-0.1807	9.1349	2.1065	-2.3594	-6.6914	-3.5773	-7.169	-6.6372	-10.4537	5.731	-6.7053	2.8466	-5.3316	-6.5679	1.6896	6.7369	-3.9894	-2.2657	9.0743	2.1393	0.606	8.3506	-4.3851	-8.6534	1.347	1.7632	-4.1896	-7.9523	8.2835	10.8963	-5.6864	4.3423	6.3467	-7.6677	-11.5534	5.3811
OSD-463_RR23_LVR_FLT_F2	C57BL/6J	Male	FLT	FLT	RR-23	OSD-463	OSD-463	5.2491	5.4741	-2.9204	-7.1467	9.6321	-8.4214	0.0927	6.8785	-4.6637	-4.5816	-5.8358	6.7061	2.2319	-8.9865	4.6772	-4.2403	3.4284	0.4428	0.8608	3.064	-9.1891	0.8848	6.4912	-9.1741	-10.0997	-7.7683	4.6835	-6.0029	-0.4908	9.2677	3.7849	-1.9773	-8.4461	-2.9784	-7.2092	-6.6244	-13.0724	5.5433	-6.9433	3.4881	-4.4381	-6.1566	3.0229	4.3937	-4.3697	-3.2483	8.7928	3.9836	2.0083	5.0035	-2.7813	-16.6768	2.2816	0.9198	-4.0925	-5.6413	8.4437	7.7056	-6.9269	1.9226	6.4351	-7.2012	-10.4746	6.2839
OSD-463_RR23_LVR_FLT_F3	C57BL/6J	Male	FLT	FLT	RR-23	OSD-463	OSD-463	4.4061	1.7483	-6.9988	-5.5547	4.4986	-4.9229	-0.1406	5.1408	-3.316	-5.8371	-6.4508	6.161	0.5322	-7.0136	2.9799	-4.8742	3.4501	0.1214	3.9634	1.7158	-12.1686	0.5416	7.9056	-6.3547	-10.2431	-5.0765	4.6971	-3.4988	-1.3607	7.7572	1.672	-3.101	-6.2061	-0.4247	-7.9822	-4.6359	-5.4316	4.3431	-5.6937	1.2443	-3.4428	-3.484	2.353	5.5242	-4.0601	-1.4545	8.499	4.5291	-0.6469	8.4474	-0.497	-6.2641	3.8215	1.9598	-1.5126	-8.8209	8.2435	9.1906	-6.5333	1.219	4.1684	-8.082	-7.1545	3.2738
OSD-463_RR23_LVR_FLT_F4	C57BL/6J	Male	FLT	FLT	RR-23	OSD-463	OSD-463	10.1092	2.3745	-4.7862	-4.3957	8.8567	-6.3903	-1.1619	7.1399	-4.6062	-6.3728	-5.1358	8.6202	1.8025	-8.695	3.7791	-5.5483	3.0094	0.1224	7.5531	2.9798	-11.3535	-0.3432	7.3693	-7.69	-13.1062	-5.5781	3.5851	-6.2055	-1.7106	8.6406	4.0063	-3.3499	-7.3562	-6.4864	-8.2023	-7.6763	-10.7362	4.3971	-6.5635	0.731	-2.2859	-7.8014	1.6046	6.5297	-3.8092	-1.2343	10.7361	-0.1229	-0.3407	6.4193	-4.4151	-11.2824	-5.4334	1.7464	-3.3213	-9.4522	8.7808	10.2886	-7.6581	2.7396	5.9692	-9.2254	-10.6363	4.5366
OSD-463_RR23_LVR_FLT_F5	C57BL/6J	Male	FLT	FLT	RR-23	OSD-463	OSD-463	4.7823	4.9416	-7.7154	-3.0306	4.3189	-8.0362	-2.5985	5.5911	-5.8023	-5.9818	-4.0721	6.4984	2.8838	-8.3497	2.831	-4.6701	4.8095	-0.7278	6.1702	3.6483	-10.6061	0.6554	5.7792	-9.5204	-10.1891	-8.684	6.2322	-7.1298	0.1157	9.6396	2.689	-2.386	-9.7824	-5.1656	-7.7781	-6.6854	-10.5498	4.8483	-7.4992	1.2974	-3.2562	-4.7052	3.4806	5.6332	-5.4475	-3.1212	9.7138	1.9238	3.0175	5.6512	-0.3475	-11.9604	0.9227	1.9897	-4.33	-9.0425	9.1757	6.1896	-5.6396	2.522	7.2087	-10.2232	-10.0036	4.6746
OSD-463_RR23_LVR_FLT_F6	C57BL/6J	Male	FLT	FLT	RR-23	OSD-463	OSD-463	4.3723	3.45	-7.9741	-3.3635	6.0028	-5.1165	-1.4191	6.7281	-3.2811	-5.6943	-5.0393	8.7989	2.176	-7.0069	3.1111	-4.8467	3.8368	-1.0514	1.2174	1.5221	-6.8096	0.8116	7.1101	-7.9947	-12.3235	-6.8543	3.9854	-6.213	-1.6874	9.2886	-0.0289	-1.4162	-8.261	-4.8825	-9.2944	-7.9611	-10.9223	4.0756	-6.7343	0.2071	-1.8525	-5.9357	1.6985	5.0764	-4.6127	-1.8489	8.3701	1.8388	0.2676	5.1191	-5.7324	-4.5248	4.8744	2.624	-3.9362	-6.639	8.5081	9.7832	-4.0875	3.2011	5.3147	-10.9228	-9.2623	5.8398
OSD-463_RR23_LVR_FLT_F7_techrep1	C57BL/6J	Male	FLT	FLT	RR-23	OSD-463	OSD-463	6.7097	4.2956	-5.3613	-3.7984	6.9627	-8.7754	-1.6931	9.5552	-5.5292	-6.455	-6.4529	4.7277	1.7515	-7.8583	3.9182	-3.8889	3.6286	1.8132	1.1194	2.2875	-13.098	-1.4159	5.5775	-10.2619	-10.7388	-5.6337	3.5686	-6.0564	-2.6629	8.7054	2.3616	-3.302	-7.652	-5.2812	-7.9453	-5.6971	-10.0061	3.693	-6.3434	0.3833	-2.9144	-6.2049	4.7951	4.041	-3.1051	-1.7411	5.64	-0.223	2.2389	6.5422	-1.7387	-9.8957	2.5597	0.6831	-2.6008	-9.8537	7.2385	9.1657	-2.5661	0.4536	5.149	-9.0055	-9.7645	6.5077
OSD-463_RR23_LVR_FLT_F7_techrep2	C57BL/6J	Male	FLT	FLT	RR-23	OSD-463	OSD-463	7.6998	4.1516	-4.8668	-3.2322	5.8365	-8.2732	-0.7116	5.5557	-4.6176	-4.5545	-5.5729	6.313	1.4213	-8.8698	3.1314	-4.4101	4.8474	0.5258	0.7318	2.8937	-9.6114	-1.2223	6.0058	-7.3017	-11.3269	-8.7889	2.5716	-1.4232	-2.3464	11.2731	0.9916	-2.5698	-6.574	-6.7971	-7.3561	-5.1337	-12.7396	3.6637	-6.1675	0.9594	-7.0209	-6.8224	2.7675	7.3877	-3.8668	-1.7588	10.3149	5.5943	0.7673	3.9563	-1.932	-9.3049	-5.6474	-0.0464	-3.6636	-10.8372	8.4203	8.8327	-6.3763	1.7577	1.947	-8.399	-7.6611	4.5957
OSD-463_RR23_LVR_FLT_F8_techrep1	C57BL/6J	Male	FLT	FLT	RR-23	OSD-463	OSD-463	9.163	4.2068	-1.9684	-0.612	14.9175	-6.368	0.5409	6.1269	-3.6133	-5.6048	-5.1302	7.2281	2.0129	-9.9973	2.3809	-4.3594	4.5288	1.1503	2.4616	2.082	-1.0422	0.5539	6.7259	-7.7367	-11.0651	-8.6525	2.0108	-4.388	-1.0873	8.6083	-0.5629	-2.6171	-6.6572	-4.0601	-9.2587	-4.9715	-8.9622	3.6309	-5.8208	0.5119	-3.3007	-4.8195	3.8995	4.7916	-3.25	-2.2621	6.8259	2.2584	2.3865	5.7494	-3.9567	-7.7061	0.2613	2.526	-4.3639	-5.9887	6.4972	6.5779	-2.2866	1.9754	6.1425	-11.709	-9.662	5.3196
OSD-463_RR23_LVR_FLT_F8_techrep2	C57BL/6J	Male	FLT	FLT	RR-23	OSD-463	OSD-463	4.8279	4.6623	-7.2056	-5.8166	6.7157	-7.0518	-0.7918	5.4865	-3.9772	-5.167	-2.787	6.5664	2.3615	-8.3934	4.5689	-4.7808	2.9682	-1.75	0.8833	2.4377	-9.2656	0.3566	7.425	-7.9595	-7.2212	-7.3708	3.3982	-3.86	0.3211	8.1409	2.8563	-2.6046	-8.4407	-6.7545	-9.7815	-7.102	-9.6721	4.5958	-6.6021	-1.3925	-1.267	-4.7932	-0.111	6.179	-3.7119	-3.12	9.503	3.122	1.7411	3.1772	-6.808	-10.4349	1.2326	2.0796	-3.7111	-5.7305	6.4635	10.4323	-4.4703	0.3411	3.5691	-10.3929	-8.724	5.1537
OSD-463_RR23_LVR_FLT_F8_techrep3	C57BL/6J	Male	FLT	FLT	RR-23	OSD-463	OSD-463	7.0053	2.3749	-3.3198	-4.0994	10.2148	-5.894	0.5841	2.6186	-3.769	-4.3672	-5.1484	5.8784	2.0908	-5.7226	2.7244	-5.1709	4.4427	-0.1115	4.6534	2.096	-4.4563	-1.0706	10.3911	-6.4185	-8.049	-5.4582	3.7581	-2.9754	-1.8947	9.0098	2.2312	-3.2988	-7.8142	-4.1131	-11.3605	-6.6218	-9.2885	6.4235	-6.3245	2.8273	-7.0131	-3.5797	3.2397	5.786	-4.0012	-2.5933	4.0744	1.8286	1.3161	6.9288	-4.371	-9.0261	-1.5313	0.3902	-3.0947	-6.2654	8.1749	8.2294	-3.4218	1.5455	4.3906	-8.0199	-8.3087	4.9895
OSD-463_RR23_LVR_FLT_F9	C57BL/6J	Male	FLT	FLT	RR-23	OSD-463	OSD-463	10.5551	4.5797	-4.5794	-7.4364	7.3013	-7.2135	-0.3125	9.392	-5.5185	-4.2375	-5.3245	6.166	2.4809	-9.6092	3.2333	-3.6919	3.6097	-0.708	-0.5514	2.5427	-6.8883	-0.7249	10.3578	-9.2266	-10.8356	-7.5066	2.9666	-4.1045	-0.1971	10.7395	3.3345	-2.9089	-7.4443	-4.6071	-9.1808	-5.0842	-9.9272	4.4604	-6.1433	0.5695	-2.4031	-7.6414	4.7316	3.1355	-4.582	-2.6982	8.0069	1.9554	0.0405	6.0519	-3.4182	-4.6912	3.8359	0.9142	-2.711	-10.6998	8.145	11.3053	-5.3052	2.0168	6.6205	-8.1621	-10.9805	3.2918
OSD-242_Mmus_C57-6J_LVR_FLT_C1_Rep1_F1	C57BL/6J	Male	FLT	FLT	RR-9	OSD-242	OSD-242	3.6052	2.8172	-2.6091	-4.3907	6.0795	-6.3185	-1.1983	5.5557	-1.9514	-5.5518	-3.9332	2.1646	1.6305	-6.851	1.9205	-3.1213	4.3721	-0.8884	-0.1568	1.07	-8.0387	-0.8357	5.8939	-5.8761	-7.2633	-5.1986	2.2351	-3.3399	-0.9327	6.0384	0.9499	-2.4561	-4.6167	-0.9171	-4.525	-4.7544	-11.6174	3.172	-4.7452	1.3423	-1.3936	-4.6687	-0.2366	6.8161	-3.1321	-2.7042	4.1014	3.4598	-0.2782	1.8423	-4.455	-9.2245	0.9305	0.4932	-2.355	-7.0406	7.4287	6.5913	-3.636	0.6922	4.9947	-8.0573	-5.9659	3.9211
OSD-242_Mmus_C57-6J_LVR_FLT_C1_Rep2_F2	C57BL/6J	Male	FLT	FLT	RR-9	OSD-242	OSD-242	4.4855	2.8578	-3.4475	-0.673	7.8129	-6.794	-1.241	2.4122	-2.3757	-4.8124	-4.243	4.9571	2.3519	-4.0524	2.2318	-3.9026	3.5081	-1.308	2.9562	2.1419	-6.4583	1.4644	9.8108	-7.1596	-10.3971	-2.4495	3.3834	-4.298	-1.0868	7.0373	-0.5807	-2.0009	-5.1119	-2.3434	-7.4824	-5.0187	-10.594	4.3648	-5.3267	2.0009	-0.0637	-5.7523	0.8235	4.3675	-4.3333	-2.7058	7.1107	1.5416	1.1863	8.301	-2.9991	-4.9704	3.0431	0.5793	-3.9461	-5.5315	6.5086	8.5565	-4.8385	2.4486	5.2061	-8.961	-7.9136	3.0997
OSD-242_Mmus_C57-6J_LVR_FLT_C1_Rep3_F3	C57BL/6J	Male	FLT	FLT	RR-9	OSD-242	OSD-242	5.6449	3.1352	-2.1844	-0.8756	2.7734	-5.7933	-2.1896	7.0294	-4.5319	-5.4393	-3.5334	5.6458	1.9799	-4.4266	3.1666	-3.1814	3.7078	-0.6794	2.6127	1.2894	-5.6533	-1.0227	4.8318	-7.5072	-7.6077	-4.2112	4.2175	-5.156	-1.1741	7.1078	5.4301	-2.8399	-5.9664	-3.5841	-5.369	-5.5284	-9.1784	4.5968	-5.9883	2.9752	-4.1407	-5.7557	4.8331	6.5058	-3.5065	-4.4684	5.3487	-0.305	1.667	6.6761	-4.2524	-7.3156	2.3497	1.585	-3.8721	-6.8754	7.492	8.1151	-2.863	2.7272	5.6209	-6.3086	-8.6411	6.0447
OSD-242_Mmus_C57-6J_LVR_FLT_C1_Rep4_F4	C57BL/6J	Male	FLT	FLT	RR-9	OSD-242	OSD-242	6.0482	4.4116	-5.7197	-4.604	9.2212	-10.1078	-2.2232	4.0456	-4.3567	-5.9904	-4.7695	5.0932	1.9889	-6.8686	4.2259	-3.6952	3.6626	-0.3879	5.1441	2.6991	-5.9819	1.5615	7.9894	-7.7074	-9.7074	-6.4382	3.5744	-3.8891	0.3104	8.4583	2.4756	-2.3065	-6.5897	-3.4486	-7.486	-4.3832	-9.3348	4.9325	-5.5217	0.7681	0.1915	-5.9373	0.988	4.0613	-3.892	-2.1503	2.1975	4.3365	1.516	3.8979	-6.4518	-6.6411	4.5421	2.4622	-2.7254	-7.6353	4.8221	11.7567	-2.4858	1.874	4.2904	-8.5638	-7.7329	4.1543
OSD-242_Mmus_C57-6J_LVR_FLT_C1_Rep5_F5	C57BL/6J	Male	FLT	FLT	RR-9	OSD-242	OSD-242	3.0814	3.9301	-5.309	-2.3207	5.7299	-6.8418	-1.5165	7.409	-3.741	-6.6352	-3.3063	5.3394	2.179	-5.6965	2.9975	-5.0199	3.6986	-0.0266	-0.4021	2.3788	-5.9713	-0.5485	9.1693	-5.97	-6.7362	-5.8926	1.9739	-4.2681	-1.0278	8.8503	1.7791	-3.941	-8.9995	-4.0415	-5.2921	-5.3813	-6.8089	3.6116	-5.8497	3.1291	-6.6482	-3.6034	1.3822	6.0819	-3.9085	-3.0943	3.7771	2.1302	2.1083	5.6561	-2.1213	-6.0977	-1.564	1.9762	-4.0047	-7.1852	6.1726	6.0811	-3.9484	2.4114	5.1642	-8.1684	-10.4699	6.2659
OSD-137_Mmus_BAL-TAL_LVR_FLT_Rep1_F1	BALB/c	Female	FLT	FLT	RR-3	OSD-137	OSD-137	-5.9807	-3.1095	5.6826	5.2146	-3.1882	3.4135	3.737	-1.4913	6.1332	0.1887	-2.8455	-3.0965	-9.1843	3.8376	-1.8757	8.0066	-4.1963	7.1169	-6.1608	-2.5424	0.8372	-3.4782	-2.802	4.4069	1.8096	2.3762	-9.549	6.4191	-2.928	-1.9957	-2.7292	1.4317	7.5275	-3.1062	5.8709	5.8139	3.8112	-6.5647	6.581	-4.5754	1.2059	5.225	-0.8718	-0.1642	5.244	6.0151	-0.82	-2.3372	0.8371	-4.3571	-3.4368	3.832	-5.6188	-5.5577	2.5327	0.616	-7.4959	-1.6363	0.3515	-3.3018	-3.0066	0.2908	2.5122	-8.1278
OSD-137_Mmus_BAL-TAL_LVR_FLT_Rep2_F2	BALB/c	Female	FLT	FLT	RR-3	OSD-137	OSD-137	-4.5796	-1.6614	4.896	2.4191	-2.3164	1.8311	3.4575	-2.8626	4.0163	0.7596	-1.7181	-4.1647	-7.5957	3.7918	-1.0439	6.309	-0.6882	1.641	-4.3345	0.604	0.5157	-3.5476	-3.6119	2.4435	2.7219	2.1007	-1.2369	3.4363	-1.6158	-0.4309	-2.3058	-1.0486	4.7304	-1.2448	3.7295	3.7167	3.3243	-3.7808	2.2427	-2.8599	0.5534	4.7937	-0.3812	-0.0543	2.0551	2.7706	-2.1391	-0.5981	-1.0829	-4.2552	-0.3858	5.0533	-3.2597	-2.9881	1.2415	0.8685	-1.8914	-2.2058	0.897	-2.489	-1.6487	1.9234	2.9394	-2.2867
OSD-137_Mmus_BAL-TAL_LVR_FLT_Rep3_F3	BALB/c	Female	FLT	FLT	RR-3	OSD-137	OSD-137	-6.6834	-3.8074	5.4703	3.673	-2.6506	-0.1814	3.097	-2.1646	6.5196	1.6489	-3.6709	-3.1402	-7.7658	4.6218	-3.0724	3.9832	-3.328	1.9258	-8.1213	-1.7901	-0.0589	-4.1907	-2.3359	4.0437	1.8376	4.2099	-7.6578	6.6416	-1.5226	-1.5737	-3.7433	-0.9647	8.5335	-4.2473	5.2667	7.1464	2.4911	-7.2632	11.3309	-3.7999	1.6529	6.1034	-0.4369	0.187	4.3545	7.2769	-0.9914	-2.2202	-1.497	-6.4375	-0.7654	5.3558	-5.4023	-5.689	2.8353	0.4303	-6.3331	-1.7897	0.2778	-3.4645	-3.18	0.9896	2.5583	-8.5673
OSD-137_Mmus_BAL-TAL_LVR_FLT_Rep4_F4	BALB/c	Female	FLT	FLT	RR-3	OSD-137	OSD-137	-5.0739	-1.7025	4.8967	2.7664	-2.656	-0.5546	4.127	0.1968	4.1526	0.1385	-4.7754	-3.5495	-4.7814	4.4295	-1.8807	3.883	-2.4717	5.336	-6.276	-2.8261	-0.5223	-4.1045	-1.9763	3.523	2.4127	1.3898	-9.212	4.9088	-5.2776	0.0976	-3.6957	0.2773	6.918	-4.0877	5.4871	7.0755	2.5203	-5.1926	5.7678	-4.6379	0.7621	6.0674	-0.544	0.7915	6.8562	6.0846	-0.3373	-0.9732	-0.8793	-5.4203	-1.9527	4.3506	-5.6577	-5.2505	8.0735	1.4436	-5.0664	0.0621	0.3797	-2.5783	-3.4572	-2.1393	2.5713	-9.0409
OSD-137_Mmus_BAL-TAL_LVR_FLT_Rep5_F5	BALB/c	Female	FLT	FLT	RR-3	OSD-137	OSD-137	-6.6816	-4.6254	5.6343	4.6358	-2.7879	0.9981	5.7288	-0.3638	3.8744	1.7595	-2.9807	-2.2446	-8.7868	4.0057	-1.9926	3.5284	-7.1381	12.6701	-6.3684	-3.1494	-1.2464	-4.6314	-3.0318	6.2127	0.6864	4.5079	-5.9024	5.7391	-3.8362	-1.8476	-2.3807	0.889	4.5316	-4.7456	4.9737	8.1933	3.1723	-7.0799	11.9614	-4.9543	-0.3679	6.6788	0.729	0.8849	4.3696	1.8754	-0.8155	-2.9824	0.8369	-7.2411	-3.1502	5.4644	-5.6174	-6.6733	6.8607	2.1208	-2.5953	-0.6237	-0.4456	-3.1281	-2.3643	0.0199	2.998	-7.859
OSD-137_Mmus_BAL-TAL_LVR_FLT_Rep6_F6	BALB/c	Female	FLT	FLT	RR-3	OSD-137	OSD-137	-6.4917	-1.9645	4.9658	1.3918	-2.994	1.02	5.3995	-1.0069	4.5312	1.1155	-3.2349	-3.0842	-6.8833	4.1846	-0.1388	9.847	-3.7306	5.4952	-6.2418	-2.3242	0.4503	-3.2708	-2.1605	3.7728	1.4507	3.2515	-9.3001	5.2949	-1.7275	-1.7596	-1.9807	1.1446	8.6585	-5.1084	5.0346	5.635	2.4766	-8.5555	8.9838	-4.8946	2.0344	5.933	0.0665	0.312	5.1667	6.0958	-0.7808	-2.2091	0.2725	-3.7365	-2.2297	5.0643	-4.0238	-3.9495	4.2438	0.4422	-5.0159	-0.0536	-0.0435	-2.8213	-2.5154	1.0298	2.3084	-5.1506
OSD-173_Mmus_C57-6CR_LVR_FLT_Rep1_F58	C57BL/6NCrl	Female	FLT	FLT	BSP135	OSD-173	OSD-173	2.0428	-0.0488	1.7	0.1323	-1.1538	2.349	-1.8648	-0.8403	-0.6947	-1.2076	2.5892	-2.6951	0.2396	1.5008	-1.0561	-2.454	0.6679	-3.1045	1.2619	0.4479	3.6051	0.3876	-0.6092	1.2439	4.3607	0.5717	2.8342	-0.7543	0.1272	-2.2568	1.6296	-0.6761	-0.4933	3.1465	1.0147	-0.7544	2.7097	1.2731	-1.4976	1.67	0.6416	0.1062	-1.951	-2.426	-2.2061	-2.1304	-3.2273	0.812	0.5654	-1.1244	0.4332	-0.4809	0.564	-0.2449	-1.1983	1.9676	-3.0894	-2.8837	3.9494	0.7187	0.4385	1.8688	1.8078	1.2161
OSD-173_Mmus_C57-6CR_LVR_FLT_Rep2_F64	C57BL/6NCrl	Female	FLT	FLT	BSP135	OSD-173	OSD-173	1.0517	2.05	1.0584	-1.4502	-0.8064	1.4939	-2.504	0.8763	0.1959	-0.1845	1.6088	1.2478	0.6579	2.0309	0.8594	-0.0672	-0.4078	-4.2993	0.724	1.2581	3.2491	0.2764	-0.587	-0.0535	3.1755	1.1612	-0.1532	-0.6677	0.9469	-2.4713	1.9561	-2.6957	-0.4571	3.1317	1.0602	0.3597	2.7069	1.8346	-1.2787	1.2531	0.771	-1.1331	-0.3246	0.8718	-1.8162	-1.9361	-3.4014	-0.1157	-0.7135	3.6675	-1.7647	-0.5906	1.5971	1.9066	-1.5332	3.8288	-0.4279	-4.7657	3.6308	-0.608	2.2418	0.5633	2.0317	1.427
OSD-379_RR8_LVR_GC_ISS-T_OLD_GI11	BALB/cAnNTac	Female	GC	GC	RRRM-1 (RR-8)	OSD-379	OSD-379	-2.3801	-0.0112	3.8024	2.8274	-0.4596	-0.298	2.0385	0.139	2.2489	-1.8158	-0.0092	-3.9083	-4.0716	2.9353	-2.0529	1.8256	-1.8631	1.8053	-4.6658	0.5488	0.6119	-1.4438	-0.7844	4.6425	1.2551	1.6412	-5.1712	4.0165	-2.4041	-1.5538	2.1151	0.1552	4.0886	-2.1324	3.4984	2.357	1.9098	-5.276	4.9815	-3.3627	0.6078	4.171	1.1064	0.3595	1.0408	-1.4777	-0.4346	-1.9414	0.8461	-1.4481	-2.2245	3.2057	-1.4344	-3.2298	4.8257	2.6058	-1.7327	-0.393	0.8334	-1.2463	-1.9211	0.8033	3.1893	-4.1742
OSD-379_RR8_LVR_GC_ISS-T_OLD_GI12	BALB/cAnNTac	Female	GC	GC	RRRM-1 (RR-8)	OSD-379	OSD-379	-4.2626	-0.7589	4.4111	4.434	-2.3654	0.8288	2.3504	-0.6164	5.3505	0.4734	-2.4053	-2.1375	-6.6472	3.9749	-0.0679	5.8636	-3.4938	3.2508	-5.8111	-1.2428	0.8533	-3.7233	-0.9601	4.8987	2.7286	2.5305	-5.2378	4.34	-2.5194	-1.524	-1.6549	-1.0235	7.1079	-3.1606	3.3866	3.1298	2.6142	-4.8395	4.0696	-2.7702	-0.2323	4.6338	1.2055	0.5232	2.1815	3.2419	-1.9141	-0.7315	0.9715	-3.8982	-0.8194	4.2521	-1.9641	-3.3146	3.6201	0.49	-0.9475	-2.3372	0.0258	-1.1901	-2.4093	-0.3277	4.288	-5.4511
OSD-379_RR8_LVR_GC_ISS-T_OLD_GI13	BALB/cAnNTac	Female	GC	GC	RRRM-1 (RR-8)	OSD-379	OSD-379	2.1589	2.0411	2.6328	-2.2677	-1.5999	3.5076	-3.4665	-1.9813	-2.2076	-1.6931	3.2878	-0.8135	2.6118	1.8362	1.0193	-3.1841	0.8824	-4.7198	3.1675	0.9956	5.4314	1.8805	-1.6783	0.1276	4.8925	1.6388	3.6436	-2.0975	2.5696	-4.8306	0.0549	-0.2413	1.54	5.3253	0.7175	-1.1111	2.6532	2.029	0.1522	3.3128	1.2589	-0.8749	-1.119	-2.047	-1.8496	-2.6126	-4.2427	-0.3855	-0.7385	-0.7006	1.0283	0.4906	3.6664	1.855	-2.1244	5.2501	-1.5376	-5.5924	3.7145	1.9903	-1.5133	4.9562	2.0435	2.9418
OSD-379_RR8_LVR_GC_ISS-T_OLD_GI14	BALB/cAnNTac	Female	GC	GC	RRRM-1 (RR-8)	OSD-379	OSD-379	-5.2402	-2.0163	4.1863	3.9566	-1.8536	-0.1235	1.0777	0.3097	3.3045	1.0738	-2.4153	-3.1483	-6.6677	2.8728	-0.5907	5.9009	-1.6541	2.0998	-4.4361	0.4337	0.2115	-1.6323	-1.8253	3.5917	2.2185	2.8213	-6.0959	2.9828	-2.3504	-1.4408	-0.2344	0.8744	3.4615	-2.8882	3.6784	3.3877	2.8892	-4.4811	5.5089	-2.7974	1.7037	2.6583	0.3774	1.1362	5.7208	4.6771	-1.9454	-0.1375	-0.3019	-5.5959	-3.4809	3.429	-2.8787	-3.8793	3.8547	-0.0533	-7.7598	-1.1797	0.9241	-3.2625	-2.4458	0.8408	2.86	-3.2097
OSD-379_RR8_LVR_GC_ISS-T_OLD_GI15	BALB/cAnNTac	Female	GC	GC	RRRM-1 (RR-8)	OSD-379	OSD-379	-2.6328	-0.7575	2.6201	3.6649	-0.2524	0.325	1.12	1.0844	3.1779	-1.676	-1.3415	-0.6292	-3.1981	0.9879	-0.9602	0.4099	-2.8749	-0.8442	-2.7023	-0.556	-0.6679	-2.3605	0.4389	2.8357	1.383	1.2322	-0.3194	1.5455	-1.5091	-2.4768	0.3534	-0.7116	2.4962	0.645	1.9913	2.5497	1.4846	-1.7424	2.0585	-1.4281	0.4205	1.674	-0.5374	-0.2924	1.5078	-0.6232	0.5046	-0.7431	-0.6832	-2.1975	-2.0468	1.3755	-0.5842	-2.3474	1.1718	1.6422	-2.4934	0.7363	0.6245	-0.931	-0.9043	-1.5941	1.2442	-2.8327
OSD-379_RR8_LVR_GC_ISS-T_OLD_GI16	BALB/cAnNTac	Female	GC	GC	RRRM-1 (RR-8)	OSD-379	OSD-379	-4.3212	-3.2897	2.748	1.9873	-1.6758	0.8793	1.6328	-0.0819	4.7564	-0.9966	-1.4406	-3.1343	-5.5199	2.6352	-0.4143	6.4152	-0.1702	2.3805	-3.949	-1.0185	0.1421	-2.7463	-0.5394	2.5406	1.6588	1.5363	-4.029	3.159	-2.2188	-0.3987	-1.4394	-0.232	3.9637	-3.0747	3.1884	3.5476	0.9695	-4.0374	3.2837	-2.681	-0.0333	3.6609	0.0366	1.6785	2.7204	3.963	-2.2567	-0.7369	0.4235	-3.661	-0.7001	2.5539	-2.5245	-3.3136	4.9557	0.2269	-1.5584	-1.4471	0.9762	-1.548	-1.6118	-0.4528	2.9243	-4.1533
OSD-379_RR8_LVR_GC_ISS-T_OLD_GI17	BALB/cAnNTac	Female	GC	GC	RRRM-1 (RR-8)	OSD-379	OSD-379	-2.3726	-0.4919	3.2835	5.2892	-1.1711	1.242	2.6595	1.3957	3.9621	-3.4752	-0.94	-3.8699	-3.2684	1.4173	0.9834	2.2737	-2.9755	-0.0615	-3.7064	0.2313	-1.042	-2.9196	-1.8859	0.7972	2.5791	3.1205	-6.4969	3.8733	-0.098	-2.2164	-1.1539	-1.9237	3.9763	-2.126	2.4882	3.1556	0.6288	-2.0401	1.5694	-1.6783	2.7189	2.5921	1.576	0.4779	3.1375	-0.4056	-0.3984	-2.1205	0.1795	-3.9784	0.0765	3.6278	-1.5507	-2.539	2.8643	1.189	-2.2664	-1.2603	1.1467	-2.2074	-1.5738	1.2642	2.7627	-2.9894
OSD-379_RR8_LVR_GC_ISS-T_OLD_GI18	BALB/cAnNTac	Female	GC	GC	RRRM-1 (RR-8)	OSD-379	OSD-379	-3.5339	-1.109	3.1568	2.624	-0.8091	0.7155	3.3136	0.1486	4.6346	-0.5071	-4.0114	-1.1886	-4.5071	1.6606	0.588	2.5895	-2.0075	2.0901	-6.1441	-1.337	0.2283	-4.1903	0.2168	0.7176	1.1472	1.6133	-5.596	2.7898	-1.8567	-2.345	-0.4586	-0.5277	6.2894	-4.3407	3.1724	2.8941	2.8089	-4.075	1.5291	-1.7058	1.6399	5.1875	0.6781	-0.0907	4.0726	4.1131	-1.5904	-0.3229	-0.4485	-2.5848	0.8302	1.5785	-0.6061	-3.5982	5.1198	0.3412	-3.713	0.0427	0.5353	-1.3449	-1.4893	-0.389	1.5857	-2.6167
OSD-379_RR8_LVR_GC_ISS-T_OLD_GI19	BALB/cAnNTac	Female	GC	GC	RRRM-1 (RR-8)	OSD-379	OSD-379	-4.3439	-0.5925	3.6626	0.0727	-2.5598	0.2691	1.2825	0.7935	4.1795	0.3545	-1.7232	-2.808	-3.7631	3.0543	-0.7343	1.1194	-2.6266	3.1422	-5.5267	-0.8881	0.8922	-1.6019	-1.8466	5.0111	2.1048	2.6769	-1.15	4.5438	-2.2191	-2.402	-0.4097	-0.6704	5.4828	-1.1357	4.3461	3.479	3.2278	-4.9524	1.4607	-1.7406	-0.406	3.341	-0.6141	-0.7295	3.8651	1.5743	-1.8361	1.0624	0.7237	-2.178	-1.5583	3.1931	-1.2141	-2.8789	1.5077	2.0056	-4.8738	-2.2636	0.5952	-2.7376	-2.4626	1.4314	3.1293	-5.1473
OSD-379_RR8_LVR_GC_ISS-T_OLD_GI20	BALB/cAnNTac	Female	GC	GC	RRRM-1 (RR-8)	OSD-379	OSD-379	-3.2595	-1.5832	3.9653	0.1338	-0.8337	0.7273	-1.2225	0.0439	2.9686	-0.3352	-3.5121	-4.0675	-3.0275	2.4863	-1.4245	2.4647	-2.7851	0.4803	-1.5621	-0.3936	1.8612	-2.3027	0.6334	1.572	2.1613	2.6665	-2.134	2.3192	-0.6863	-0.524	-1.7839	-1.5596	3.217	-2.3959	3.0267	2.417	1.1228	-2.4034	3.4557	-1.4139	0.39	4.0156	-1.4605	1.3721	1.1867	-1.5214	-1.0597	-0.4283	0.3754	-5.0805	-1.4559	2.7395	-1.3586	-1.2357	2.3996	1.616	-2.1323	0.1	0.8972	-0.3024	-1.5048	0.2897	2.5762	-3.5714
OSD-379_RR8_LVR_GC_ISS-T_YNG_GI1	BALB/cAnNTac	Female	GC	GC	RRRM-1 (RR-8)	OSD-379	OSD-379	-5.3089	-4.557	5.4106	4.0451	-3.025	1.5086	3.3771	0.4397	4.0859	1.0466	-4.979	-0.9704	-14.3538	3.435	-3.713	5.6307	-1.6177	1.9923	-6.1614	1.1804	-0.8205	-2.6105	-1.7524	1.8108	2.0265	0.4551	-7.1429	6.3949	-3.6447	-1.1892	-3.816	0.3474	6.124	-2.2976	4.6221	4.8635	3.1799	-5.575	6.4908	-3.6934	0.6779	5.0572	0.4003	1.2668	7.2729	1.219	-0.5719	-2.8328	0.1879	-4.0063	-1.105	4.7411	-4.0037	-4.0605	3.6245	0.376	-3.4161	-0.1775	-0.2462	-3.5987	-3.6461	2.1152	2.631	-9.1981
OSD-379_RR8_LVR_GC_ISS-T_YNG_GI10	BALB/cAnNTac	Female	GC	GC	RRRM-1 (RR-8)	OSD-379	OSD-379	-4.0268	-2.3095	2.3934	2.6181	-1.3767	1.2924	2.2229	0.9331	2.3197	0.92	-3.1061	-2.2084	-3.1139	3.5823	-3.0993	4.4456	-0.86	0.4165	-3.2384	0.5466	0.0492	-2.2097	-2.4276	3.3378	0.7231	3.0793	-3.9822	3.841	-2.7738	-2.0257	-2.0416	0.0461	4.4597	-2.6997	3.1635	3.4833	1.8143	-3.0128	3.8855	-2.8606	2.7	4.0402	-0.7936	0.2857	1.5709	1.6774	-1.8211	0.1531	-1.6924	-1.3154	-0.5848	3.7114	-1.6607	-2.0428	3.8015	2.2601	-4.4479	-1.525	-0.1736	-0.8439	-0.5313	2.0402	2.8111	-2.7809
OSD-379_RR8_LVR_GC_ISS-T_YNG_GI2	BALB/cAnNTac	Female	GC	GC	RRRM-1 (RR-8)	OSD-379	OSD-379	-4.6031	-4.3055	5.1199	7.045	-2.506	1.2085	3.6499	0.9638	8.6868	0.6001	-4.6442	-0.1541	-6.1912	3.869	-3.0366	3.885	-1.619	4.0655	-6.0265	0.0702	0.0843	-3.3826	-0.9279	3.2979	1.2583	4.0198	-5.9572	7.4136	-3.8837	-1.3937	-3.0039	-0.8856	3.9948	-3.3354	4.3916	4.3884	2.5265	-4.2835	6.4688	-4.2514	0.4002	4.936	-1.1769	0.1501	3.9742	3.6524	-0.7981	-0.6588	-2.4891	-4.2542	-0.8488	5.2814	-4.4389	-4.7582	2.246	1.7468	-4.7378	-1.4285	0.6635	-2.4598	-4.5487	0.0547	4.4855	-9.2216
OSD-379_RR8_LVR_GC_ISS-T_YNG_GI3	BALB/cAnNTac	Female	GC	GC	RRRM-1 (RR-8)	OSD-379	OSD-379	-4.3073	-2.1047	4.6464	2.8904	-1.173	-1.1492	2.2842	1.3029	1.3118	1.2236	-4.6189	-1.6401	-5.0466	3.9142	-1.5703	5.1356	-1.6835	4.8838	-6.076	-1.2614	-1.6608	-5.645	-2.8237	3.5144	1.6682	0.5952	-3.5803	6.4028	-2.0322	0.4146	-1.9811	-0.2124	5.9453	-2.6391	3.2667	5.06	2.8648	-4.1408	3.4692	-2.5753	-0.1907	4.5467	0.4765	0.2593	3.3155	5.713	0.9106	-1.3469	-0.9718	-3.4514	-1.9148	4.0979	-3.0223	-5.0343	-0.3112	0.7462	-4.6563	0.1613	0.0222	-1.5474	-3.2541	-0.473	1.0469	-6.1331
OSD-379_RR8_LVR_GC_ISS-T_YNG_GI4	BALB/cAnNTac	Female	GC	GC	RRRM-1 (RR-8)	OSD-379	OSD-379	-5.3462	-3.1264	3.466	3.9175	-1.5824	1.7123	4.683	-0.1119	5.726	1.0659	-4.0126	-0.8851	-8.1027	3.5334	-0.6572	3.3359	0.2926	3.1337	-5.7713	-1.0066	-0.6105	-2.8651	-1.412	3.6216	1.0346	1.3085	-8.0779	5.5359	-3.1377	-2.209	-2.8825	0.1142	3.5683	-5.2545	4.2453	6.7345	0.9352	-5.3561	2.6653	-3.4849	0.3648	3.1621	0.416	2.133	5.5183	1.9989	-1.0351	-1.0866	0.0475	-3.158	-3.0814	3.7955	-2.2671	-3.1837	5.7226	-0.3361	-4.7555	0.4341	0.0853	-2.3921	-1.8467	0.5413	2.0088	-4.4996
OSD-379_RR8_LVR_GC_ISS-T_YNG_GI5	BALB/cAnNTac	Female	GC	GC	RRRM-1 (RR-8)	OSD-379	OSD-379	-5.0196	-2.5817	4.106	4.2436	-1.3259	0.5695	2.7845	-1.4389	3.624	-0.108	-2.7443	-0.6676	-5.866	2.6667	-1.4888	3.214	-1.1749	3.3754	-5.749	-0.1618	-0.4773	-4.2037	-3.0616	5.353	1.3949	1.8858	-7.5411	3.9003	-3.6662	-0.7406	-2.2457	-0.1579	4.6791	-3.5215	3.3994	4.3847	1.9509	-2.8083	5.8112	-3.5804	0.8088	3.2318	2.3209	0.9504	3.2499	5.2693	0.1844	-2.1495	-2.6213	-4.0171	-5.0734	3.3596	-4.3589	-2.7894	2.7225	-0.4916	-4.6617	-0.4095	0.5636	-3.0975	-1.7789	-0.3762	2.2469	-6.1757
OSD-379_RR8_LVR_GC_ISS-T_YNG_GI6	BALB/cAnNTac	Female	GC	GC	RRRM-1 (RR-8)	OSD-379	OSD-379	-3.252	-1.4981	4.4449	3.0497	-2.5461	0.8447	1.6926	0.648	4.4713	-0.7762	-0.9119	-1.3839	-3.2067	3.3453	-1.798	5.5219	-3.154	2.6951	-4.9825	-0.0451	-0.6166	-2.18	-2.1482	3.7777	1.9887	1.2276	-7.4716	4.101	-2.4138	-2.1428	-1.2462	0.3233	4.8106	-3.5099	3.5736	3.7296	3.6245	-4.0235	6.4061	-3.3202	2.4067	2.997	-0.7666	1.3444	2.3333	1.754	-0.0987	-2.4704	-0.9074	-4.2453	-3.3985	3.7484	-1.9078	-3.555	4.2587	0.4578	-3.8893	-0.4317	-0.5537	-1.9025	-1.3502	-0.0802	1.9733	-6.6493
OSD-379_RR8_LVR_GC_ISS-T_YNG_GI7	BALB/cAnNTac	Female	GC	GC	RRRM-1 (RR-8)	OSD-379	OSD-379	-2.5742	-1.5172	3.4146	3.8785	-0.6781	0.955	2.387	1.4078	5.5596	1.8549	-0.9669	-2.2119	-6.7487	2.7292	2.3165	3.0452	-2.3823	3.4304	-4.7768	-2.8773	-0.0131	-3.1078	-1.2691	4.1251	2.1422	4.1725	-4.099	3.7562	-3.834	-1.6497	-3.0499	-0.1839	5.0934	-3.385	4.3181	5.1313	2.9548	-3.8835	5.2301	-3.1457	1.3686	5.5039	-0.7	0.0349	3.6392	3.1443	0.4188	-0.752	0.2505	-3.6836	-1.0629	3.0022	-2.7956	-3.8965	4.8937	1.8155	-3.7392	-2.3501	1.6547	-3.1134	-2.4013	-0.0701	2.3728	-4.9262
OSD-379_RR8_LVR_GC_ISS-T_YNG_GI8	BALB/cAnNTac	Female	GC	GC	RRRM-1 (RR-8)	OSD-379	OSD-379	-4.2398	-0.1651	3.388	1.6363	-2.2144	-0.6655	-0.1423	-1.5258	1.0119	-0.5153	-1.812	-3.8647	-3.3295	3.8946	-0.1617	1.9055	-1.9826	-0.5053	-4.6947	-1.2409	2.6539	-2.1903	-1.9264	4.3745	3.6526	1.5486	-3.744	3.0778	-0.4987	-2.174	-1.7887	-1.1312	4.5462	0.2658	3.2428	1.5939	3.0158	-2.8287	-0.9186	-2.6827	0.7226	3.1273	-0.7854	-0.8231	4.8069	2.4986	-1.8364	0.3517	-2.1674	-3.6546	-3.2095	2.2148	-1.6739	-1.9127	0.5447	2.7066	-6.0895	-1.9621	1.2137	-0.8923	-2.2663	1.3576	3.3233	-5.6586
OSD-379_RR8_LVR_GC_ISS-T_YNG_GI9	BALB/cAnNTac	Female	GC	GC	RRRM-1 (RR-8)	OSD-379	OSD-379	-2.8718	0.6005	2.6016	4.1521	-0.6425	1.1323	2.6326	2.3466	3.481	-1.8997	-2.4408	-2.6157	-4.6092	1.6327	-2.0937	-0.1591	-0.9427	2.1936	-2.2326	-1.0998	0.4679	-3.4707	0.4089	2.471	1.9475	2.4195	-4.5998	3.2327	-2.6798	-0.6746	0.4954	-1.2644	3.9012	-2.4881	2.5237	3.7955	2.2241	-2.9371	3.4136	-1.7447	1.0298	1.8403	-1.2357	0.3847	4.1133	3.2345	-0.2145	-1.5181	-0.218	-3.2444	-0.1121	2.2173	-2.6855	-1.7578	1.9477	-0.0208	-2.1872	-0.95	2.0946	-0.3835	-0.9906	0.4409	1.8766	-0.7891
OSD-379_RR8_LVR_GC_LAR_OLD_GL11	BALB/cAnNTac	Female	GC	GC	RRRM-1 (RR-8)	OSD-379	OSD-379	0.8032	2.1165	-0.1593	0.0689	-1.075	2.0644	-1.7839	-0.0651	-2.0182	-1.242	3.3659	-1.0277	1.7514	1.5166	0.4981	-1.3004	1.1572	-3.329	1.8475	2.2995	3.9568	1.2578	-0.0357	1.2772	4.7926	0.0821	3.4956	-2.204	0.0068	-0.7372	2.7557	-3.0726	1.2544	2.9059	0.4896	-1.6325	2.0389	1.3049	-0.9622	1.9578	-0.0493	-0.913	-0.9585	-0.3356	-2.0089	-2.9826	-1.7812	0.7896	1.5389	-0.7716	0.797	0.7713	3.3519	2.3695	-1.6961	2.2714	-1.5983	-2.3691	2.4278	1.4036	-0.8257	3.3635	2.7429	3.081
OSD-379_RR8_LVR_GC_LAR_OLD_GL12	BALB/cAnNTac	Female	GC	GC	RRRM-1 (RR-8)	OSD-379	OSD-379	0.4345	1.0367	1.5156	-2.1802	-1.5643	0.9361	-4.112	-0.4495	-2.1803	-3.0789	2.0197	-0.5203	1.9579	2.4548	-0.3602	-1.7285	0.2426	-4.5645	1.6471	2.4966	4.1257	1.1125	0.2808	-0.0353	3.453	1.7386	3.2021	-1.8533	1.6654	-1.6095	0.8835	-1.9786	-1.1211	4.4286	0.4087	-1.2744	1.3548	2.2719	-1.4924	2.4491	-0.8048	-1.1864	-0.1893	1.2887	-2.8478	-2.7448	-4.1138	0.5832	0.3704	-1.3336	-1.1942	-0.8508	2.3348	1.1763	-1.4001	1.6129	-1.7191	-4.4324	1.7918	1.2119	2.3953	3.0564	1.5938	2.3865
OSD-379_RR8_LVR_GC_LAR_OLD_GL15	BALB/cAnNTac	Female	GC	GC	RRRM-1 (RR-8)	OSD-379	OSD-379	0.3068	0.4188	2.5118	-1.1119	-3.1916	2.6275	-3.3623	-1.7108	-2.3328	-0.5152	4.7484	-1.3864	2.2177	3.9708	0.0021	-1.2093	0.3533	-4.0287	3.6873	1.5291	5.5663	1.6538	-1.7155	2.2985	6.3072	2.3442	2.0186	-1.239	1.3431	-3.6544	0.6014	0.3672	0.6268	4.8891	1.0643	0.6369	3.8111	1.6759	-0.0131	1.7532	1.1752	0.2154	-1.4517	-0.1137	-1.2306	-4.0083	-4.1443	-0.0096	0.8165	0.0267	-0.1515	1.1714	2.5705	1.2545	-1.0412	3.8863	-2.2413	-5.3781	4.1113	1.7451	-0.6552	4.5157	4.4353	0.866
OSD-379_RR8_LVR_GC_LAR_OLD_GL3	BALB/cAnNTac	Female	GC	GC	RRRM-1 (RR-8)	OSD-379	OSD-379	2.3635	3.6101	0.3098	-3.1577	-2.4394	3.1412	-4.7864	-1.2305	-4.8199	0.0287	7.2222	-0.4117	5.6743	3.4134	-0.546	-3.8712	1.0208	-6.0394	5.8251	0.039	7.3219	4.1263	-2.6277	-1.3645	7.0774	2.3003	6.8784	-5.1812	2.1206	-3.708	4.173	-0.6885	-0.7829	7.6932	0.6736	-3.0897	3.1741	4.8795	-3.3441	6.4795	1.3948	-4.5102	-2.2632	-1.0767	-4.1419	-4.8004	-5.8727	0.5962	0.4058	1.3069	2.915	-0.0744	4.6564	3.3855	-4.0572	5.2241	-0.0747	-7.1872	4.393	4.9778	-0.0724	5.9159	3.173	6.1714
OSD-379_RR8_LVR_GC_LAR_OLD_GL4	BALB/cAnNTac	Female	GC	GC	RRRM-1 (RR-8)	OSD-379	OSD-379	0.8013	2.6891	0.5183	-2.4575	-2.0303	0.1505	-3.0782	-1.1249	-1.9834	-1.4614	3.0757	-0.227	2.2036	1.7476	-0.1852	-4.0758	-0.2705	-4.2883	2.8436	1.1328	3.8344	1.4116	-0.0909	-1.6194	3.7207	0.4979	2.392	-2.0988	1.441	-2.0549	2.2836	-1.243	-0.5532	4.1763	2.2309	-1.3168	1.7291	1.5017	-1.6657	1.4477	0.511	-0.9119	-0.8894	-0.144	-3.0837	-3.5516	-3.0825	1.2697	0.6657	-0.3958	2.1829	-0.6429	2.3812	2.0935	-1.3612	2.4177	-1.5016	-3.349	1.8664	0.7424	0.9834	2.7359	0.4102	4.2121
OSD-379_RR8_LVR_GC_LAR_OLD_GL7	BALB/cAnNTac	Female	GC	GC	RRRM-1 (RR-8)	OSD-379	OSD-379	0.0257	2.2221	0.5515	-2.5919	-2.3362	3.2406	-3.0872	0.1738	-1.6584	-1.875	3.3381	-0.5639	2.7776	1.6098	0.1696	-1.3256	-0.3576	-4.7674	1.5749	1.7089	4.5207	1.0819	-1.3764	1.0374	4.5988	1.7103	2.9903	-2.1486	1.7423	-2.4466	1.2204	-2.2579	0.9822	4.0986	1.4528	-2.4876	1.7	1.5923	-0.9656	2.5863	1.4492	-1.2363	0.5141	-2.0568	-0.9166	-2.7294	-4.0963	0.588	-0.6625	-1.1275	0.6553	-0.3816	3.2975	1.4403	-1.5387	2.7375	0.9521	-2.7735	3.2527	1.622	1.6331	2.754	3.014	0.9258
OSD-379_RR8_LVR_GC_LAR_OLD_GL8	BALB/cAnNTac	Female	GC	GC	RRRM-1 (RR-8)	OSD-379	OSD-379	0.4377	2.8895	0.2918	-1.5186	-1.9379	2.6798	-5.1228	-0.4798	-0.6859	0.1379	3.2098	-0.328	2.9854	1.1679	-0.5706	-0.4485	0.2785	-2.6764	1.8854	1.3375	3.952	1.4947	-2.3327	0.304	5.6246	2.0079	4.1508	-1.8133	1.4106	-3.2154	1.6358	-2.0442	0.7135	4.5737	1.7563	-2.848	2.7864	2.4669	-1.4076	2.3873	1.254	0.3296	-1.4052	-1.4528	-2.2026	-2.8332	-4.5169	0.6324	1.0899	-0.4404	1.2158	0.6476	4.044	2.3571	-2.1324	4.4124	-1.3854	-5.1784	3.3056	1.9433	-0.5948	2.9609	2.2672	3.1983
OSD-379_RR8_LVR_GC_LAR_YNG_GL1	BALB/cAnNTac	Female	GC	GC	RRRM-1 (RR-8)	OSD-379	OSD-379	2.7191	2.6442	-0.208	-5.5454	0.0573	1.0599	-5.1245	-0.6876	-3.2339	-1.9319	4.5447	0.1677	4.2847	2.211	0.6753	-4.8549	1.4829	-4.9156	4.2917	0.4912	3.8136	2.5563	-0.5853	-0.9261	3.5687	0.9709	6.1827	-3.1543	2.958	-1.4157	0.8379	-1.1808	-0.461	4.3184	0.0133	-2.9232	2.1926	4.0937	-2.358	3.1567	1.9245	-1.9136	-1.3831	-0.1206	-3.5988	-4.2045	-3.4964	1.2678	0.1375	0.9291	0.4798	-0.1448	4.4251	2.4396	-3.2955	2.9395	-0.9314	-4.8476	3.7366	3.571	1.6725	3.2848	2.3505	5.2501
OSD-379_RR8_LVR_GC_LAR_YNG_GL13	BALB/cAnNTac	Female	GC	GC	RRRM-1 (RR-8)	OSD-379	OSD-379	-0.4915	1.6159	0.2244	-2.8329	-1.085	2.1757	-3.5269	0.7982	-0.5598	-2.0037	0.6634	0.44	0.4754	2.3304	0.0301	-1.914	-0.3504	-3.281	0.7148	1.4853	1.7432	-0.0194	-1.4619	0.0994	3.7523	0.7838	2.2148	-0.9421	2.5888	-2.073	0.7083	-1.0991	2.3168	1.8033	1.7171	0.9904	3.0365	0.9968	-0.867	0.3057	0.9479	0.4487	0.8217	-0.1811	-1.7706	-2.2267	-2.4827	1.1058	0.279	0.2293	-1.4475	-0.046	2.6118	0.1475	-1.3384	2.8941	-0.2221	-3.04	1.8948	2.9493	0.1634	2.7578	1.4556	3.446
OSD-379_RR8_LVR_GC_LAR_YNG_GL14	BALB/cAnNTac	Female	GC	GC	RRRM-1 (RR-8)	OSD-379	OSD-379	1.5592	2.6159	0.6494	-2.4678	-0.7636	1.7117	-3.485	-0.3061	-2.3732	-2.5246	2.2092	0.3322	2.5031	3.0462	1.999	-0.6818	-0.1727	-1.7753	1.8916	1.6181	3.8979	0.6202	0.4307	0.3726	3.907	1.2741	3.4746	-1.7649	0.997	-1.2398	2.3208	-1.4215	1.2752	2.8273	1.1395	-0.5429	3.6906	0.6701	-0.9672	0.1554	1.0369	0.4675	-0.0792	0.117	-2.0464	-3.8198	-2.995	1.7574	2.0226	0.1435	-0.8436	0.347	2.1006	1.7605	-1.7767	1.6461	0.4507	-2.0146	2.7007	1.2018	2.8529	3.7581	1.6528	3.981
OSD-379_RR8_LVR_GC_LAR_YNG_GL17	BALB/cAnNTac	Female	GC	GC	RRRM-1 (RR-8)	OSD-379	OSD-379	-0.1079	1.5881	0.5605	-1.6933	-2.1867	2.5849	-3.1103	-1.3229	-0.0106	-1.597	4.0434	-1.6794	1.3839	2.7101	-0.1898	-1.1263	-0.3872	-1.8529	1.0075	1.6456	5.0255	1.5157	-2.2586	1.0948	6.7957	1.6894	2.5971	-1.0522	2.4482	-1.9858	1.0918	-0.7553	0.7467	3.6295	0.4984	1.1821	1.5566	-0.1427	-0.0105	1.6479	0.5112	0.492	-0.4046	-2.1722	-1.8939	-1.996	-4.9176	-0.0271	-0.7662	-1.1988	0.7022	1.0106	2.1655	0.6303	-0.0603	2.9385	-4.7737	-4.7681	3.813	1.5752	0.2799	2.6685	3.2062	2.5552
OSD-379_RR8_LVR_GC_LAR_YNG_GL18	BALB/cAnNTac	Female	GC	GC	RRRM-1 (RR-8)	OSD-379	OSD-379	1.853	1.8187	0.0401	-2.6697	-1.7766	1.8826	-3.1899	-1.2345	-2.4953	-0.4638	2.8548	-0.7062	2.2145	0.9618	0.9163	-3.102	0.6375	-3.1025	2.9369	0.8562	5.2044	1.8957	-1.9387	0.3468	5.6544	0.9406	4.3293	-1.8858	1.2307	-3.9454	-0.0642	-1.1379	0.8425	4.9365	-0.86	-0.8113	3.4387	2.1896	-1.9148	3.3014	0.3326	-0.361	-1.1617	-1.7799	-1.5205	-2.9969	-5.2847	0.7326	-0.2379	0.4314	1.2081	0.4635	3.6813	1.3592	-1.1362	3.0916	-1.0784	-6.2023	4.0128	3.0835	0.633	4.615	3.0617	2.071
OSD-379_RR8_LVR_GC_LAR_YNG_GL2	BALB/cAnNTac	Female	GC	GC	RRRM-1 (RR-8)	OSD-379	OSD-379	0.397	1.8383	0.4902	-0.5619	-2.0208	2.5982	-2.0759	-1.1122	-0.4092	-1.5339	1.8844	-1.5446	1.1977	1.2871	-1.0611	-2.0803	-1.0776	-0.9936	1.6756	-2.0285	3.6928	0.317	-2.006	2.3672	5.1623	1.4396	1.56	0.1672	1.1203	-1.5935	1.47	-1.5944	2.999	3.854	1.2407	0.8184	2.1971	1.195	-0.4561	0.6009	0.528	0.3488	-0.95	-1.2339	-1.8273	-2.7538	-4.3486	0.5666	0.4559	0.3276	-0.2368	0.8234	1.7955	0.2335	-1.585	1.9837	-0.0315	-3.6792	2.377	0.6387	0.2837	2.5217	3.1013	1.5127
OSD-379_RR8_LVR_GC_LAR_YNG_GL5	BALB/cAnNTac	Female	GC	GC	RRRM-1 (RR-8)	OSD-379	OSD-379	3.9091	4.6472	-2.0169	-3.7467	-1.8024	1.8143	-6.8796	-0.8363	-5.1931	-2.9893	7.3787	0.9685	6.0023	1.0441	1.2289	-5.5296	1.6509	-8.7567	6.5427	1.7396	8.2962	3.4346	-0.8695	-1.6331	7.1743	0.5865	8.4169	-5.3429	2.2735	-2.1607	4.0784	-1.3776	-3.5718	6.5017	-0.7395	-5.8179	2.7623	5.5856	-4.2543	4.6214	0.6853	-3.3366	-0.1467	-0.4677	-3.7678	-6.1581	-5.2353	3.2423	0.2985	1.4525	1.7558	-0.9617	5.7396	4.415	-5.0258	2.9378	0.0637	-6.2729	4.2463	5.1901	2.1163	4.1967	2.8576	6.1739
OSD-379_RR8_LVR_GC_LAR_YNG_GL6	BALB/cAnNTac	Female	GC	GC	RRRM-1 (RR-8)	OSD-379	OSD-379	0.6309	2.0508	-0.3264	-2.1829	-1.6039	2.0281	-3.2119	-1.2485	-2.022	-1.877	2.6234	-0.0079	1.9663	2.0201	-1.6912	-2.5078	0.4652	-4.336	2.7718	0.2884	4.1282	2.1378	0.5174	2.1818	3.3342	0.3667	3.1751	-2.3717	1.5305	-0.2823	1.5666	-0.277	0.257	4.2669	0.8163	-1.8792	0.2115	1.2512	-0.5223	0.3613	0.981	-0.7623	-1.0625	-1.3028	-3.3774	-2.9406	-4.0635	0.2742	-0.1565	-0.7227	0.9144	-1.2276	2.2238	2.2507	-1.7913	1.3444	0.3815	-2.4051	4.5527	2.5605	0.7303	2.5627	0.9108	4.7494
OSD-245_Mmus_C57-6T_LVR_GC_ISS-T_Rep10_G6	C57BL/6NTac	Female	GC	GC	RR-6	OSD-245	OSD-245	2.1737	1.5775	-1.8386	-2.1086	-1.3501	1.9495	-2.562	-1.4272	-3.245	0.09	3.7999	0.7541	4.5656	0.4358	0.4971	-3.6302	2.1776	-4.0206	6.0622	0.4813	3.132	1.5408	-0.7937	0.1692	3.8372	0.3067	5.326	-3.658	2.6136	-1.0821	2.328	-0.169	-2.1522	4.6615	-3.3618	-2.9387	0.7065	2.2921	-2.2444	3.2112	-1.8263	-1.0924	-1.9699	-3.212	-2.7363	-2.142	-3.9325	1.6259	-1.0284	1.6008	2.3985	-0.3506	4.2916	2.6792	-3.7339	2.4113	1.7136	-5.2306	2.3521	1.6832	0.9225	3.7373	3.2513	5.6986
OSD-245_Mmus_C57-6T_LVR_GC_ISS-T_Rep1_G4	C57BL/6NTac	Female	GC	GC	RR-6	OSD-245	OSD-245	2.6637	3.9086	0.9142	-1.394	-0.373	0.557	-4.4116	1.0973	-3.1541	-2.3558	3.7711	0.4173	3.0126	-0.3261	0.5868	-4.0092	1.17	-4.766	2.6356	0.8403	3.9981	2.577	-0.7286	0.4837	4.2415	0.672	5.3974	-3.202	1.9744	-0.6151	1.1919	-0.5592	0.4303	3.0375	-1.4245	-2.3517	0.9585	3.0588	-2.7948	4.3146	0.4653	-1.9062	-1.6184	-1.019	-2.3107	-4.0793	-4.2443	0.7404	0.657	3.5375	-0.0367	-0.8125	3.3486	2.3502	-2.4121	1.4541	1.9243	-4.3134	3.4918	3.8896	0.2934	1.0195	2.4866	4.1111
OSD-245_Mmus_C57-6T_LVR_GC_ISS-T_Rep2_G9	C57BL/6NTac	Female	GC	GC	RR-6	OSD-245	OSD-245	0.1583	1.1288	-0.0894	-2.0631	-0.9926	2.1946	-3.4933	0.88	-1.4089	-1.1599	2.141	-1.0405	2.1561	1.254	-0.4597	-1.4873	-0.3324	-3.5601	1.846	-0.4301	2.3818	1.2461	0.1369	0.6128	4.4435	1.0228	4.8777	-1.5497	0.5092	-0.3642	0.7837	-1.4758	-0.3824	3.2531	0.2735	-0.7701	1.1752	2.4169	-2.404	2.3737	0.7338	0.0658	-0.2672	-1.5286	-1.5435	-2.6028	-2.2502	0.8713	1.2349	-0.6073	0.7211	-0.2322	2.9154	1.3211	-2.4231	1.5246	0.6365	-2.5271	2.2843	2.8718	1.0656	1.0684	1.2633	3.5871
OSD-245_Mmus_C57-6T_LVR_GC_ISS-T_Rep3_G10	C57BL/6NTac	Female	GC	GC	RR-6	OSD-245	OSD-245	0.4105	3.1177	-0.7291	-2.2003	-0.5401	-0.057	-3.0688	-0.1748	-2.5317	-1.1785	3.27	-0.528	2.642	-0.0126	1.5938	-3.0933	1.3334	-4.5516	2.2625	0.3886	1.1066	0.7483	0.404	-0.7204	2.8744	0.6987	3.2283	-2.0046	1.2875	-2.3044	0.8216	-1.5961	0.8554	1.7861	0.7401	-3.0463	0.4719	2.1676	-1.4407	2.6053	-0.8454	-0.0383	1.4122	-0.246	-2.5454	-3.253	-3.4193	0.8912	-0.3089	1.8458	-0.2744	0.052	2.7201	0.9237	-2.7196	1.7623	-2.1238	-1.2116	2.6524	3.6165	0.6959	1.7443	0.6388	3.4585
OSD-245_Mmus_C57-6T_LVR_GC_ISS-T_Rep4_G7	C57BL/6NTac	Female	GC	GC	RR-6	OSD-245	OSD-245	0.8435	1.6639	-1.0047	-1.2291	-2.0138	1.8099	-4.2834	-0.5856	-2.0235	0.27	2.0642	-1.8774	2.1069	0.7435	-0.6302	-1.8639	0.678	-5.2025	2.9211	1.4858	3.4868	1.8477	-0.2126	1.757	4.516	0.6864	3.1942	-1.4573	1.9638	-1.7235	0.9874	-1.3037	0.6098	2.7118	0.2002	-0.9955	0.8198	2.6677	-1.8166	2.3996	0.4045	-1.3664	-0.706	-1.7294	-1.6137	-3.4947	-4.4471	1.7201	0.8514	0.8653	1.2284	-0.5664	3.8925	0.0919	-1.7589	3.5125	-0.2006	-4.4141	4.1386	1.965	1.7051	2.2669	1.8042	0.5732
OSD-245_Mmus_C57-6T_LVR_GC_ISS-T_Rep5_G8	C57BL/6NTac	Female	GC	GC	RR-6	OSD-245	OSD-245	1.0672	2.5576	-0.6569	-2.0184	0.2929	2.1704	-3.5478	-0.6982	-1.8142	-0.1673	2.8702	-1.1444	2.3879	1.3353	2.0047	-1.9595	0.1556	-2.1171	1.3875	1.0772	3.6598	1.1669	0.2758	-0.7374	3.2411	1.3697	3.8216	-1.8116	0.2436	-1.1227	1.3056	-1.8071	0.1688	2.3008	0.3781	-0.1222	1.8098	1.7396	-1.9598	1.9765	-0.9783	-0.5844	-1.1847	-1.17	-1.9392	-2.5558	-3.2028	1.9603	-0.1949	0.4175	0.0399	-0.8879	2.9446	2.7857	-2.345	2.7659	-0.2468	-2.3033	2.3777	1.3088	2.4637	1.692	1.329	1.9871
OSD-245_Mmus_C57-6T_LVR_GC_ISS-T_Rep6_G1	C57BL/6NTac	Female	GC	GC	RR-6	OSD-245	OSD-245	3.8288	2.7358	-1.5508	-1.6984	-1.481	0.7724	-2.3723	-0.9891	-3.9797	-0.1024	5.0617	0.8629	5.4434	1.1586	-0.3383	-3.8608	0.4038	-4.4981	5.3141	0.9144	4.9467	3.7173	-0.5931	-0.6182	1.2922	0.0278	7.3157	-3.3611	2.1575	-1.6958	1.764	0.5173	-2.5943	5.5639	1.1772	-3.9132	2.0219	4.3865	-2.1944	2.8902	0.4146	-4.8086	-0.6696	-2.8413	-3.2889	-2.9463	-3.0395	0.5776	-1.2932	2.9663	2.8355	-0.6312	3.8622	5.1956	-2.4869	2.387	1.7448	-4.957	2.2082	0.4636	0.3099	3.724	0.932	5.2869
OSD-245_Mmus_C57-6T_LVR_GC_ISS-T_Rep7_G2	C57BL/6NTac	Female	GC	GC	RR-6	OSD-245	OSD-245	4.2543	2.7436	-1.0666	-1.7382	-0.0689	2.4691	-4.5078	-0.9053	-4.3246	0.0042	4.6035	1.1445	6.189	-0.3897	0.3851	-4.5538	1.509	-3.8509	6.3208	2.0821	3.1939	5.0744	-0.8913	-1.2956	2.5601	0.2757	6.2118	-4.2569	2.3887	-1.7398	3.1899	-0.0403	-2.7953	5.8772	-4.2568	-4.2111	0.6475	3.2424	-3.5001	3.9911	-1.0707	-2.2234	-2.2102	-2.5346	-2.9494	-4.409	-3.265	1.3732	1.4638	2.405	2.1812	-1.9523	4.7339	4.5164	-3.6821	2.9271	2.449	-1.6098	2.9356	3.2841	-0.0046	2.5632	0.1536	6.3949
OSD-245_Mmus_C57-6T_LVR_GC_ISS-T_Rep8_G3	C57BL/6NTac	Female	GC	GC	RR-6	OSD-245	OSD-245	4.6318	1.8109	-2.9977	-2.7659	-1.439	1.1804	-3.3668	-0.7158	-4.4745	-0.8969	4.0252	0.0187	5.7728	-0.0136	1.9708	-3.8214	1.5304	-4.7611	5.6305	-0.7246	5.2265	3.6095	-0.0451	-1.1438	3.2272	-0.4303	6.007	-4.1415	1.7677	-2.5851	3.1267	-1.0919	-1.5027	5.8627	1.9068	-2.9369	1.8156	4.4698	-3.3896	4.0921	0.9302	-2.9545	-0.6636	-3.6405	-3.2465	-3.9896	-3.4263	1.9403	-0.5488	2.4448	0.9461	-1.5185	3.903	4.7857	-2.6209	1.2723	2.8812	-5.6306	2.3664	2.8174	1.1236	3.3336	-0.3082	4.5146
OSD-245_Mmus_C57-6T_LVR_GC_ISS-T_Rep9_G5	C57BL/6NTac	Female	GC	GC	RR-6	OSD-245	OSD-245	2.3609	2.6149	-0.5959	-2.3347	-0.3473	1.7801	-3.3194	-1.6029	-2.7778	0.737	4.7691	-0.1869	4.3327	0.3239	-0.5183	-3.2685	1.0834	-3.5253	3.7329	-0.0405	4.7697	3.0983	0.4199	-0.3364	2.9513	3.7594	5.4027	-2.206	2.1464	-3.6273	2.3475	0.1763	-0.7933	4.0961	-0.157	-2.4315	1.828	2.9377	-1.3424	2.7726	-0.4245	-1.189	-1.8979	-2.1915	-2.8279	-3.4855	-3.094	0.2341	1.1645	2.0315	1.7323	-0.5914	4.3274	3.1892	-1.8202	3.3114	0.8633	-4.6292	1.9837	0.2548	0.3448	4.5419	1.2087	2.9326
OSD-245_Mmus_C57-6T_LVR_GC_LAR_Rep1_G6	C57BL/6NTac	Female	GC	GC	RR-6	OSD-245	OSD-245	1.6436	3.293	-0.2602	-2.3265	-0.9142	1.1522	-4.2156	-0.8799	-2.482	-0.0008	3.5886	-0.506	3.0466	0.4473	-0.6339	-3.7346	0.3568	-5.0633	4.1692	0.3908	3.5081	0.4149	-1.6941	-1.506	4.7673	1.0143	5.8043	-3.2029	1.0914	-0.5181	1.6853	-1.3237	-1.5325	4.088	0.5714	-1.9275	0.5179	4.5357	-2.691	2.8255	0.1924	-1.6187	-1.7312	-2.7804	-1.8528	-3.0073	-3.8109	1.5761	-0.3583	0.5811	-0.5336	1.7663	3.8649	3.1922	-2.8809	2.1291	0.3576	-2.6482	3.3827	3.2038	3.393	1.8718	-0.1921	4.0492
OSD-245_Mmus_C57-6T_LVR_GC_LAR_Rep2_G4	C57BL/6NTac	Female	GC	GC	RR-6	OSD-245	OSD-245	2.2096	3.466	-1.7602	-1.9395	0.2523	1.6977	-2.1917	-0.2296	-4.111	-2.2653	1.9013	-0.6348	3.2135	-0.0922	1.5066	-4.2325	1.146	-5.542	4.4501	1.4663	4.2081	1.4051	0.2606	0.3651	2.9543	0.1367	3.8083	-2.6648	2.7472	-1.9236	1.9452	-1.864	-0.857	3.9933	-1.4169	-2.3025	0.7472	4.0518	-2.9321	2.2778	0.2492	-1.8197	0.1464	-0.8105	-3.1547	-4.3838	-4.6298	1.0283	0.7015	2.1528	0.5508	-1.1118	3.8126	2.7117	-2.5624	3.2288	1.1233	-4.9478	1.3771	3.6117	-0.1861	1.8778	0.1899	4.1926
OSD-245_Mmus_C57-6T_LVR_GC_LAR_Rep3_G10	C57BL/6NTac	Female	GC	GC	RR-6	OSD-245	OSD-245	1.5172	3.5491	-1.4735	-0.4653	-0.7349	0.7833	-3.0842	1.1726	-0.4778	-1.3717	2.9316	-0.0329	2.0501	0.7194	0.3516	-4.2633	0.968	-4.2924	2.1778	1.2195	2.1336	1.4152	0.1112	0.6213	3.5719	0.7699	4.7407	-1.606	1.3928	-2.5748	1.1101	-2.5669	-0.866	3.0722	-1.395	-0.5634	0.3633	1.2765	-1.6829	1.5638	-0.5724	-1.7355	-1.796	0.5831	-1.5438	-2.9316	-3.8343	0.4666	-0.0166	2.2273	-0.3155	-0.4383	2.4729	1.7853	-1.4208	1.7408	-0.8467	-2.2421	1.2281	2.1194	3.6099	1.1428	2.8645	2.8438
OSD-245_Mmus_C57-6T_LVR_GC_LAR_Rep4_G5	C57BL/6NTac	Female	GC	GC	RR-6	OSD-245	OSD-245	1.4125	1.957	-0.9129	-1.7871	-1.997	0.4502	-1.733	-1.5042	-2.0308	-1.6247	2.8173	-1.3771	2.6948	1.0131	2.5995	-3.912	2.3415	-4.0908	2.3962	0.0211	3.0524	0.1534	-1.2181	0.2114	3.753	0.8412	2.0911	-1.8272	1.2664	-2.0997	1.7326	-2.3553	1.1662	4.0047	-0.4326	-0.2131	2.9199	2.0208	-1.6994	1.781	-0.0171	-0.2637	-1.1615	0.2004	-2.2218	-2.8736	-3.6109	0.5793	1.5062	0.6535	-0.3174	0.1262	2.6777	2.05	-0.8233	0.7396	-1.5971	-3.3129	1.7299	2.636	-0.2779	3.8617	4.3514	3.0192
OSD-245_Mmus_C57-6T_LVR_GC_LAR_Rep5_G7	C57BL/6NTac	Female	GC	GC	RR-6	OSD-245	OSD-245	1.9594	1.3006	0.1087	-1.8831	-1.5374	2.6631	-2.199	-1.8018	-1.1471	-0.5905	1.3308	-0.7995	0.959	3.1438	0.0574	-0.6476	-0.2894	-6.0724	2.1226	1.0906	3.3694	1.0108	-1.3799	1.4044	4.2473	0.7815	1.6719	-1.7826	1.1934	-1.123	1.0688	-1.6673	-1.1864	3.3435	1.137	-1.1589	1.8203	1.9365	-1.3996	2.2756	-0.0272	0.3979	-1.8448	-0.1908	-0.7165	-2.714	-3.2904	0.5564	0.9508	-1.1055	0.7825	0.3205	3.1334	2.0222	-1.3093	2.6916	-1.4392	-3.4554	2.9318	2.7187	0.5003	1.8592	2.719	2.9849
OSD-245_Mmus_C57-6T_LVR_GC_LAR_Rep6_G8	C57BL/6NTac	Female	GC	GC	RR-6	OSD-245	OSD-245	0.2873	2.8712	0.6566	-1.6782	-0.5675	2.1144	-3.7721	0.9752	-0.878	-1.0506	0.079	-0.6903	1.3294	2.3858	0.2012	-2.7765	0.971	-2.6382	1.6235	0.8754	1.2365	-0.2716	0.2553	-0.4069	3.1724	0.475	1.61	-1.2202	-0.0399	-1.1986	1.2048	-0.7336	-0.1693	1.4161	-0.3957	-0.1737	2.2772	1.3343	-1.5674	0.8649	-0.362	-0.7352	-0.2378	-0.2356	-0.6772	-1.1571	-2.7031	0.7122	1.4899	0.8359	0.6847	0.2418	2.1656	0.4955	-1.2928	0.9572	1.529	-3.4326	1.7597	0.8036	1.1952	0.8354	1.5632	2.8545
OSD-245_Mmus_C57-6T_LVR_GC_LAR_Rep7_G9	C57BL/6NTac	Female	GC	GC	RR-6	OSD-245	OSD-245	-0.5356	2.975	-0.4564	0.0677	0.378	0.2181	-4.0329	1.2295	-0.9989	-2.6323	2.9258	-0.5022	1.5335	1.5905	1.6294	-2.0777	0.9303	-2.5682	1.6586	0.3612	2.015	-0.1186	1.9229	-0.6338	2.3321	1.0624	3.279	-0.4971	1.2208	0.3886	-0.2154	-0.7219	1.5326	1.2299	-0.1152	-0.7168	0.554	0.9933	-0.2929	0.7892	-0.417	-2.0635	0.0312	2.0067	-1.1622	-3.09	-2.0171	0.5748	2.0201	1.8236	-2.3919	0.5393	2.5055	1.5231	0.0655	1.4663	0.8642	-1.3205	2.0465	1.4745	-0.8122	1.0531	0.2327	3.8754
OSD-245_Mmus_C57-6T_LVR_GC_LAR_Rep8_G2	C57BL/6NTac	Female	GC	GC	RR-6	OSD-245	OSD-245	4.4383	1.8288	-2.9123	-1.961	-1.1701	0.7326	-4.6786	-0.3189	-3.6692	-0.5026	4.5358	1.594	5.9132	0.935	1.075	-4.9566	1.6519	-5.4174	5.6715	1.0166	2.7761	4.1628	-0.3339	-1.23	1.7628	1.8077	6.1517	-4.6169	3.4798	-0.8314	3.497	0.5698	-4.135	5.6736	-2.5477	-3.5888	0.2155	4.2614	-3.1669	4.0388	-0.3904	-2.3926	-1.4838	-3.0497	-3.6984	-4.2595	-2.5908	1.3355	-0.691	3.3055	1.8916	-1.8706	3.8856	5.3005	-4.0882	2.2931	2.2462	-4.7871	1.9864	1.0886	0.9977	1.9201	0.9973	7.0824
OSD-245_Mmus_C57-6T_LVR_GC_LAR_Rep9_G3	C57BL/6NTac	Female	GC	GC	RR-6	OSD-245	OSD-245	2.3111	2.2199	-1.7696	-3.3161	-0.986	0.68	-2.7534	-1.1355	-3.6476	1.2021	4.9419	-0.004	4.2563	0.6383	0.1191	-3.043	0.3505	-3.5069	3.6767	0.2018	3.2925	3.2344	-0.5069	-1.969	4.0666	0.6747	5.2154	-3.065	2.792	-4.1846	2.0406	-1.4413	-1.7576	4.3743	-4.3424	-3.0506	-0.7458	4.2867	-2.3122	1.9553	0.4927	-3.2714	-0.6462	-3.0027	-2.4819	-1.9871	-1.4241	2.6217	1.8669	1.2145	1.7012	-0.796	3.1916	5.4494	-1.9858	3.0029	0.8233	-3.143	1.6818	3.4179	2.7257	4.3965	0.2064	4.8677
OSD-463_RR23_LVR_GC_G1_techrep1	C57BL/6J	Male	GC	GC	RR-23	OSD-463	OSD-463	2.3516	3.6073	-2.1437	-8.0496	9.6021	-5.6789	-2.0778	5.4978	-5.3735	-4.8626	-4.5409	5.6721	1.3681	-6.9037	3.6028	-4.3225	3.8554	-0.9749	4.5298	3.0912	-7.1444	0.492	7.0553	-5.6204	-7.7003	-6.5021	4.7988	-4.1128	-0.5536	5.0789	1.7378	-2.431	-6.7385	-2.6451	-7.2765	-6.1069	-8.7596	5.3106	-5.9453	2.5219	-2.5889	-8.9899	0.3961	4.8183	-3.8504	-3.7105	9.6724	-0.05	1.995	4.702	-3.5954	-7.9157	3.1564	2.7891	-3.3912	-7.1658	6.6551	5.3969	-4.7239	1.3973	5.3552	-4.9831	-8.8377	4.6991
OSD-463_RR23_LVR_GC_G1_techrep2	C57BL/6J	Male	GC	GC	RR-23	OSD-463	OSD-463	8.5298	2.7055	-10.6883	-1.3348	6.1888	-6.3486	-1.2284	6.6688	-6.1989	-6.2229	-5.2728	4.7301	2.4482	-6.7084	2.3362	-4.7345	3.1498	-2.1455	3.3839	2.7264	-4.8001	-0.1167	5.0464	-8.1557	-9.8218	-6.1417	5.3364	-6.6231	0.5092	5.6299	2.4892	-3.5777	-7.3343	-3.1984	-7.669	-4.5236	-9.7548	4.7991	-6.1385	2.2226	-2.5149	-8.1506	1.0416	8.1687	-4.6472	-1.4538	4.3109	1.478	0.3868	5.5095	-2.9832	-10.6412	-1.655	2.1044	-3.7658	-8.9079	6.4005	7.4296	-4.8711	1.4186	5.5741	-7.7605	-5.3216	5.4341
OSD-463_RR23_LVR_GC_G2	C57BL/6J	Male	GC	GC	RR-23	OSD-463	OSD-463	8.7388	3.9447	-5.0342	-4.1377	6.6341	-7.2014	0.7319	6.1637	-3.4349	-4.2066	-4.5287	5.1752	1.477	-7.5361	3.7598	-5.1301	4.3751	-0.435	4.2914	3.3	-7.2309	-0.1323	6.7925	-8.936	-7.5707	-6.6069	2.4058	-3.5262	-1.7252	8.6963	-0.5302	-2.4586	-7.2726	-1.5884	-9.1572	-5.8622	-13.6928	3.9575	-6.316	0.2819	-0.7283	-7.2556	0.8547	5.542	-4.3387	-2.9497	9.3889	1.3993	2.0959	5.3685	-3.5209	-8.7095	1.3406	0.4515	-2.9219	-9.4104	8.2256	9.6437	-4.5198	1.4432	4.015	-7.8369	-8.4628	4.681
OSD-463_RR23_LVR_GC_G3	C57BL/6J	Male	GC	GC	RR-23	OSD-463	OSD-463	4.8084	5.135	-7.6762	-2.9837	9.1613	-6.0782	-1.2586	7.3353	-5.7769	-6.5432	-5.028	7.9069	2.2542	-11.4292	3.0105	-5.1454	3.4997	-1.2886	3.2736	2.8825	-12.6553	1.7019	11.3232	-10.1517	-11.033	-6.5926	4.9194	-6.2535	-2.0539	12.2793	2.484	-3.5485	-8.831	-4.5315	-11.6421	-5.4373	-13.0668	6.1905	-7.122	1.2329	-4.5184	-4.4402	3.8782	6.1779	-4.617	-2.8823	5.5255	1.7539	0.9884	8.1339	-3.6978	-5.6481	5.3524	2.0602	-4.1516	-8.6363	9.264	14.2215	-2.7559	1.1135	5.2877	-10.2667	-11.6584	5.0463
OSD-463_RR23_LVR_GC_G4	C57BL/6J	Male	GC	GC	RR-23	OSD-463	OSD-463	7.7789	4.778	-11.5785	-3.8868	10.23	-9.2747	-1.6893	5.8926	-6.5762	-5.9263	-5.6416	6.1849	1.9584	-8.5952	3.9264	-4.8457	3.8387	-0.6071	3.3568	2.9808	-9.3154	0.108	7.5812	-7.3793	-9.2575	-8.4978	4.5031	-7.4115	-0.9163	13.0027	2.3	-4.2541	-8.1233	-3.3625	-8.9977	-6.3267	-8.8599	4.8343	-6.8898	0.0075	-5.8839	-4.8204	6.4917	5.7502	-4.4932	-2.252	9.6925	4.1715	2.4319	5.0516	-1.1215	-10.3518	6.0202	1.8923	-4.4416	-6.3372	8.3153	6.9775	-4.2427	2.272	4.8184	-9.7257	-8.0281	5.5116
OSD-463_RR23_LVR_GC_G5	C57BL/6J	Male	GC	GC	RR-23	OSD-463	OSD-463	6.2474	6.0613	-8.0341	-5.3972	9.9967	-3.7149	-2.981	4.9275	-5.4574	-4.5217	-3.4796	6.0016	3.5519	-3.3276	2.6116	-5.7574	4.0321	-1.8363	5.1916	2.4131	-9.5613	2.0672	6.5529	-5.4392	-6.1123	-6.0347	5.4554	-5.347	-0.0092	8.1991	4.8003	-0.9359	-6.7581	-0.738	-6.1892	-5.6549	-7.5797	4.2628	-6.7508	3.5832	-4.8363	-6.6596	0.5146	9.4277	-4.5372	-4.4104	1.3366	3.6702	-0.619	7.193	-3.336	-2.1419	5.6952	1.6783	-5.0646	-4.1326	6.6508	6.2996	-4.261	5.1245	3.6404	-6.7796	-10.7463	7.1063
OSD-463_RR23_LVR_GC_G6	C57BL/6J	Male	GC	GC	RR-23	OSD-463	OSD-463	14.474	4.9021	0.3523	-4.4199	8.4098	-8.2079	-0.3375	5.508	-5.1808	-6.6121	-4.7497	6.5277	1.8624	-6.6675	3.3872	-3.9114	5.0577	0.4444	1.3021	2.5639	-9.9489	-1.5204	4.989	-10.7487	-11.6703	-7.3749	3.2057	-4.2314	-1.7245	10.8217	-0.9294	-1.7499	-10.031	-4.1877	-5.7939	-6.0809	-9.2737	4.6915	-6.5212	2.6093	-2.1034	-3.9765	3.4701	8.065	-4.1601	-2.1916	12.846	3.221	1.8938	6.2031	-1.0128	-4.0283	2.761	2.8357	-3.8352	-9.1593	8.3222	11.682	-4.0685	1.7945	5.3762	-10.9541	-13.4957	6.144
OSD-463_RR23_LVR_GC_G7	C57BL/6J	Male	GC	GC	RR-23	OSD-463	OSD-463	3.0913	3.4253	-8.7369	-6.4321	11.8206	-8.5705	0.463	6.1355	-3.1643	-4.2839	-5.1656	6.1793	1.7859	-9.6185	3.1628	-5.1306	3.5368	0.2321	0.4635	1.6624	-11.2366	-0.6473	7.6568	-7.579	-13.2775	-10.697	3.3539	-5.1127	-1.888	9.4429	2.4589	-4.0535	-7.7229	-3.6175	-12.7504	-6.5371	-9.4451	4.0888	-6.7911	0.8569	-4.3461	-6.4459	7.1923	6.0661	-4.3962	-2.0844	7.8696	0.8044	0.318	7.1043	-3.3133	-5.7941	7.799	2.2088	-3.232	-11.4131	8.1905	10.0328	-5.0987	2.3526	7.1502	-9.2312	-7.4845	4.8795
OSD-463_RR23_LVR_GC_G8	C57BL/6J	Male	GC	GC	RR-23	OSD-463	OSD-463	2.0851	2.9269	-5.7427	-6.6008	3.958	-7.9092	-0.3831	7.0489	-4.7376	-5.7724	-6.4541	7.1108	1.6956	-7.6758	2.6064	-4.5163	4.5859	-0.4542	4.3288	4.2889	-12.664	-0.3173	7.2154	-9.0389	-8.226	-6.7763	1.6334	-2.4517	-1.0877	10.5329	2.8341	-4.0094	-5.3037	-3.6569	-8.2129	-6.5812	-8.2793	5.0737	-6.4347	1.7924	-5.2799	-3.2154	6.4002	7.3366	-3.7334	-1.4606	8.3242	1.6869	0.7504	7.3224	-3.1546	-9.3869	1.9312	1.5229	-4.5065	-7.5845	8.992	9.2042	-4.3287	2.5696	6.9913	-8.4948	-9.5295	5.4213
OSD-463_RR23_LVR_GC_G9	C57BL/6J	Male	GC	GC	RR-23	OSD-463	OSD-463	8.6418	4.9215	-11.7276	-4.302	4.9184	-4.7984	-0.0799	6.5664	-4.9508	-3.6585	-4.3399	5.9176	2.3346	-6.9642	2.7562	-5.2503	2.8262	-0.3246	4.5362	2.2009	-8.8657	1.7817	4.8883	-7.3967	-9.9897	-6.4821	4.0846	-4.3902	-1.6514	8.056	0.9611	-2.177	-6.7734	-3.2553	-6.9698	-5.9948	-5.6547	5.7435	-6.4161	3.6924	-5.613	-6.7117	3.9677	6.3716	-4.6456	-3.4143	6.0363	3.3714	0.5239	3.2136	-0.3915	-9.3594	6.2654	1.5855	-4.0514	-11.1692	8.443	11.1036	-6.4963	0.0776	3.7897	-6.5678	-11.0571	6.053
OSD-242_Mmus_C57-6J_LVR_GC_C2_Rep1_G1	C57BL/6J	Male	GC	GC	RR-9	OSD-242	OSD-242	6.781	2.6091	-14.5254	-2.8331	6.1686	-4.9868	-2.2475	8.3237	-3.8947	-6.6105	-5.1123	6.2143	3.3292	-4.5655	2.9955	-5.3621	4.0509	-1.302	1.5317	2.2905	-12.0998	0.9014	9.9335	-7.1663	-12.4208	-4.8054	2.5051	-5.7446	-0.198	8.9001	6.0551	-3.0727	-7.1047	-1.2231	-9.0351	-6.8228	-7.4939	4.9408	-7.1593	1.9499	-1.673	-5.8685	6.0289	6.6704	-4.6484	-3.2188	7.7503	4.5955	1.7907	6.0881	-4.9086	-8.8942	3.7718	1.9053	-3.7905	-9.1163	6.4945	7.3346	-4.7296	2.6105	2.6715	-8.2006	-10.2638	6.1533
OSD-242_Mmus_C57-6J_LVR_GC_C2_Rep2_G3	C57BL/6J	Male	GC	GC	RR-9	OSD-242	OSD-242	4.0873	7.26	-7.2329	-3.416	6.705	-6.5982	-1.3207	6.7871	-4.3439	-5.0382	-3.2002	5.6273	2.2907	-6.9688	2.4346	-5.198	3.7336	-1.0408	3.39	2.8999	-4.1988	0.3193	7.245	-8.0109	-4.0041	-7.4453	4.6344	-5.2186	0.2075	7.5474	3.6956	-2.2241	-7.4964	-1.5451	-6.6031	-6.6364	-7.9331	5.8242	-6.0451	2.174	-5.2412	-5.633	2.1372	3.9419	-4.5589	-4.0688	3.645	0.9438	0.7743	2.96	-3.7125	-10.3024	6.3066	1.3711	-4.4492	-5.6056	6.6875	5.2006	-3.3667	2.427	5.7037	-7.1443	-7.7819	5.6766
OSD-242_Mmus_C57-6J_LVR_GC_C2_Rep3_G4	C57BL/6J	Male	GC	GC	RR-9	OSD-242	OSD-242	6.8948	2.9403	-9.4084	-2.9243	10.3801	-5.5882	-2.2863	7.1077	-4.9036	-6.387	-3.7186	3.8162	2.5143	-5.2844	3.0843	-3.4811	3.6317	-0.8056	1.7312	4.7166	-7.2142	0.883	6.5108	-7.0591	-8.8906	-4.9004	3.3601	-3.2462	-0.8035	7.891	0.2729	-3.1647	-9.1434	-0.7173	-6.6778	-5.8887	-11.6198	4.479	-6.164	1.3253	-1.9925	-5.0326	2.2906	4.2462	-4.1809	-2.8454	4.9785	2.0827	1.1031	5.0621	-2.2822	-3.2539	3.9654	1.2198	-3.4445	-10.4333	7.5493	9.945	-5.2045	2.5348	4.66	-7.9417	-9.6171	4.4807
OSD-242_Mmus_C57-6J_LVR_GC_C2_Rep4_G5	C57BL/6J	Male	GC	GC	RR-9	OSD-242	OSD-242	6.3491	3.0296	-4.7172	-3.1472	7.0588	-5.7531	-0.2567	6.8098	-4.1545	-6.3374	-5.8011	7.3342	1.8539	-3.6325	3.5681	-3.9038	2.6434	0.3099	0.1281	1.8762	-12.738	-1.6723	6.7646	-8.0622	-9.2492	-2.656	3.1401	-4.4402	-2.0474	7.1671	2.1665	-3.4008	-6.9447	-6.1918	-6.855	-5.4075	-7.1328	3.2566	-5.2689	0.8765	-4.0535	-4.6212	0.6954	6.2997	-3.0572	-2.9675	11.0802	2.0501	1.6337	-0.2176	-5.5658	-8.9717	1.6261	0.229	-2.9533	-7.623	7.4227	8.0827	-5.2181	3.5652	5.167	-9.6077	-10.2653	5.3604
OSD-137_Mmus_BAL-TAL_LVR_GC_Rep1_G1	BALB/c	Female	GC	GC	RR-3	OSD-137	OSD-137	-5.835	0.6427	5.4077	3.3919	-2.3633	0.8286	2.3809	-0.1421	6.8339	2.721	-5.2119	-2.8014	-5.4235	3.5934	0.4953	6.4299	-4.6836	3.8053	-6.5424	-1.8485	-0.1806	-5.0686	-1.6669	5.3211	1.3239	1.4271	-8.0742	5.647	-4.5836	-2.4204	-1.7406	0.433	6.6588	-4.9937	4.3526	5.5583	2.0971	-4.6135	1.7704	-4.4145	0.1289	5.4324	-1.4558	-0.6775	5.0069	3.2187	-1.9009	-1.0406	-1.1017	-4.3558	-1.0921	4.4162	-4.6417	-4.4364	6.1557	3.0165	-1.922	-0.9009	0.4571	-2.2504	-1.9778	-1.3671	1.229	-7.0967
OSD-137_Mmus_BAL-TAL_LVR_GC_Rep2_G2	BALB/c	Female	GC	GC	RR-3	OSD-137	OSD-137	-4.9566	-3.7666	4.481	3.6717	-2.4456	0.8565	2.7618	-1.6841	2.9306	1.8771	-1.4528	-2.8855	-5.9682	3.1699	-3.9401	1.6839	-3.092	2.2461	-4.3674	-1.7311	1.5175	-2.5422	-2.014	4.7232	2.6203	4.112	-7.7155	5.3295	-0.3504	-4.1718	-1.8452	-0.1412	5.0487	-2.8506	4.9095	4.3498	3.3624	-6.4431	5.947	-2.2674	0.8556	3.5413	-0.1801	-0.2848	4.1363	5.0259	-1.7975	-3.0456	-1.5055	-3.7136	0.4335	3.8296	-3.699	-3.768	5.1408	2.2553	-2.5452	-1.6118	1.4921	-2.3027	-1.8782	3.0735	3.5249	-4.3002
OSD-137_Mmus_BAL-TAL_LVR_GC_Rep3_G3	BALB/c	Female	GC	GC	RR-3	OSD-137	OSD-137	-6.1543	-5.8844	5.8346	4.6347	-2.0122	1.3827	6.2374	-1.0929	7.5559	1.7023	-5.7595	-4.7032	-7.5021	4.1002	-0.3855	9.022	-3.6558	6.5922	-6.6609	-5.4408	-0.2968	-5.7728	-1.2439	4.8687	0.7943	5.2795	-8.4883	6.7598	-2.2654	-2.7302	-2.7573	1.8661	7.8492	-5.6747	5.5794	7.352	3.1109	-7.308	14.0324	-5.0801	1.354	6.4068	-0.5554	-0.2065	4.229	7.61	-0.9581	-0.802	-1.2579	-3.987	1.048	5.2298	-5.2785	-4.6633	5.9748	3.2902	-4.789	0.5955	0.398	-3.3234	-3.8062	-0.6859	2.9693	-6.7715
OSD-137_Mmus_BAL-TAL_LVR_GC_Rep4_G5	BALB/c	Female	GC	GC	RR-3	OSD-137	OSD-137	-6.6322	-5.5914	5.6382	6.3446	-2.3755	1.5695	3.4733	-1.0377	7.6634	0.6421	-3.3736	-3.7092	-9.7478	3.4976	-0.8231	4.6597	-4.2295	6.7345	-8.5717	-0.8912	-1.3806	-6.3021	-2.7209	7.3907	1.0699	2.7216	-7.6159	6.327	-3.4758	-3.7384	-3.9751	2.7649	7.9249	-5.8185	5.1217	6.8386	3.0807	-7.0675	7.214	-5.8785	0.2556	5.8807	-0.3461	0.6752	3.5229	5.1656	0.2043	-2.9283	1.0297	-6.6112	-2.9978	5.7051	-5.972	-8.0842	6.8583	2.9523	-7.2919	0.1945	-0.2638	-4.1005	-5.1536	0.3107	3.1142	-7.4877
OSD-137_Mmus_BAL-TAL_LVR_GC_Rep5_G6	BALB/c	Female	GC	GC	RR-3	OSD-137	OSD-137	-4.9196	-2.2859	4.8836	5.5971	-2.7379	1.0386	3.719	-2.2039	4.9019	-0.3967	-3.6224	-1.9364	-6.2107	3.7342	0.0462	3.4639	-0.2546	4.9132	-6.4338	-0.0807	-0.0145	-3.3356	-1.8683	5.0763	0.3947	2.7786	-5.5959	6.9487	-2.5954	-2.2037	-3.7835	0.3504	6.1536	-3.0489	5.0674	3.5047	2.814	-6.8164	3.6271	-5.7166	1.967	5.8259	-1.0114	0.7886	1.7544	4.5152	-0.3054	-1.62	-1.316	-3.7665	-4.1911	4.552	-4.0988	-5.5201	3.1758	0.9893	-5.366	-0.3419	0.9721	-2.0752	-3.5323	0.6624	2.3806	-7.0807
OSD-137_Mmus_BAL-TAL_LVR_GC_Rep6_G7	BALB/c	Female	GC	GC	RR-3	OSD-137	OSD-137	-5.6384	-1.9732	4.943	3.8002	-3.245	1.936	3.9977	-0.6171	7.9916	1.0449	-0.9164	-0.5821	-2.558	3.1493	-2.3977	5.3583	-3.2119	8.2298	-6.4415	-1.4513	-0.4656	-4.4355	-2.7697	6.4319	2.405	1.3171	-9.8823	6.542	-3.2999	-1.6736	-4.7954	0.2567	5.2981	-2.0719	5.1372	4.4437	4.8472	-8.8477	3.5078	-3.1765	0.9271	5.2457	-0.9399	0.1785	4.7941	3.0733	-0.1032	-0.7321	0.8824	-5.5348	-2.0893	4.782	-5.1098	-4.7195	5.9295	2.9228	-5.8796	-1.135	0.3291	-2.4972	-2.876	0.304	2.4153	-8.8411
OSD-173_Mmus_C57-6CR_LVR_GC_Rep1_G40	C57BL/6NCrl	Female	GC	GC	BSP135	OSD-173	OSD-173	-1.0856	1.4278	-0.3434	-2.0495	-1.7753	1.5792	-2.5474	-0.2302	-0.3763	-2.4465	2.222	0.0269	0.9258	2.1567	0.1	-2.5248	-1.5747	-3.6872	0.0284	1.1422	2.5259	-0.1376	-0.6347	1.6683	3.1941	1.8185	2.3773	-0.278	1.1876	-0.5598	2.4074	0.0229	1.7253	2.8175	0.5165	-0.9229	2.1834	0.6315	-1.4057	0.497	0.9534	0.0571	-0.2632	1.4274	-0.6112	-0.6195	-3.4859	-0.0499	0.294	-0.8192	-0.388	0.9675	1.225	1.2406	-0.8078	1.3181	-1.0091	-3.4986	2.2711	-0.5466	-1.0369	1.8257	0.7724	-1.1762
OSD-173_Mmus_C57-6CR_LVR_GC_Rep2_G44	C57BL/6NCrl	Female	GC	GC	BSP135	OSD-173	OSD-173	1.2858	1.6492	0.7003	-3.2182	-1.6687	-0.169	-4.0909	-0.272	-2.4221	-2.2279	3.4073	-0.5249	1.6092	3.3875	0.1751	-1.886	0.7247	-3.3167	1.9502	-0.1504	4.6681	2.0481	-1.4094	1.4186	2.0658	1.1853	4.331	-1.9547	0.6841	-1.4642	1.973	-2.8925	0.9959	3.1386	1.2015	-1.4246	1.9573	1.6698	-1.1381	1.9213	-0.6114	-1.3329	1.0427	0.2538	-2.2773	-4.2551	-2.696	1.1861	-0.0848	1.4708	1.1321	0.1203	3.449	2.3859	-1.8065	2.174	-3.2434	-3.8319	2.4305	1.6944	-0.8117	1.4913	2.6241	2.665
