tissue	gene_set	term	description	pathway_genes_in_background	selected_genes	overlap	overlap_genes	overlap_symbols	p_value	fdr
edl	generated_supported	R-MMU-72163_MRNA_SPLICING_MAJOR_PATHWAY	https://reactome.org/PathwayBrowser/#/R-MMU-72163	15	9	2	ENSMUSG00000019738,ENSMUSG00000031683	Polr2i,Lsm6	0.007492937605878	0.0412111568323291
edl	generated_supported	R-MMU-72172_MRNA_SPLICING	https://reactome.org/PathwayBrowser/#/R-MMU-72172	15	9	2	ENSMUSG00000019738,ENSMUSG00000031683	Polr2i,Lsm6	0.007492937605878	0.0412111568323291
edl	generated_supported	R-MMU-72203_PROCESSING_OF_CAPPED_INTRON_CONTAINING_PRE_MRNA	https://reactome.org/PathwayBrowser/#/R-MMU-72203	22	9	2	ENSMUSG00000019738,ENSMUSG00000031683	Polr2i,Lsm6	0.0159370359948865	0.0584357986479175
edl	generated_supported	R-MMU-382551_TRANSPORT_OF_SMALL_MOLECULES	https://reactome.org/PathwayBrowser/#/R-MMU-382551	33	9	2	ENSMUSG00000022822,ENSMUSG00000031431	Abcc5,Tsc22d3	0.034542446437727	0.0949917277037493
edl	generated_supported	R-MMU-8953854_METABOLISM_OF_RNA	https://reactome.org/PathwayBrowser/#/R-MMU-8953854	49	9	2	ENSMUSG00000019738,ENSMUSG00000031683	Polr2i,Lsm6	0.0712047514552688	0.1566504532015914
edl	generated_supported	R-MMU-597592_POST_TRANSLATIONAL_PROTEIN_MODIFICATION	https://reactome.org/PathwayBrowser/#/R-MMU-597592	131	9	3	ENSMUSG00000022346,ENSMUSG00000056091,ENSMUSG00000094870	Myc,St3gal5,Zfp131	0.1084724292121262	0.1988661202222314
edl	generated_supported	R-MMU-392499_METABOLISM_OF_PROTEINS	https://reactome.org/PathwayBrowser/#/R-MMU-392499	161	9	3	ENSMUSG00000022346,ENSMUSG00000056091,ENSMUSG00000094870	Myc,St3gal5,Zfp131	0.1742444420681681	0.2730218786538305
edl	generated_supported	R-MMU-212436_GENERIC_TRANSCRIPTION_PATHWAY	https://reactome.org/PathwayBrowser/#/R-MMU-212436	90	9	2	ENSMUSG00000019738,ENSMUSG00000022346	Polr2i,Myc	0.1987852648425214	0.2730218786538305
edl	generated_supported	R-MMU-73857_RNA_POLYMERASE_II_TRANSCRIPTION	https://reactome.org/PathwayBrowser/#/R-MMU-73857	97	9	2	ENSMUSG00000019738,ENSMUSG00000022346	Polr2i,Myc	0.2233815370804067	0.2730218786538305
edl	generated_supported	R-MMU-74160_GENE_EXPRESSION_TRANSCRIPTION	https://reactome.org/PathwayBrowser/#/R-MMU-74160	104	9	2	ENSMUSG00000019738,ENSMUSG00000022346	Polr2i,Myc	0.248386943617355	0.2732256379790905
edl	generated_supported	R-MMU-1430728_METABOLISM	https://reactome.org/PathwayBrowser/#/R-MMU-1430728	150	9	2	ENSMUSG00000022822,ENSMUSG00000056091	Abcc5,St3gal5	0.41474945458746	0.41474945458746
edl	exploratory_union	R-MMU-429914_DEADENYLATION_DEPENDENT_MRNA_DECAY	https://reactome.org/PathwayBrowser/#/R-MMU-429914	8	19	3	ENSMUSG00000005682,ENSMUSG00000031683,ENSMUSG00000038784	Pan2,Lsm6,Cnot4	0.0003321412513073	0.0076392487800687
edl	exploratory_union	R-MMU-3899300_SUMOYLATION_OF_TRANSCRIPTION_COFACTORS	https://reactome.org/PathwayBrowser/#/R-MMU-3899300	3	19	2	ENSMUSG00000048490,ENSMUSG00000094870	Nrip1,Zfp131	0.001069995670619	0.0082033001414128
edl	exploratory_union	R-MMU-429947_DEADENYLATION_OF_MRNA	https://reactome.org/PathwayBrowser/#/R-MMU-429947	3	19	2	ENSMUSG00000005682,ENSMUSG00000038784	Pan2,Cnot4	0.001069995670619	0.0082033001414128
edl	exploratory_union	R-MMU-8953854_METABOLISM_OF_RNA	https://reactome.org/PathwayBrowser/#/R-MMU-8953854	49	19	5	ENSMUSG00000005682,ENSMUSG00000019738,ENSMUSG00000031683,ENSMUSG00000038784,ENSMUSG00000049950	Pan2,Polr2i,Lsm6,Cnot4,Rpp38	0.0017889860420912	0.0102866697420248
edl	exploratory_union	R-MMU-9018519_ESTROGEN_DEPENDENT_GENE_EXPRESSION	https://reactome.org/PathwayBrowser/#/R-MMU-9018519	7	19	2	ENSMUSG00000019738,ENSMUSG00000048490	Polr2i,Nrip1	0.0071473079580316	0.0328776166069456
edl	exploratory_union	R-MMU-72163_MRNA_SPLICING_MAJOR_PATHWAY	https://reactome.org/PathwayBrowser/#/R-MMU-72163	15	19	2	ENSMUSG00000019738,ENSMUSG00000031683	Polr2i,Lsm6	0.032555270453503	0.1069673172043673
edl	exploratory_union	R-MMU-72172_MRNA_SPLICING	https://reactome.org/PathwayBrowser/#/R-MMU-72172	15	19	2	ENSMUSG00000019738,ENSMUSG00000031683	Polr2i,Lsm6	0.032555270453503	0.1069673172043673
edl	exploratory_union	R-MMU-72203_PROCESSING_OF_CAPPED_INTRON_CONTAINING_PRE_MRNA	https://reactome.org/PathwayBrowser/#/R-MMU-72203	22	19	2	ENSMUSG00000019738,ENSMUSG00000031683	Polr2i,Lsm6	0.0660432841127048	0.1592619651006716
edl	exploratory_union	R-MMU-3700989_TRANSCRIPTIONAL_REGULATION_BY_TP53	https://reactome.org/PathwayBrowser/#/R-MMU-3700989	53	19	3	ENSMUSG00000019738,ENSMUSG00000038332,ENSMUSG00000038784	Polr2i,Sesn1,Cnot4	0.0795038294003047	0.1592619651006716
edl	exploratory_union	R-MMU-2990846_SUMOYLATION	https://reactome.org/PathwayBrowser/#/R-MMU-2990846	26	19	2	ENSMUSG00000048490,ENSMUSG00000094870	Nrip1,Zfp131	0.0887304106795288	0.1592619651006716
edl	exploratory_union	R-MMU-3108232_SUMO_E3_LIGASES_SUMOYLATE_TARGET_PROTEINS	https://reactome.org/PathwayBrowser/#/R-MMU-3108232	26	19	2	ENSMUSG00000048490,ENSMUSG00000094870	Nrip1,Zfp131	0.0887304106795288	0.1592619651006716
edl	exploratory_union	R-MMU-8939211_ESR_MEDIATED_SIGNALING	https://reactome.org/PathwayBrowser/#/R-MMU-8939211	26	19	2	ENSMUSG00000019738,ENSMUSG00000048490	Polr2i,Nrip1	0.0887304106795288	0.1592619651006716
edl	exploratory_union	R-MMU-212436_GENERIC_TRANSCRIPTION_PATHWAY	https://reactome.org/PathwayBrowser/#/R-MMU-212436	90	19	4	ENSMUSG00000019738,ENSMUSG00000022346,ENSMUSG00000038332,ENSMUSG00000038784	Polr2i,Myc,Sesn1,Cnot4	0.0900176324482057	0.1592619651006716
edl	exploratory_union	R-MMU-73857_RNA_POLYMERASE_II_TRANSCRIPTION	https://reactome.org/PathwayBrowser/#/R-MMU-73857	97	19	4	ENSMUSG00000019738,ENSMUSG00000022346,ENSMUSG00000038332,ENSMUSG00000038784	Polr2i,Myc,Sesn1,Cnot4	0.1116938551999515	0.1739242415108544
edl	exploratory_union	R-MMU-9006931_SIGNALING_BY_NUCLEAR_RECEPTORS	https://reactome.org/PathwayBrowser/#/R-MMU-9006931	30	19	2	ENSMUSG00000019738,ENSMUSG00000048490	Polr2i,Nrip1	0.1134288531592529	0.1739242415108544
edl	exploratory_union	R-MMU-382551_TRANSPORT_OF_SMALL_MOLECULES	https://reactome.org/PathwayBrowser/#/R-MMU-382551	33	19	2	ENSMUSG00000022822,ENSMUSG00000031431	Abcc5,Tsc22d3	0.1330305410796708	0.1835004048615942
edl	exploratory_union	R-MMU-74160_GENE_EXPRESSION_TRANSCRIPTION	https://reactome.org/PathwayBrowser/#/R-MMU-74160	104	19	4	ENSMUSG00000019738,ENSMUSG00000022346,ENSMUSG00000038332,ENSMUSG00000038784	Polr2i,Myc,Sesn1,Cnot4	0.1356307340281349	0.1835004048615942
edl	exploratory_union	R-MMU-71387_METABOLISM_OF_CARBOHYDRATES_AND_CARBOHYDRATE_DERIVATIVES	https://reactome.org/PathwayBrowser/#/R-MMU-71387	37	19	2	ENSMUSG00000022822,ENSMUSG00000029136	Abcc5,Rbks	0.1603135939042992	0.2048451477666046
edl	exploratory_union	R-MMU-392499_METABOLISM_OF_PROTEINS	https://reactome.org/PathwayBrowser/#/R-MMU-392499	161	19	5	ENSMUSG00000022346,ENSMUSG00000038774,ENSMUSG00000048490,ENSMUSG00000056091,ENSMUSG00000094870	Myc,Ascc3,Nrip1,St3gal5,Zfp131	0.1922907762524452	0.2251817344258402
edl	exploratory_union	R-MMU-73894_DNA_REPAIR	https://reactome.org/PathwayBrowser/#/R-MMU-73894	42	19	2	ENSMUSG00000007646,ENSMUSG00000019738	Rad51c,Polr2i	0.1958102038485567	0.2251817344258402
edl	exploratory_union	R-MMU-597592_POST_TRANSLATIONAL_PROTEIN_MODIFICATION	https://reactome.org/PathwayBrowser/#/R-MMU-597592	131	19	4	ENSMUSG00000022346,ENSMUSG00000048490,ENSMUSG00000056091,ENSMUSG00000094870	Myc,Nrip1,St3gal5,Zfp131	0.2453983277815442	0.2687695970940723
edl	exploratory_union	R-MMU-1430728_METABOLISM	https://reactome.org/PathwayBrowser/#/R-MMU-1430728	150	19	4	ENSMUSG00000022822,ENSMUSG00000029136,ENSMUSG00000053907,ENSMUSG00000056091	Abcc5,Rbks,Mat2a,St3gal5	0.3336792480535626	0.3488464866014518
edl	exploratory_union	R-MMU-162582_SIGNAL_TRANSDUCTION	https://reactome.org/PathwayBrowser/#/R-MMU-162582	212	19	2	ENSMUSG00000019738,ENSMUSG00000048490	Polr2i,Nrip1	0.9424390822526806	0.9424390822526804
gastrocnemius	generated_supported	R-MMU-5689880_UB_SPECIFIC_PROCESSING_PROTEASES	https://reactome.org/PathwayBrowser/#/R-MMU-5689880	27	14	2	ENSMUSG00000021025,ENSMUSG00000032402	Nfkbia,Smad3	0.0548658582636839	0.4745283681893171
gastrocnemius	generated_supported	R-MMU-5688426_DEUBIQUITINATION	https://reactome.org/PathwayBrowser/#/R-MMU-5688426	32	14	2	ENSMUSG00000021025,ENSMUSG00000032402	Nfkbia,Smad3	0.0744199016967039	0.4745283681893171
gastrocnemius	generated_supported	R-MMU-8953897_CELLULAR_RESPONSES_TO_STIMULI	https://reactome.org/PathwayBrowser/#/R-MMU-8953897	83	14	3	ENSMUSG00000001999,ENSMUSG00000021025,ENSMUSG00000023067	Blvra,Nfkbia,Cdkn1a	0.109506546505227	0.4745283681893171
gastrocnemius	generated_supported	R-MMU-1266738_DEVELOPMENTAL_BIOLOGY	https://reactome.org/PathwayBrowser/#/R-MMU-1266738	54	14	2	ENSMUSG00000023067,ENSMUSG00000032402	Cdkn1a,Smad3	0.1794885799973612	0.5689734679291155
gastrocnemius	generated_supported	R-MMU-2262752_CELLULAR_RESPONSES_TO_STRESS	https://reactome.org/PathwayBrowser/#/R-MMU-2262752	72	14	2	ENSMUSG00000001999,ENSMUSG00000023067	Blvra,Cdkn1a	0.2772944783786417	0.5689734679291155
gastrocnemius	generated_supported	R-MMU-162582_SIGNAL_TRANSDUCTION	https://reactome.org/PathwayBrowser/#/R-MMU-162582	212	14	4	ENSMUSG00000021025,ENSMUSG00000023067,ENSMUSG00000031490,ENSMUSG00000032402	Nfkbia,Cdkn1a,Eif4ebp1,Smad3	0.3633069384007455	0.5689734679291155
gastrocnemius	generated_supported	R-MMU-212436_GENERIC_TRANSCRIPTION_PATHWAY	https://reactome.org/PathwayBrowser/#/R-MMU-212436	90	14	2	ENSMUSG00000023067,ENSMUSG00000032402	Cdkn1a,Smad3	0.3764087199560835	0.5689734679291155
gastrocnemius	generated_supported	R-MMU-73857_RNA_POLYMERASE_II_TRANSCRIPTION	https://reactome.org/PathwayBrowser/#/R-MMU-73857	97	14	2	ENSMUSG00000023067,ENSMUSG00000032402	Cdkn1a,Smad3	0.4140411480130929	0.5689734679291155
gastrocnemius	generated_supported	R-MMU-392499_METABOLISM_OF_PROTEINS	https://reactome.org/PathwayBrowser/#/R-MMU-392499	161	14	3	ENSMUSG00000021025,ENSMUSG00000031490,ENSMUSG00000032402	Nfkbia,Eif4ebp1,Smad3	0.4152436558979172	0.5689734679291155
gastrocnemius	generated_supported	R-MMU-74160_GENE_EXPRESSION_TRANSCRIPTION	https://reactome.org/PathwayBrowser/#/R-MMU-74160	104	14	2	ENSMUSG00000023067,ENSMUSG00000032402	Cdkn1a,Smad3	0.4507874063848524	0.5689734679291155
gastrocnemius	generated_supported	R-MMU-168249_INNATE_IMMUNE_SYSTEM	https://reactome.org/PathwayBrowser/#/R-MMU-168249	110	14	2	ENSMUSG00000006373,ENSMUSG00000021025	Pgrmc1,Nfkbia	0.4814390882477131	0.5689734679291155
gastrocnemius	generated_supported	R-MMU-597592_POST_TRANSLATIONAL_PROTEIN_MODIFICATION	https://reactome.org/PathwayBrowser/#/R-MMU-597592	131	14	2	ENSMUSG00000021025,ENSMUSG00000032402	Nfkbia,Smad3	0.5813530748354364	0.6297991644050561
gastrocnemius	generated_supported	R-MMU-168256_IMMUNE_SYSTEM	https://reactome.org/PathwayBrowser/#/R-MMU-168256	186	14	2	ENSMUSG00000006373,ENSMUSG00000021025	Pgrmc1,Nfkbia	0.780542464228771	0.780542464228771
gastrocnemius	exploratory_union	R-MMU-8852276_THE_ROLE_OF_GTSE1_IN_G2_M_PROGRESSION_AFTER_G2_CHECKPOINT	https://reactome.org/PathwayBrowser/#/R-MMU-8852276	8	21	2	ENSMUSG00000019942,ENSMUSG00000023067	Cdk1,Cdkn1a	0.0114718156869768	0.1436788162443886
gastrocnemius	exploratory_union	R-MMU-9833482_PKR_MEDIATED_SIGNALING	https://reactome.org/PathwayBrowser/#/R-MMU-9833482	11	21	2	ENSMUSG00000019942,ENSMUSG00000025889	Cdk1,Snca	0.0216698724216548	0.1436788162443886
gastrocnemius	exploratory_union	R-MMU-1266738_DEVELOPMENTAL_BIOLOGY	https://reactome.org/PathwayBrowser/#/R-MMU-1266738	54	21	4	ENSMUSG00000021359,ENSMUSG00000023067,ENSMUSG00000032402,ENSMUSG00000044393	Tfap2a,Cdkn1a,Smad3,Dsg2	0.0249765439167651	0.1436788162443886
gastrocnemius	exploratory_union	R-MMU-5688426_DEUBIQUITINATION	https://reactome.org/PathwayBrowser/#/R-MMU-5688426	32	21	3	ENSMUSG00000019942,ENSMUSG00000021025,ENSMUSG00000032402	Cdk1,Nfkbia,Smad3	0.0286573267216892	0.1436788162443886
gastrocnemius	exploratory_union	R-MMU-1169410_ANTIMICROBIAL_MECHANISM_OF_IFN_STIMULATED_GENES	https://reactome.org/PathwayBrowser/#/R-MMU-1169410	13	21	2	ENSMUSG00000019942,ENSMUSG00000025889	Cdk1,Snca	0.029942999847422	0.1436788162443886
gastrocnemius	exploratory_union	R-MMU-6791312_TP53_REGULATES_TRANSCRIPTION_OF_CELL_CYCLE_GENES	https://reactome.org/PathwayBrowser/#/R-MMU-6791312	14	21	2	ENSMUSG00000019942,ENSMUSG00000023067	Cdk1,Cdkn1a	0.0344829158986532	0.1436788162443886
gastrocnemius	exploratory_union	R-MMU-913531_INTERFERON_SIGNALING	https://reactome.org/PathwayBrowser/#/R-MMU-913531	17	21	2	ENSMUSG00000019942,ENSMUSG00000025889	Cdk1,Snca	0.0495702668170962	0.1770366672039152
gastrocnemius	exploratory_union	R-MMU-162582_SIGNAL_TRANSDUCTION	https://reactome.org/PathwayBrowser/#/R-MMU-162582	212	21	8	ENSMUSG00000019942,ENSMUSG00000021025,ENSMUSG00000023067,ENSMUSG00000026360,ENSMUSG00000031490,ENSMUSG00000032402,ENSMUSG00000044393,ENSMUSG00000076431	Cdk1,Nfkbia,Cdkn1a,Rgs2,Eif4ebp1,Smad3,Dsg2,Sox4	0.0646611305524177	0.2020660329763054
gastrocnemius	exploratory_union	R-MMU-453274_MITOTIC_G2_G2_M_PHASES	https://reactome.org/PathwayBrowser/#/R-MMU-453274	24	21	2	ENSMUSG00000019942,ENSMUSG00000023067	Cdk1,Cdkn1a	0.0919199997234524	0.2297999993086311
gastrocnemius	exploratory_union	R-MMU-69275_G2_M_TRANSITION	https://reactome.org/PathwayBrowser/#/R-MMU-69275	24	21	2	ENSMUSG00000019942,ENSMUSG00000023067	Cdk1,Cdkn1a	0.0919199997234524	0.2297999993086311
gastrocnemius	exploratory_union	R-MMU-5689880_UB_SPECIFIC_PROCESSING_PROTEASES	https://reactome.org/PathwayBrowser/#/R-MMU-5689880	27	21	2	ENSMUSG00000021025,ENSMUSG00000032402	Nfkbia,Smad3	0.1124883947761621	0.2516310811227715
gastrocnemius	exploratory_union	R-MMU-212436_GENERIC_TRANSCRIPTION_PATHWAY	https://reactome.org/PathwayBrowser/#/R-MMU-212436	90	21	4	ENSMUSG00000019942,ENSMUSG00000021359,ENSMUSG00000023067,ENSMUSG00000032402	Cdk1,Tfap2a,Cdkn1a,Smad3	0.1207829189389303	0.2516310811227715
gastrocnemius	exploratory_union	R-MMU-73857_RNA_POLYMERASE_II_TRANSCRIPTION	https://reactome.org/PathwayBrowser/#/R-MMU-73857	97	21	4	ENSMUSG00000019942,ENSMUSG00000021359,ENSMUSG00000023067,ENSMUSG00000032402	Cdk1,Tfap2a,Cdkn1a,Smad3	0.1482354517692053	0.285068176479241
gastrocnemius	exploratory_union	R-MMU-1280215_CYTOKINE_SIGNALING_IN_IMMUNE_SYSTEM	https://reactome.org/PathwayBrowser/#/R-MMU-1280215	67	21	3	ENSMUSG00000019942,ENSMUSG00000021025,ENSMUSG00000025889	Cdk1,Nfkbia,Snca	0.1705596329996031	0.2967712627737308
gastrocnemius	exploratory_union	R-MMU-74160_GENE_EXPRESSION_TRANSCRIPTION	https://reactome.org/PathwayBrowser/#/R-MMU-74160	104	21	4	ENSMUSG00000019942,ENSMUSG00000021359,ENSMUSG00000023067,ENSMUSG00000032402	Cdk1,Tfap2a,Cdkn1a,Smad3	0.1780627576642385	0.2967712627737308
gastrocnemius	exploratory_union	R-MMU-69620_CELL_CYCLE_CHECKPOINTS	https://reactome.org/PathwayBrowser/#/R-MMU-69620	43	21	2	ENSMUSG00000019942,ENSMUSG00000023067	Cdk1,Cdkn1a	0.2362763602377549	0.369181812871492
gastrocnemius	exploratory_union	R-MMU-8953897_CELLULAR_RESPONSES_TO_STIMULI	https://reactome.org/PathwayBrowser/#/R-MMU-8953897	83	21	3	ENSMUSG00000001999,ENSMUSG00000021025,ENSMUSG00000023067	Blvra,Nfkbia,Cdkn1a	0.2629037864918813	0.3866232154292371
gastrocnemius	exploratory_union	R-MMU-3700989_TRANSCRIPTIONAL_REGULATION_BY_TP53	https://reactome.org/PathwayBrowser/#/R-MMU-3700989	53	21	2	ENSMUSG00000019942,ENSMUSG00000023067	Cdk1,Cdkn1a	0.3183187732609037	0.4421094073068106
gastrocnemius	exploratory_union	R-MMU-392499_METABOLISM_OF_PROTEINS	https://reactome.org/PathwayBrowser/#/R-MMU-392499	161	21	4	ENSMUSG00000019942,ENSMUSG00000021025,ENSMUSG00000031490,ENSMUSG00000032402	Cdk1,Nfkbia,Eif4ebp1,Smad3	0.4670465760996878	0.5853705469174115
gastrocnemius	exploratory_union	R-MMU-2262752_CELLULAR_RESPONSES_TO_STRESS	https://reactome.org/PathwayBrowser/#/R-MMU-2262752	72	21	2	ENSMUSG00000001999,ENSMUSG00000023067	Blvra,Cdkn1a	0.4682964375339292	0.5853705469174115
gastrocnemius	exploratory_union	R-MMU-69278_CELL_CYCLE_MITOTIC	https://reactome.org/PathwayBrowser/#/R-MMU-69278	76	21	2	ENSMUSG00000019942,ENSMUSG00000023067	Cdk1,Cdkn1a	0.4977411124047587	0.5925489433389984
gastrocnemius	exploratory_union	R-MMU-597592_POST_TRANSLATIONAL_PROTEIN_MODIFICATION	https://reactome.org/PathwayBrowser/#/R-MMU-597592	131	21	3	ENSMUSG00000019942,ENSMUSG00000021025,ENSMUSG00000032402	Cdk1,Nfkbia,Smad3	0.552418831210836	0.6161776722868808
gastrocnemius	exploratory_union	R-MMU-1640170_CELL_CYCLE	https://reactome.org/PathwayBrowser/#/R-MMU-1640170	89	21	2	ENSMUSG00000019942,ENSMUSG00000023067	Cdk1,Cdkn1a	0.5866715133369009	0.6161776722868808
gastrocnemius	exploratory_union	R-MMU-168256_IMMUNE_SYSTEM	https://reactome.org/PathwayBrowser/#/R-MMU-168256	186	21	4	ENSMUSG00000006373,ENSMUSG00000019942,ENSMUSG00000021025,ENSMUSG00000025889	Pgrmc1,Cdk1,Nfkbia,Snca	0.5915305653954056	0.6161776722868808
gastrocnemius	exploratory_union	R-MMU-168249_INNATE_IMMUNE_SYSTEM	https://reactome.org/PathwayBrowser/#/R-MMU-168249	110	21	2	ENSMUSG00000006373,ENSMUSG00000021025	Pgrmc1,Nfkbia	0.7065950238899575	0.7065950238899574
quadriceps	core_intersection	R-MMU-114508_EFFECTS_OF_PIP2_HYDROLYSIS	https://reactome.org/PathwayBrowser/#/R-MMU-114508	4	13	2	ENSMUSG00000021108,ENSMUSG00000021948	Prkch,Prkcd	0.0009728069456125	0.0233321966211055
quadriceps	core_intersection	R-MMU-3214842_HDMS_DEMETHYLATE_HISTONES	https://reactome.org/PathwayBrowser/#/R-MMU-3214842	5	13	2	ENSMUSG00000019947,ENSMUSG00000053470	Arid5b,Kdm3a	0.0016091170083521	0.0233321966211055
quadriceps	core_intersection	R-MMU-3247509_CHROMATIN_MODIFYING_ENZYMES	https://reactome.org/PathwayBrowser/#/R-MMU-3247509	23	13	3	ENSMUSG00000019947,ENSMUSG00000053470,ENSMUSG00000070348	Arid5b,Kdm3a,Ccnd1	0.0028239630168913	0.0261776997600443
quadriceps	core_intersection	R-MMU-4839726_CHROMATIN_ORGANIZATION	https://reactome.org/PathwayBrowser/#/R-MMU-4839726	25	13	3	ENSMUSG00000019947,ENSMUSG00000053470,ENSMUSG00000070348	Arid5b,Kdm3a,Ccnd1	0.0036107172082819	0.0261776997600443
quadriceps	core_intersection	R-MMU-187577_SCF_SKP2_MEDIATED_DEGRADATION_OF_P27_P21	https://reactome.org/PathwayBrowser/#/R-MMU-187577	10	13	2	ENSMUSG00000023067,ENSMUSG00000070348	Cdkn1a,Ccnd1	0.0069722150069914	0.0336990392004587
quadriceps	core_intersection	R-MMU-5628897_TP53_REGULATES_METABOLIC_GENES	https://reactome.org/PathwayBrowser/#/R-MMU-5628897	10	13	2	ENSMUSG00000020108,ENSMUSG00000038332	Ddit4,Sesn1	0.0069722150069914	0.0336990392004587
quadriceps	core_intersection	R-MMU-69202_CYCLIN_E_ASSOCIATED_EVENTS_DURING_G1_S_TRANSITION	https://reactome.org/PathwayBrowser/#/R-MMU-69202	16	13	2	ENSMUSG00000023067,ENSMUSG00000070348	Cdkn1a,Ccnd1	0.017768344007365	0.0588307257854889
quadriceps	core_intersection	R-MMU-69656_CYCLIN_A_CDK2_ASSOCIATED_EVENTS_AT_S_PHASE_ENTRY	https://reactome.org/PathwayBrowser/#/R-MMU-69656	17	13	2	ENSMUSG00000023067,ENSMUSG00000070348	Cdkn1a,Ccnd1	0.0199859643144729	0.0588307257854889
quadriceps	core_intersection	R-MMU-416476_G_ALPHA_Q_SIGNALLING_EVENTS	https://reactome.org/PathwayBrowser/#/R-MMU-416476	18	13	2	ENSMUSG00000021108,ENSMUSG00000021948	Prkch,Prkcd	0.0223151028841509	0.0588307257854889
quadriceps	core_intersection	R-MMU-69231_CYCLIN_D_ASSOCIATED_EVENTS_IN_G1	https://reactome.org/PathwayBrowser/#/R-MMU-69231	18	13	2	ENSMUSG00000023067,ENSMUSG00000070348	Cdkn1a,Ccnd1	0.0223151028841509	0.0588307257854889
quadriceps	core_intersection	R-MMU-69236_G1_PHASE	https://reactome.org/PathwayBrowser/#/R-MMU-69236	18	13	2	ENSMUSG00000023067,ENSMUSG00000070348	Cdkn1a,Ccnd1	0.0223151028841509	0.0588307257854889
quadriceps	core_intersection	R-MMU-212436_GENERIC_TRANSCRIPTION_PATHWAY	https://reactome.org/PathwayBrowser/#/R-MMU-212436	90	13	4	ENSMUSG00000020108,ENSMUSG00000023067,ENSMUSG00000038332,ENSMUSG00000070348	Ddit4,Cdkn1a,Sesn1,Ccnd1	0.0254564171273893	0.0615196747245243
quadriceps	core_intersection	R-MMU-3700989_TRANSCRIPTIONAL_REGULATION_BY_TP53	https://reactome.org/PathwayBrowser/#/R-MMU-3700989	53	13	3	ENSMUSG00000020108,ENSMUSG00000023067,ENSMUSG00000038332	Ddit4,Cdkn1a,Sesn1	0.0295366895643776	0.0658895382589962
quadriceps	core_intersection	R-MMU-73857_RNA_POLYMERASE_II_TRANSCRIPTION	https://reactome.org/PathwayBrowser/#/R-MMU-73857	97	13	4	ENSMUSG00000020108,ENSMUSG00000023067,ENSMUSG00000038332,ENSMUSG00000070348	Ddit4,Cdkn1a,Sesn1,Ccnd1	0.0326853466142941	0.067705360843895
quadriceps	core_intersection	R-MMU-69206_G1_S_TRANSITION	https://reactome.org/PathwayBrowser/#/R-MMU-69206	24	13	2	ENSMUSG00000023067,ENSMUSG00000070348	Cdkn1a,Ccnd1	0.0384734434555069	0.0743819906806468
quadriceps	core_intersection	R-MMU-74160_GENE_EXPRESSION_TRANSCRIPTION	https://reactome.org/PathwayBrowser/#/R-MMU-74160	104	13	4	ENSMUSG00000020108,ENSMUSG00000023067,ENSMUSG00000038332,ENSMUSG00000070348	Ddit4,Cdkn1a,Sesn1,Ccnd1	0.0410648441029079	0.0744300299365206
quadriceps	core_intersection	R-MMU-453279_MITOTIC_G1_PHASE_AND_G1_S_TRANSITION	https://reactome.org/PathwayBrowser/#/R-MMU-453279	31	13	2	ENSMUSG00000023067,ENSMUSG00000070348	Cdkn1a,Ccnd1	0.0614912023217048	0.1048967569017317
quadriceps	core_intersection	R-MMU-69242_S_PHASE	https://reactome.org/PathwayBrowser/#/R-MMU-69242	33	13	2	ENSMUSG00000023067,ENSMUSG00000070348	Cdkn1a,Ccnd1	0.0687799407543577	0.1108121267709097
quadriceps	core_intersection	R-MMU-9006925_INTRACELLULAR_SIGNALING_BY_SECOND_MESSENGERS	https://reactome.org/PathwayBrowser/#/R-MMU-9006925	36	13	2	ENSMUSG00000021948,ENSMUSG00000023067	Prkcd,Cdkn1a	0.0802375369752279	0.1224678195937689
quadriceps	core_intersection	R-MMU-76002_PLATELET_ACTIVATION_SIGNALING_AND_AGGREGATION	https://reactome.org/PathwayBrowser/#/R-MMU-76002	38	13	2	ENSMUSG00000021108,ENSMUSG00000021948	Prkch,Prkcd	0.0882003344048306	0.1278904848870043
quadriceps	core_intersection	R-MMU-388396_GPCR_DOWNSTREAM_SIGNALLING	https://reactome.org/PathwayBrowser/#/R-MMU-388396	40	13	2	ENSMUSG00000021108,ENSMUSG00000021948	Prkch,Prkcd	0.0964032280473016	0.1325955001395468
quadriceps	core_intersection	R-MMU-372790_SIGNALING_BY_GPCR	https://reactome.org/PathwayBrowser/#/R-MMU-372790	41	13	2	ENSMUSG00000021108,ENSMUSG00000021948	Prkch,Prkcd	0.1005896897610355	0.1325955001395468
quadriceps	core_intersection	R-MMU-162582_SIGNAL_TRANSDUCTION	https://reactome.org/PathwayBrowser/#/R-MMU-162582	212	13	5	ENSMUSG00000021108,ENSMUSG00000021948,ENSMUSG00000023067,ENSMUSG00000070348,ENSMUSG00000076431	Prkch,Prkcd,Cdkn1a,Ccnd1,Sox4	0.1308420137097004	0.1649747129383179
quadriceps	core_intersection	R-MMU-109582_HEMOSTASIS	https://reactome.org/PathwayBrowser/#/R-MMU-109582	56	13	2	ENSMUSG00000021108,ENSMUSG00000021948	Prkch,Prkcd	0.1688646217022339	0.2040447512235327
quadriceps	core_intersection	R-MMU-2262752_CELLULAR_RESPONSES_TO_STRESS	https://reactome.org/PathwayBrowser/#/R-MMU-2262752	72	13	2	ENSMUSG00000023067,ENSMUSG00000038332	Cdkn1a,Sesn1	0.248847363096162	0.288662941191548
quadriceps	core_intersection	R-MMU-69278_CELL_CYCLE_MITOTIC	https://reactome.org/PathwayBrowser/#/R-MMU-69278	76	13	2	ENSMUSG00000023067,ENSMUSG00000070348	Cdkn1a,Ccnd1	0.2693795346221386	0.3004617886170007
quadriceps	core_intersection	R-MMU-8953897_CELLULAR_RESPONSES_TO_STIMULI	https://reactome.org/PathwayBrowser/#/R-MMU-8953897	83	13	2	ENSMUSG00000023067,ENSMUSG00000038332	Cdkn1a,Sesn1	0.3054581746752143	0.3280847061326375
quadriceps	core_intersection	R-MMU-1640170_CELL_CYCLE	https://reactome.org/PathwayBrowser/#/R-MMU-1640170	89	13	2	ENSMUSG00000023067,ENSMUSG00000070348	Cdkn1a,Ccnd1	0.3363355548844913	0.3483475389875088
quadriceps	core_intersection	R-MMU-168256_IMMUNE_SYSTEM	https://reactome.org/PathwayBrowser/#/R-MMU-168256	186	13	2	ENSMUSG00000021948,ENSMUSG00000070348	Prkcd,Ccnd1	0.7431030875005622	0.7431030875005622
quadriceps	generated_supported	R-MMU-114508_EFFECTS_OF_PIP2_HYDROLYSIS	https://reactome.org/PathwayBrowser/#/R-MMU-114508	4	26	2	ENSMUSG00000021108,ENSMUSG00000021948	Prkch,Prkcd	0.0039809406539594	0.1272565269913411
quadriceps	generated_supported	R-MMU-3214842_HDMS_DEMETHYLATE_HISTONES	https://reactome.org/PathwayBrowser/#/R-MMU-3214842	5	26	2	ENSMUSG00000019947,ENSMUSG00000053470	Arid5b,Kdm3a	0.0065259757431456	0.1272565269913411
quadriceps	generated_supported	R-MMU-3247509_CHROMATIN_MODIFYING_ENZYMES	https://reactome.org/PathwayBrowser/#/R-MMU-3247509	23	26	3	ENSMUSG00000019947,ENSMUSG00000053470,ENSMUSG00000070348	Arid5b,Kdm3a,Ccnd1	0.0209876977366351	0.1506707667287163
quadriceps	generated_supported	R-MMU-4839726_CHROMATIN_ORGANIZATION	https://reactome.org/PathwayBrowser/#/R-MMU-4839726	25	26	3	ENSMUSG00000019947,ENSMUSG00000053470,ENSMUSG00000070348	Arid5b,Kdm3a,Ccnd1	0.0263060967602437	0.1506707667287163
quadriceps	generated_supported	R-MMU-187577_SCF_SKP2_MEDIATED_DEGRADATION_OF_P27_P21	https://reactome.org/PathwayBrowser/#/R-MMU-187577	10	26	2	ENSMUSG00000023067,ENSMUSG00000070348	Cdkn1a,Ccnd1	0.027043470951308	0.1506707667287163
quadriceps	generated_supported	R-MMU-211859_BIOLOGICAL_OXIDATIONS	https://reactome.org/PathwayBrowser/#/R-MMU-211859	10	26	2	ENSMUSG00000004035,ENSMUSG00000038286	Gstm7,Bphl	0.027043470951308	0.1506707667287163
quadriceps	generated_supported	R-MMU-5628897_TP53_REGULATES_METABOLIC_GENES	https://reactome.org/PathwayBrowser/#/R-MMU-5628897	10	26	2	ENSMUSG00000020108,ENSMUSG00000038332	Ddit4,Sesn1	0.027043470951308	0.1506707667287163
quadriceps	generated_supported	R-MMU-450531_REGULATION_OF_MRNA_STABILITY_BY_PROTEINS_THAT_BIND_AU_RICH_ELEMENTS	https://reactome.org/PathwayBrowser/#/R-MMU-450531	11	26	2	ENSMUSG00000021948,ENSMUSG00000044786	Prkcd,Zfp36	0.0325150235234865	0.1585107396769969
quadriceps	generated_supported	R-MMU-5607764_CLEC7A_DECTIN_1_SIGNALING	https://reactome.org/PathwayBrowser/#/R-MMU-5607764	12	26	2	ENSMUSG00000021025,ENSMUSG00000021948	Nfkbia,Prkcd	0.0383837324038636	0.1663295070834092
quadriceps	generated_supported	R-MMU-69202_CYCLIN_E_ASSOCIATED_EVENTS_DURING_G1_S_TRANSITION	https://reactome.org/PathwayBrowser/#/R-MMU-69202	16	26	2	ENSMUSG00000023067,ENSMUSG00000070348	Cdkn1a,Ccnd1	0.0653759768046281	0.1966775948002593
quadriceps	generated_supported	R-MMU-5621481_C_TYPE_LECTIN_RECEPTORS_CLRS	https://reactome.org/PathwayBrowser/#/R-MMU-5621481	17	26	2	ENSMUSG00000021025,ENSMUSG00000021948	Nfkbia,Prkcd	0.0728972752234923	0.1966775948002593
quadriceps	generated_supported	R-MMU-69656_CYCLIN_A_CDK2_ASSOCIATED_EVENTS_AT_S_PHASE_ENTRY	https://reactome.org/PathwayBrowser/#/R-MMU-69656	17	26	2	ENSMUSG00000023067,ENSMUSG00000070348	Cdkn1a,Ccnd1	0.0728972752234923	0.1966775948002593
quadriceps	generated_supported	R-MMU-913531_INTERFERON_SIGNALING	https://reactome.org/PathwayBrowser/#/R-MMU-913531	17	26	2	ENSMUSG00000021948,ENSMUSG00000025889	Prkcd,Snca	0.0728972752234923	0.1966775948002593
quadriceps	generated_supported	R-MMU-416476_G_ALPHA_Q_SIGNALLING_EVENTS	https://reactome.org/PathwayBrowser/#/R-MMU-416476	18	26	2	ENSMUSG00000021108,ENSMUSG00000021948	Prkch,Prkcd	0.0806882440206192	0.1966775948002593
quadriceps	generated_supported	R-MMU-69231_CYCLIN_D_ASSOCIATED_EVENTS_IN_G1	https://reactome.org/PathwayBrowser/#/R-MMU-69231	18	26	2	ENSMUSG00000023067,ENSMUSG00000070348	Cdkn1a,Ccnd1	0.0806882440206192	0.1966775948002593
quadriceps	generated_supported	R-MMU-69236_G1_PHASE	https://reactome.org/PathwayBrowser/#/R-MMU-69236	18	26	2	ENSMUSG00000023067,ENSMUSG00000070348	Cdkn1a,Ccnd1	0.0806882440206192	0.1966775948002593
quadriceps	generated_supported	R-MMU-69206_G1_S_TRANSITION	https://reactome.org/PathwayBrowser/#/R-MMU-69206	24	26	2	ENSMUSG00000023067,ENSMUSG00000070348	Cdkn1a,Ccnd1	0.1321122606302654	0.2920388226774386
quadriceps	generated_supported	R-MMU-74160_GENE_EXPRESSION_TRANSCRIPTION	https://reactome.org/PathwayBrowser/#/R-MMU-74160	104	26	5	ENSMUSG00000002625,ENSMUSG00000020108,ENSMUSG00000023067,ENSMUSG00000038332,ENSMUSG00000070348	Akap8l,Ddit4,Cdkn1a,Sesn1,Ccnd1	0.1347871489280486	0.2920388226774386
quadriceps	generated_supported	R-MMU-3700989_TRANSCRIPTIONAL_REGULATION_BY_TP53	https://reactome.org/PathwayBrowser/#/R-MMU-3700989	53	26	3	ENSMUSG00000020108,ENSMUSG00000023067,ENSMUSG00000038332	Ddit4,Cdkn1a,Sesn1	0.1638121696283019	0.3362460323949356
quadriceps	generated_supported	R-MMU-453279_MITOTIC_G1_PHASE_AND_G1_S_TRANSITION	https://reactome.org/PathwayBrowser/#/R-MMU-453279	31	26	2	ENSMUSG00000023067,ENSMUSG00000070348	Cdkn1a,Ccnd1	0.1990311646679646	0.388110771102531
quadriceps	generated_supported	R-MMU-212436_GENERIC_TRANSCRIPTION_PATHWAY	https://reactome.org/PathwayBrowser/#/R-MMU-212436	90	26	4	ENSMUSG00000020108,ENSMUSG00000023067,ENSMUSG00000038332,ENSMUSG00000070348	Ddit4,Cdkn1a,Sesn1,Ccnd1	0.2133579933025447	0.3881304836788965
quadriceps	generated_supported	R-MMU-69242_S_PHASE	https://reactome.org/PathwayBrowser/#/R-MMU-69242	33	26	2	ENSMUSG00000023067,ENSMUSG00000070348	Cdkn1a,Ccnd1	0.2189454010496339	0.3881304836788965
quadriceps	generated_supported	R-MMU-9006925_INTRACELLULAR_SIGNALING_BY_SECOND_MESSENGERS	https://reactome.org/PathwayBrowser/#/R-MMU-9006925	36	26	2	ENSMUSG00000021948,ENSMUSG00000023067	Prkcd,Cdkn1a	0.2491652164510701	0.4041606708778488
quadriceps	generated_supported	R-MMU-73857_RNA_POLYMERASE_II_TRANSCRIPTION	https://reactome.org/PathwayBrowser/#/R-MMU-73857	97	26	4	ENSMUSG00000020108,ENSMUSG00000023067,ENSMUSG00000038332,ENSMUSG00000070348	Ddit4,Cdkn1a,Sesn1,Ccnd1	0.2550606004888298	0.4041606708778488
quadriceps	generated_supported	R-MMU-1280215_CYTOKINE_SIGNALING_IN_IMMUNE_SYSTEM	https://reactome.org/PathwayBrowser/#/R-MMU-1280215	67	26	3	ENSMUSG00000021025,ENSMUSG00000021948,ENSMUSG00000025889	Nfkbia,Prkcd,Snca	0.2630543201136723	0.4041606708778488
quadriceps	generated_supported	R-MMU-76002_PLATELET_ACTIVATION_SIGNALING_AND_AGGREGATION	https://reactome.org/PathwayBrowser/#/R-MMU-76002	38	26	2	ENSMUSG00000021108,ENSMUSG00000021948	Prkch,Prkcd	0.2694404472518992	0.4041606708778488
quadriceps	generated_supported	R-MMU-388396_GPCR_DOWNSTREAM_SIGNALLING	https://reactome.org/PathwayBrowser/#/R-MMU-388396	40	26	2	ENSMUSG00000021108,ENSMUSG00000021948	Prkch,Prkcd	0.2897441687506928	0.4177020350985092
quadriceps	generated_supported	R-MMU-372790_SIGNALING_BY_GPCR	https://reactome.org/PathwayBrowser/#/R-MMU-372790	41	26	2	ENSMUSG00000021108,ENSMUSG00000021948	Prkch,Prkcd	0.299888640583545	0.4177020350985092
quadriceps	generated_supported	R-MMU-8953854_METABOLISM_OF_RNA	https://reactome.org/PathwayBrowser/#/R-MMU-8953854	49	26	2	ENSMUSG00000021948,ENSMUSG00000044786	Prkcd,Zfp36	0.3800561718794227	0.4997463017224586
quadriceps	generated_supported	R-MMU-8953897_CELLULAR_RESPONSES_TO_STIMULI	https://reactome.org/PathwayBrowser/#/R-MMU-8953897	83	26	3	ENSMUSG00000021025,ENSMUSG00000023067,ENSMUSG00000038332	Nfkbia,Cdkn1a,Sesn1	0.3844202320941989	0.4997463017224586
quadriceps	generated_supported	R-MMU-109582_HEMOSTASIS	https://reactome.org/PathwayBrowser/#/R-MMU-109582	56	26	2	ENSMUSG00000021108,ENSMUSG00000021948	Prkch,Prkcd	0.4474061242493727	0.5628657692169527
quadriceps	generated_supported	R-MMU-162582_SIGNAL_TRANSDUCTION	https://reactome.org/PathwayBrowser/#/R-MMU-162582	212	26	6	ENSMUSG00000021025,ENSMUSG00000021108,ENSMUSG00000021948,ENSMUSG00000023067,ENSMUSG00000070348,ENSMUSG00000076431	Nfkbia,Prkch,Prkcd,Cdkn1a,Ccnd1,Sox4	0.5129531621831424	0.6251616664107047
quadriceps	generated_supported	R-MMU-2262752_CELLULAR_RESPONSES_TO_STRESS	https://reactome.org/PathwayBrowser/#/R-MMU-2262752	72	26	2	ENSMUSG00000023067,ENSMUSG00000038332	Cdkn1a,Sesn1	0.5857805030407711	0.692286049048184
quadriceps	generated_supported	R-MMU-69278_CELL_CYCLE_MITOTIC	https://reactome.org/PathwayBrowser/#/R-MMU-69278	76	26	2	ENSMUSG00000023067,ENSMUSG00000070348	Cdkn1a,Ccnd1	0.6164359445525369	0.6951384015983859
quadriceps	generated_supported	R-MMU-1280218_ADAPTIVE_IMMUNE_SYSTEM	https://reactome.org/PathwayBrowser/#/R-MMU-1280218	77	26	2	ENSMUSG00000021025,ENSMUSG00000070348	Nfkbia,Ccnd1	0.6238421552806027	0.6951384015983859
quadriceps	generated_supported	R-MMU-1640170_CELL_CYCLE	https://reactome.org/PathwayBrowser/#/R-MMU-1640170	89	26	2	ENSMUSG00000023067,ENSMUSG00000070348	Cdkn1a,Ccnd1	0.7047059954696553	0.7634314950921266
quadriceps	generated_supported	R-MMU-168256_IMMUNE_SYSTEM	https://reactome.org/PathwayBrowser/#/R-MMU-168256	186	26	4	ENSMUSG00000021025,ENSMUSG00000021948,ENSMUSG00000025889,ENSMUSG00000070348	Nfkbia,Prkcd,Snca,Ccnd1	0.7630787653967838	0.8043262662290424
quadriceps	generated_supported	R-MMU-168249_INNATE_IMMUNE_SYSTEM	https://reactome.org/PathwayBrowser/#/R-MMU-168249	110	26	2	ENSMUSG00000021025,ENSMUSG00000021948	Nfkbia,Prkcd	0.8127821177190335	0.8341711208169028
quadriceps	generated_supported	R-MMU-1430728_METABOLISM	https://reactome.org/PathwayBrowser/#/R-MMU-1430728	150	26	2	ENSMUSG00000004035,ENSMUSG00000038286	Gstm7,Bphl	0.9285273242213948	0.9285273242213948
quadriceps	exploratory_union	R-MMU-3700989_TRANSCRIPTIONAL_REGULATION_BY_TP53	https://reactome.org/PathwayBrowser/#/R-MMU-3700989	53	51	9	ENSMUSG00000012483,ENSMUSG00000017146,ENSMUSG00000020108,ENSMUSG00000021285,ENSMUSG00000023067,ENSMUSG00000025358,ENSMUSG00000027715,ENSMUSG00000028944,ENSMUSG00000038332	Rpa3,Brca1,Ddit4,Ppp1r13b,Cdkn1a,Cdk2,Ccna2,Prkag2,Sesn1	0.0010889376688394	0.0555118985967204
quadriceps	exploratory_union	R-MMU-187577_SCF_SKP2_MEDIATED_DEGRADATION_OF_P27_P21	https://reactome.org/PathwayBrowser/#/R-MMU-187577	10	51	4	ENSMUSG00000023067,ENSMUSG00000025358,ENSMUSG00000027715,ENSMUSG00000070348	Cdkn1a,Cdk2,Ccna2,Ccnd1	0.0011113417523552	0.0555118985967204
quadriceps	exploratory_union	R-MMU-6804116_TP53_REGULATES_TRANSCRIPTION_OF_GENES_INVOLVED_IN_G1_CELL_CYCLE_ARREST	https://reactome.org/PathwayBrowser/#/R-MMU-6804116	6	51	3	ENSMUSG00000023067,ENSMUSG00000025358,ENSMUSG00000027715	Cdkn1a,Cdk2,Ccna2	0.0024226672622693	0.0555118985967204
quadriceps	exploratory_union	R-MMU-5693567_HDR_THROUGH_HOMOLOGOUS_RECOMBINATION_HRR_OR_SINGLE_STRAND_ANNEALING_SSA	https://reactome.org/PathwayBrowser/#/R-MMU-5693567	20	51	5	ENSMUSG00000007646,ENSMUSG00000012483,ENSMUSG00000017146,ENSMUSG00000025358,ENSMUSG00000027715	Rad51c,Rpa3,Brca1,Cdk2,Ccna2	0.0027537315074747	0.0555118985967204
quadriceps	exploratory_union	R-MMU-5633007_REGULATION_OF_TP53_ACTIVITY	https://reactome.org/PathwayBrowser/#/R-MMU-5633007	29	51	6	ENSMUSG00000012483,ENSMUSG00000017146,ENSMUSG00000021285,ENSMUSG00000025358,ENSMUSG00000027715,ENSMUSG00000028944	Rpa3,Brca1,Ppp1r13b,Cdk2,Ccna2,Prkag2	0.0028766499040607	0.0555118985967204
quadriceps	exploratory_union	R-MMU-5693538_HOMOLOGY_DIRECTED_REPAIR	https://reactome.org/PathwayBrowser/#/R-MMU-5693538	22	51	5	ENSMUSG00000007646,ENSMUSG00000012483,ENSMUSG00000017146,ENSMUSG00000025358,ENSMUSG00000027715	Rad51c,Rpa3,Brca1,Cdk2,Ccna2	0.0043167693845027	0.0555118985967204
quadriceps	exploratory_union	R-MMU-6804756_REGULATION_OF_TP53_ACTIVITY_THROUGH_PHOSPHORYLATION	https://reactome.org/PathwayBrowser/#/R-MMU-6804756	22	51	5	ENSMUSG00000012483,ENSMUSG00000017146,ENSMUSG00000025358,ENSMUSG00000027715,ENSMUSG00000028944	Rpa3,Brca1,Cdk2,Ccna2,Prkag2	0.0043167693845027	0.0555118985967204
quadriceps	exploratory_union	R-MMU-5693607_PROCESSING_OF_DNA_DOUBLE_STRAND_BREAK_ENDS	https://reactome.org/PathwayBrowser/#/R-MMU-5693607	14	51	4	ENSMUSG00000012483,ENSMUSG00000017146,ENSMUSG00000025358,ENSMUSG00000027715	Rpa3,Brca1,Cdk2,Ccna2	0.0045274788235887	0.0555118985967204
quadriceps	exploratory_union	R-MMU-74160_GENE_EXPRESSION_TRANSCRIPTION	https://reactome.org/PathwayBrowser/#/R-MMU-74160	104	51	12	ENSMUSG00000002625,ENSMUSG00000003437,ENSMUSG00000012483,ENSMUSG00000017146,ENSMUSG00000020108,ENSMUSG00000021285,ENSMUSG00000023067,ENSMUSG00000025358,ENSMUSG00000027715,ENSMUSG00000028944,ENSMUSG00000038332,ENSMUSG00000070348	Akap8l,Paf1,Rpa3,Brca1,Ddit4,Ppp1r13b,Cdkn1a,Cdk2,Ccna2,Prkag2,Sesn1,Ccnd1	0.0051549703432293	0.0555118985967204
quadriceps	exploratory_union	R-MMU-5693532_DNA_DOUBLE_STRAND_BREAK_REPAIR	https://reactome.org/PathwayBrowser/#/R-MMU-5693532	24	51	5	ENSMUSG00000007646,ENSMUSG00000012483,ENSMUSG00000017146,ENSMUSG00000025358,ENSMUSG00000027715	Rad51c,Rpa3,Brca1,Cdk2,Ccna2	0.0064309390926223	0.0555118985967204
quadriceps	exploratory_union	R-MMU-69206_G1_S_TRANSITION	https://reactome.org/PathwayBrowser/#/R-MMU-69206	24	51	5	ENSMUSG00000012483,ENSMUSG00000023067,ENSMUSG00000025358,ENSMUSG00000027715,ENSMUSG00000070348	Rpa3,Cdkn1a,Cdk2,Ccna2,Ccnd1	0.0064309390926223	0.0555118985967204
quadriceps	exploratory_union	R-MMU-69202_CYCLIN_E_ASSOCIATED_EVENTS_DURING_G1_S_TRANSITION	https://reactome.org/PathwayBrowser/#/R-MMU-69202	16	51	4	ENSMUSG00000023067,ENSMUSG00000025358,ENSMUSG00000027715,ENSMUSG00000070348	Cdkn1a,Cdk2,Ccna2,Ccnd1	0.0076119575094353	0.0555118985967204
quadriceps	exploratory_union	R-MMU-5693579_HOMOLOGOUS_DNA_PAIRING_AND_STRAND_EXCHANGE	https://reactome.org/PathwayBrowser/#/R-MMU-5693579	3	51	2	ENSMUSG00000007646,ENSMUSG00000017146	Rad51c,Brca1	0.007800871196397	0.0555118985967204
quadriceps	exploratory_union	R-MMU-5693616_PRESYNAPTIC_PHASE_OF_HOMOLOGOUS_DNA_PAIRING_AND_STRAND_EXCHANGE	https://reactome.org/PathwayBrowser/#/R-MMU-5693616	3	51	2	ENSMUSG00000007646,ENSMUSG00000017146	Rad51c,Brca1	0.007800871196397	0.0555118985967204
quadriceps	exploratory_union	R-MMU-68911_G2_PHASE	https://reactome.org/PathwayBrowser/#/R-MMU-68911	3	51	2	ENSMUSG00000025358,ENSMUSG00000027715	Cdk2,Ccna2	0.007800871196397	0.0555118985967204
quadriceps	exploratory_union	R-MMU-73857_RNA_POLYMERASE_II_TRANSCRIPTION	https://reactome.org/PathwayBrowser/#/R-MMU-73857	97	51	11	ENSMUSG00000003437,ENSMUSG00000012483,ENSMUSG00000017146,ENSMUSG00000020108,ENSMUSG00000021285,ENSMUSG00000023067,ENSMUSG00000025358,ENSMUSG00000027715,ENSMUSG00000028944,ENSMUSG00000038332,ENSMUSG00000070348	Paf1,Rpa3,Brca1,Ddit4,Ppp1r13b,Cdkn1a,Cdk2,Ccna2,Prkag2,Sesn1,Ccnd1	0.0086638116368664	0.0555118985967204
quadriceps	exploratory_union	R-MMU-2559582_SENESCENCE_ASSOCIATED_SECRETORY_PHENOTYPE_SASP	https://reactome.org/PathwayBrowser/#/R-MMU-2559582	9	51	3	ENSMUSG00000023067,ENSMUSG00000025358,ENSMUSG00000027715	Cdkn1a,Cdk2,Ccna2	0.0090924661494628	0.0555118985967204
quadriceps	exploratory_union	R-MMU-69563_P53_DEPENDENT_G1_DNA_DAMAGE_RESPONSE	https://reactome.org/PathwayBrowser/#/R-MMU-69563	9	51	3	ENSMUSG00000023067,ENSMUSG00000025358,ENSMUSG00000027715	Cdkn1a,Cdk2,Ccna2	0.0090924661494628	0.0555118985967204
quadriceps	exploratory_union	R-MMU-69580_P53_DEPENDENT_G1_S_DNA_DAMAGE_CHECKPOINT	https://reactome.org/PathwayBrowser/#/R-MMU-69580	9	51	3	ENSMUSG00000023067,ENSMUSG00000025358,ENSMUSG00000027715	Cdkn1a,Cdk2,Ccna2	0.0090924661494628	0.0555118985967204
quadriceps	exploratory_union	R-MMU-69656_CYCLIN_A_CDK2_ASSOCIATED_EVENTS_AT_S_PHASE_ENTRY	https://reactome.org/PathwayBrowser/#/R-MMU-69656	17	51	4	ENSMUSG00000023067,ENSMUSG00000025358,ENSMUSG00000027715,ENSMUSG00000070348	Cdkn1a,Cdk2,Ccna2,Ccnd1	0.0095726238108914	0.0555212181031706
quadriceps	exploratory_union	R-MMU-5628897_TP53_REGULATES_METABOLIC_GENES	https://reactome.org/PathwayBrowser/#/R-MMU-5628897	10	51	3	ENSMUSG00000020108,ENSMUSG00000028944,ENSMUSG00000038332	Ddit4,Prkag2,Sesn1	0.0125129480339375	0.0647850778890118
quadriceps	exploratory_union	R-MMU-212436_GENERIC_TRANSCRIPTION_PATHWAY	https://reactome.org/PathwayBrowser/#/R-MMU-212436	90	51	10	ENSMUSG00000012483,ENSMUSG00000017146,ENSMUSG00000020108,ENSMUSG00000021285,ENSMUSG00000023067,ENSMUSG00000025358,ENSMUSG00000027715,ENSMUSG00000028944,ENSMUSG00000038332,ENSMUSG00000070348	Rpa3,Brca1,Ddit4,Ppp1r13b,Cdkn1a,Cdk2,Ccna2,Prkag2,Sesn1,Ccnd1	0.0143954286219087	0.0647850778890118
quadriceps	exploratory_union	R-MMU-114508_EFFECTS_OF_PIP2_HYDROLYSIS	https://reactome.org/PathwayBrowser/#/R-MMU-114508	4	51	2	ENSMUSG00000021108,ENSMUSG00000021948	Prkch,Prkcd	0.0150792853707182	0.0647850778890118
quadriceps	exploratory_union	R-MMU-3371568_ATTENUATION_PHASE	https://reactome.org/PathwayBrowser/#/R-MMU-3371568	4	51	2	ENSMUSG00000005483,ENSMUSG00000090877	Dnajb1,Hspa1b	0.0150792853707182	0.0647850778890118
quadriceps	exploratory_union	R-MMU-3371571_HSF1_DEPENDENT_TRANSACTIVATION	https://reactome.org/PathwayBrowser/#/R-MMU-3371571	4	51	2	ENSMUSG00000005483,ENSMUSG00000090877	Dnajb1,Hspa1b	0.0150792853707182	0.0647850778890118
quadriceps	exploratory_union	R-MMU-8849470_PTK6_REGULATES_CELL_CYCLE	https://reactome.org/PathwayBrowser/#/R-MMU-8849470	4	51	2	ENSMUSG00000025358,ENSMUSG00000070348	Cdk2,Ccnd1	0.0150792853707182	0.0647850778890118
quadriceps	exploratory_union	R-MMU-9616222_TRANSCRIPTIONAL_REGULATION_OF_GRANULOPOIESIS	https://reactome.org/PathwayBrowser/#/R-MMU-9616222	4	51	2	ENSMUSG00000023067,ENSMUSG00000025358	Cdkn1a,Cdk2	0.0150792853707182	0.0647850778890118
quadriceps	exploratory_union	R-MMU-450531_REGULATION_OF_MRNA_STABILITY_BY_PROTEINS_THAT_BIND_AU_RICH_ELEMENTS	https://reactome.org/PathwayBrowser/#/R-MMU-450531	11	51	3	ENSMUSG00000021948,ENSMUSG00000044786,ENSMUSG00000090877	Prkcd,Zfp36,Hspa1b	0.0165756573261818	0.0663026293047272
quadriceps	exploratory_union	R-MMU-5685942_HDR_THROUGH_HOMOLOGOUS_RECOMBINATION_HRR	https://reactome.org/PathwayBrowser/#/R-MMU-5685942	11	51	3	ENSMUSG00000007646,ENSMUSG00000012483,ENSMUSG00000017146	Rad51c,Rpa3,Brca1	0.0165756573261818	0.0663026293047272
quadriceps	exploratory_union	R-MMU-453279_MITOTIC_G1_PHASE_AND_G1_S_TRANSITION	https://reactome.org/PathwayBrowser/#/R-MMU-453279	31	51	5	ENSMUSG00000012483,ENSMUSG00000023067,ENSMUSG00000025358,ENSMUSG00000027715,ENSMUSG00000070348	Rpa3,Cdkn1a,Cdk2,Ccna2,Ccnd1	0.0194362197633043	0.0751533830847767
quadriceps	exploratory_union	R-MMU-2559586_DNA_DAMAGE_TELOMERE_STRESS_INDUCED_SENESCENCE	https://reactome.org/PathwayBrowser/#/R-MMU-2559586	12	51	3	ENSMUSG00000023067,ENSMUSG00000025358,ENSMUSG00000027715	Cdkn1a,Cdk2,Ccna2	0.021293687674219	0.079679605490626
quadriceps	exploratory_union	R-MMU-1538133_G0_AND_EARLY_G1	https://reactome.org/PathwayBrowser/#/R-MMU-1538133	5	51	2	ENSMUSG00000025358,ENSMUSG00000027715	Cdk2,Ccna2	0.0242936076450135	0.0853957117218658
quadriceps	exploratory_union	R-MMU-3214842_HDMS_DEMETHYLATE_HISTONES	https://reactome.org/PathwayBrowser/#/R-MMU-3214842	5	51	2	ENSMUSG00000019947,ENSMUSG00000053470	Arid5b,Kdm3a	0.0242936076450135	0.0853957117218658
quadriceps	exploratory_union	R-MMU-69242_S_PHASE	https://reactome.org/PathwayBrowser/#/R-MMU-69242	33	51	5	ENSMUSG00000012483,ENSMUSG00000023067,ENSMUSG00000025358,ENSMUSG00000027715,ENSMUSG00000070348	Rpa3,Cdkn1a,Cdk2,Ccna2,Ccnd1	0.0250702715186144	0.0855338675340964
quadriceps	exploratory_union	R-MMU-69481_G2_M_CHECKPOINTS	https://reactome.org/PathwayBrowser/#/R-MMU-69481	24	51	4	ENSMUSG00000012483,ENSMUSG00000017146,ENSMUSG00000025358,ENSMUSG00000027715	Rpa3,Brca1,Cdk2,Ccna2	0.0325523809351064	0.0996725129029449
quadriceps	exploratory_union	R-MMU-180786_EXTENSION_OF_TELOMERES	https://reactome.org/PathwayBrowser/#/R-MMU-180786	14	51	3	ENSMUSG00000012483,ENSMUSG00000025358,ENSMUSG00000027715	Rpa3,Cdk2,Ccna2	0.0327124722464266	0.0996725129029449
quadriceps	exploratory_union	R-MMU-6791312_TP53_REGULATES_TRANSCRIPTION_OF_CELL_CYCLE_GENES	https://reactome.org/PathwayBrowser/#/R-MMU-6791312	14	51	3	ENSMUSG00000023067,ENSMUSG00000025358,ENSMUSG00000027715	Cdkn1a,Cdk2,Ccna2	0.0327124722464266	0.0996725129029449
quadriceps	exploratory_union	R-MMU-69615_G1_S_DNA_DAMAGE_CHECKPOINTS	https://reactome.org/PathwayBrowser/#/R-MMU-69615	14	51	3	ENSMUSG00000023067,ENSMUSG00000025358,ENSMUSG00000027715	Cdkn1a,Cdk2,Ccna2	0.0327124722464266	0.0996725129029449
quadriceps	exploratory_union	R-MMU-171319_TELOMERE_EXTENSION_BY_TELOMERASE	https://reactome.org/PathwayBrowser/#/R-MMU-171319	6	51	2	ENSMUSG00000025358,ENSMUSG00000027715	Cdk2,Ccna2	0.0352290778363857	0.0996725129029449
quadriceps	exploratory_union	R-MMU-3371497_HSP90_CHAPERONE_CYCLE_FOR_STEROID_HORMONE_RECEPTORS_SHR_IN_THE_PRESENCE_OF_LIGAND	https://reactome.org/PathwayBrowser/#/R-MMU-3371497	6	51	2	ENSMUSG00000005483,ENSMUSG00000090877	Dnajb1,Hspa1b	0.0352290778363857	0.0996725129029449
quadriceps	exploratory_union	R-MMU-69017_CDK_MEDIATED_PHOSPHORYLATION_AND_REMOVAL_OF_CDC6	https://reactome.org/PathwayBrowser/#/R-MMU-69017	6	51	2	ENSMUSG00000025358,ENSMUSG00000027715	Cdk2,Ccna2	0.0352290778363857	0.0996725129029449
quadriceps	exploratory_union	R-MMU-157579_TELOMERE_MAINTENANCE	https://reactome.org/PathwayBrowser/#/R-MMU-157579	16	51	3	ENSMUSG00000012483,ENSMUSG00000025358,ENSMUSG00000027715	Rpa3,Cdk2,Ccna2	0.046743589109331	0.1202551322590127
quadriceps	exploratory_union	R-MMU-3371453_REGULATION_OF_HSF1_MEDIATED_HEAT_SHOCK_RESPONSE	https://reactome.org/PathwayBrowser/#/R-MMU-3371453	16	51	3	ENSMUSG00000005483,ENSMUSG00000012483,ENSMUSG00000090877	Dnajb1,Rpa3,Hspa1b	0.046743589109331	0.1202551322590127
quadriceps	exploratory_union	R-MMU-1250196_SHC1_EVENTS_IN_ERBB2_SIGNALING	https://reactome.org/PathwayBrowser/#/R-MMU-1250196	7	51	2	ENSMUSG00000018166,ENSMUSG00000021948	Erbb3,Prkcd	0.0476873800337464	0.1202551322590127
quadriceps	exploratory_union	R-MMU-68949_ORC1_REMOVAL_FROM_CHROMATIN	https://reactome.org/PathwayBrowser/#/R-MMU-68949	7	51	2	ENSMUSG00000025358,ENSMUSG00000027715	Cdk2,Ccna2	0.0476873800337464	0.1202551322590127
quadriceps	exploratory_union	R-MMU-9909615_REGULATION_OF_PD_L1_CD274_POST_TRANSLATIONAL_MODIFICATION	https://reactome.org/PathwayBrowser/#/R-MMU-9909615	7	51	2	ENSMUSG00000028944,ENSMUSG00000070348	Prkag2,Ccnd1	0.0476873800337464	0.1202551322590127
quadriceps	exploratory_union	R-MMU-69473_G2_M_DNA_DAMAGE_CHECKPOINT	https://reactome.org/PathwayBrowser/#/R-MMU-69473	17	51	3	ENSMUSG00000012483,ENSMUSG00000017146,ENSMUSG00000027715	Rpa3,Brca1,Ccna2	0.0547087959589966	0.1244356927694825
quadriceps	exploratory_union	R-MMU-73886_CHROMOSOME_MAINTENANCE	https://reactome.org/PathwayBrowser/#/R-MMU-73886	17	51	3	ENSMUSG00000012483,ENSMUSG00000025358,ENSMUSG00000027715	Rpa3,Cdk2,Ccna2	0.0547087959589966	0.1244356927694825
quadriceps	exploratory_union	R-MMU-8848021_SIGNALING_BY_PTK6	https://reactome.org/PathwayBrowser/#/R-MMU-8848021	17	51	3	ENSMUSG00000018166,ENSMUSG00000025358,ENSMUSG00000070348	Erbb3,Cdk2,Ccnd1	0.0547087959589966	0.1244356927694825
quadriceps	exploratory_union	R-MMU-9006927_SIGNALING_BY_NON_RECEPTOR_TYROSINE_KINASES	https://reactome.org/PathwayBrowser/#/R-MMU-9006927	17	51	3	ENSMUSG00000018166,ENSMUSG00000025358,ENSMUSG00000070348	Erbb3,Cdk2,Ccnd1	0.0547087959589966	0.1244356927694825
quadriceps	exploratory_union	R-MMU-913531_INTERFERON_SIGNALING	https://reactome.org/PathwayBrowser/#/R-MMU-913531	17	51	3	ENSMUSG00000021948,ENSMUSG00000025889,ENSMUSG00000090877	Prkcd,Snca,Hspa1b	0.0547087959589966	0.1244356927694825
quadriceps	exploratory_union	R-MMU-8953897_CELLULAR_RESPONSES_TO_STIMULI	https://reactome.org/PathwayBrowser/#/R-MMU-8953897	83	51	8	ENSMUSG00000005483,ENSMUSG00000012483,ENSMUSG00000021025,ENSMUSG00000023067,ENSMUSG00000025358,ENSMUSG00000027715,ENSMUSG00000038332,ENSMUSG00000090877	Dnajb1,Rpa3,Nfkbia,Cdkn1a,Cdk2,Ccna2,Sesn1,Hspa1b	0.0603816934015964	0.1287869725237326
quadriceps	exploratory_union	R-MMU-73894_DNA_REPAIR	https://reactome.org/PathwayBrowser/#/R-MMU-73894	42	51	5	ENSMUSG00000007646,ENSMUSG00000012483,ENSMUSG00000017146,ENSMUSG00000025358,ENSMUSG00000027715	Rad51c,Rpa3,Brca1,Cdk2,Ccna2	0.0628867558384238	0.1287869725237326
quadriceps	exploratory_union	R-MMU-3371556_CELLULAR_RESPONSE_TO_HEAT_STRESS	https://reactome.org/PathwayBrowser/#/R-MMU-3371556	18	51	3	ENSMUSG00000005483,ENSMUSG00000012483,ENSMUSG00000090877	Dnajb1,Rpa3,Hspa1b	0.06328325374011	0.1287869725237326
quadriceps	exploratory_union	R-MMU-416476_G_ALPHA_Q_SIGNALLING_EVENTS	https://reactome.org/PathwayBrowser/#/R-MMU-416476	18	51	3	ENSMUSG00000021108,ENSMUSG00000021948,ENSMUSG00000026360	Prkch,Prkcd,Rgs2	0.06328325374011	0.1287869725237326
quadriceps	exploratory_union	R-MMU-69231_CYCLIN_D_ASSOCIATED_EVENTS_IN_G1	https://reactome.org/PathwayBrowser/#/R-MMU-69231	18	51	3	ENSMUSG00000023067,ENSMUSG00000025358,ENSMUSG00000070348	Cdkn1a,Cdk2,Ccnd1	0.06328325374011	0.1287869725237326
quadriceps	exploratory_union	R-MMU-69236_G1_PHASE	https://reactome.org/PathwayBrowser/#/R-MMU-69236	18	51	3	ENSMUSG00000023067,ENSMUSG00000025358,ENSMUSG00000070348	Cdkn1a,Cdk2,Ccnd1	0.06328325374011	0.1287869725237326
quadriceps	exploratory_union	R-MMU-69620_CELL_CYCLE_CHECKPOINTS	https://reactome.org/PathwayBrowser/#/R-MMU-69620	43	51	5	ENSMUSG00000012483,ENSMUSG00000017146,ENSMUSG00000023067,ENSMUSG00000025358,ENSMUSG00000027715	Rpa3,Brca1,Cdkn1a,Cdk2,Ccna2	0.0684065559642298	0.1368131119284597
quadriceps	exploratory_union	R-MMU-69239_SYNTHESIS_OF_DNA	https://reactome.org/PathwayBrowser/#/R-MMU-69239	19	51	3	ENSMUSG00000012483,ENSMUSG00000025358,ENSMUSG00000027715	Rpa3,Cdk2,Ccna2	0.072445187446603	0.1407743180245032
quadriceps	exploratory_union	R-MMU-2262752_CELLULAR_RESPONSES_TO_STRESS	https://reactome.org/PathwayBrowser/#/R-MMU-2262752	72	51	7	ENSMUSG00000005483,ENSMUSG00000012483,ENSMUSG00000023067,ENSMUSG00000025358,ENSMUSG00000027715,ENSMUSG00000038332,ENSMUSG00000090877	Dnajb1,Rpa3,Cdkn1a,Cdk2,Ccna2,Sesn1,Hspa1b	0.0747206449883987	0.1407743180245032
quadriceps	exploratory_union	R-MMU-6804757_REGULATION_OF_TP53_DEGRADATION	https://reactome.org/PathwayBrowser/#/R-MMU-6804757	9	51	2	ENSMUSG00000025358,ENSMUSG00000027715	Cdk2,Ccna2	0.0764550175477905	0.1407743180245032
quadriceps	exploratory_union	R-MMU-6806003_REGULATION_OF_TP53_EXPRESSION_AND_DEGRADATION	https://reactome.org/PathwayBrowser/#/R-MMU-6806003	9	51	2	ENSMUSG00000025358,ENSMUSG00000027715	Cdk2,Ccna2	0.0764550175477905	0.1407743180245032
quadriceps	exploratory_union	R-MMU-68962_ACTIVATION_OF_THE_PRE_REPLICATIVE_COMPLEX	https://reactome.org/PathwayBrowser/#/R-MMU-68962	9	51	2	ENSMUSG00000012483,ENSMUSG00000025358	Rpa3,Cdk2	0.0764550175477905	0.1407743180245032
quadriceps	exploratory_union	R-MMU-69306_DNA_REPLICATION	https://reactome.org/PathwayBrowser/#/R-MMU-69306	21	51	3	ENSMUSG00000012483,ENSMUSG00000025358,ENSMUSG00000027715	Rpa3,Cdk2,Ccna2	0.0924323493672538	0.1576926772271387
quadriceps	exploratory_union	R-MMU-176408_REGULATION_OF_APC_C_ACTIVATORS_BETWEEN_G1_S_AND_EARLY_ANAPHASE	https://reactome.org/PathwayBrowser/#/R-MMU-176408	10	51	2	ENSMUSG00000025358,ENSMUSG00000027715	Cdk2,Ccna2	0.0924405349262537	0.1576926772271387
quadriceps	exploratory_union	R-MMU-211859_BIOLOGICAL_OXIDATIONS	https://reactome.org/PathwayBrowser/#/R-MMU-211859	10	51	2	ENSMUSG00000004035,ENSMUSG00000038286	Gstm7,Bphl	0.0924405349262537	0.1576926772271387
quadriceps	exploratory_union	R-MMU-5685938_HDR_THROUGH_SINGLE_STRAND_ANNEALING_SSA	https://reactome.org/PathwayBrowser/#/R-MMU-5685938	10	51	2	ENSMUSG00000012483,ENSMUSG00000017146	Rpa3,Brca1	0.0924405349262537	0.1576926772271387
quadriceps	exploratory_union	R-MMU-69052_SWITCHING_OF_ORIGINS_TO_A_POST_REPLICATIVE_STATE	https://reactome.org/PathwayBrowser/#/R-MMU-69052	10	51	2	ENSMUSG00000025358,ENSMUSG00000027715	Cdk2,Ccna2	0.0924405349262537	0.1576926772271387
quadriceps	exploratory_union	R-MMU-69002_DNA_REPLICATION_PRE_INITIATION	https://reactome.org/PathwayBrowser/#/R-MMU-69002	11	51	2	ENSMUSG00000012483,ENSMUSG00000025358	Rpa3,Cdk2	0.1092993966151586	0.1785736620754704
quadriceps	exploratory_union	R-MMU-9833482_PKR_MEDIATED_SIGNALING	https://reactome.org/PathwayBrowser/#/R-MMU-9833482	11	51	2	ENSMUSG00000025889,ENSMUSG00000090877	Snca,Hspa1b	0.1092993966151586	0.1785736620754704
quadriceps	exploratory_union	R-MMU-9909648_REGULATION_OF_PD_L1_CD274_EXPRESSION	https://reactome.org/PathwayBrowser/#/R-MMU-9909648	11	51	2	ENSMUSG00000028944,ENSMUSG00000070348	Prkag2,Ccnd1	0.1092993966151586	0.1785736620754704
quadriceps	exploratory_union	R-MMU-3247509_CHROMATIN_MODIFYING_ENZYMES	https://reactome.org/PathwayBrowser/#/R-MMU-3247509	23	51	3	ENSMUSG00000019947,ENSMUSG00000053470,ENSMUSG00000070348	Arid5b,Kdm3a,Ccnd1	0.1144539850453951	0.1843980870175809
quadriceps	exploratory_union	R-MMU-453274_MITOTIC_G2_G2_M_PHASES	https://reactome.org/PathwayBrowser/#/R-MMU-453274	24	51	3	ENSMUSG00000023067,ENSMUSG00000025358,ENSMUSG00000027715	Cdkn1a,Cdk2,Ccna2	0.1261542142040077	0.1911748370751715
quadriceps	exploratory_union	R-MMU-69275_G2_M_TRANSITION	https://reactome.org/PathwayBrowser/#/R-MMU-69275	24	51	3	ENSMUSG00000023067,ENSMUSG00000025358,ENSMUSG00000027715	Cdkn1a,Cdk2,Ccna2	0.1261542142040077	0.1911748370751715
quadriceps	exploratory_union	R-MMU-176187_ACTIVATION_OF_ATR_IN_RESPONSE_TO_REPLICATION_STRESS	https://reactome.org/PathwayBrowser/#/R-MMU-176187	12	51	2	ENSMUSG00000012483,ENSMUSG00000025358	Rpa3,Cdk2	0.1269005384033465	0.1911748370751715
quadriceps	exploratory_union	R-MMU-5607764_CLEC7A_DECTIN_1_SIGNALING	https://reactome.org/PathwayBrowser/#/R-MMU-5607764	12	51	2	ENSMUSG00000021025,ENSMUSG00000021948	Nfkbia,Prkcd	0.1269005384033465	0.1911748370751715
quadriceps	exploratory_union	R-MMU-69273_CYCLIN_A_B1_B2_ASSOCIATED_EVENTS_DURING_G2_M_TRANSITION	https://reactome.org/PathwayBrowser/#/R-MMU-69273	12	51	2	ENSMUSG00000025358,ENSMUSG00000027715	Cdk2,Ccna2	0.1269005384033465	0.1911748370751715
quadriceps	exploratory_union	R-MMU-4839726_CHROMATIN_ORGANIZATION	https://reactome.org/PathwayBrowser/#/R-MMU-4839726	25	51	3	ENSMUSG00000019947,ENSMUSG00000053470,ENSMUSG00000070348	Arid5b,Kdm3a,Ccnd1	0.1382731884061918	0.2056370494245929
quadriceps	exploratory_union	R-MMU-1169410_ANTIMICROBIAL_MECHANISM_OF_IFN_STIMULATED_GENES	https://reactome.org/PathwayBrowser/#/R-MMU-1169410	13	51	2	ENSMUSG00000025889,ENSMUSG00000090877	Snca,Hspa1b	0.1451237579678321	0.2130931129654244
quadriceps	exploratory_union	R-MMU-2559583_CELLULAR_SENESCENCE	https://reactome.org/PathwayBrowser/#/R-MMU-2559583	27	51	3	ENSMUSG00000023067,ENSMUSG00000025358,ENSMUSG00000027715	Cdkn1a,Cdk2,Ccna2	0.1636424343686291	0.2262814378755838
quadriceps	exploratory_union	R-MMU-1227986_SIGNALING_BY_ERBB2	https://reactome.org/PathwayBrowser/#/R-MMU-1227986	14	51	2	ENSMUSG00000018166,ENSMUSG00000021948	Erbb3,Prkcd	0.1638589722547331	0.2262814378755838
quadriceps	exploratory_union	R-MMU-174143_APC_C_MEDIATED_DEGRADATION_OF_CELL_CYCLE_PROTEINS	https://reactome.org/PathwayBrowser/#/R-MMU-174143	14	51	2	ENSMUSG00000025358,ENSMUSG00000027715	Cdk2,Ccna2	0.1638589722547331	0.2262814378755838
quadriceps	exploratory_union	R-MMU-389948_CO_INHIBITION_BY_PD_1	https://reactome.org/PathwayBrowser/#/R-MMU-389948	14	51	2	ENSMUSG00000028944,ENSMUSG00000070348	Prkag2,Ccnd1	0.1638589722547331	0.2262814378755838
quadriceps	exploratory_union	R-MMU-453276_REGULATION_OF_MITOTIC_CELL_CYCLE	https://reactome.org/PathwayBrowser/#/R-MMU-453276	14	51	2	ENSMUSG00000025358,ENSMUSG00000027715	Cdk2,Ccna2	0.1638589722547331	0.2262814378755838
quadriceps	exploratory_union	R-MMU-1640170_CELL_CYCLE	https://reactome.org/PathwayBrowser/#/R-MMU-1640170	89	51	7	ENSMUSG00000007656,ENSMUSG00000012483,ENSMUSG00000017146,ENSMUSG00000023067,ENSMUSG00000025358,ENSMUSG00000027715,ENSMUSG00000070348	Arpp19,Rpa3,Brca1,Cdkn1a,Cdk2,Ccna2,Ccnd1	0.1757509027425719	0.2398482908016275
quadriceps	exploratory_union	R-MMU-69278_CELL_CYCLE_MITOTIC	https://reactome.org/PathwayBrowser/#/R-MMU-69278	76	51	6	ENSMUSG00000007656,ENSMUSG00000012483,ENSMUSG00000023067,ENSMUSG00000025358,ENSMUSG00000027715,ENSMUSG00000070348	Arpp19,Rpa3,Cdkn1a,Cdk2,Ccna2,Ccnd1	0.2002429198003328	0.2668942642131442
quadriceps	exploratory_union	R-MMU-1632852_MACROAUTOPHAGY	https://reactome.org/PathwayBrowser/#/R-MMU-1632852	16	51	2	ENSMUSG00000021519,ENSMUSG00000028944	Mterf3,Prkag2	0.2024715107823853	0.2668942642131442
quadriceps	exploratory_union	R-MMU-9612973_AUTOPHAGY	https://reactome.org/PathwayBrowser/#/R-MMU-9612973	16	51	2	ENSMUSG00000021519,ENSMUSG00000028944	Mterf3,Prkag2	0.2024715107823853	0.2668942642131442
quadriceps	exploratory_union	R-MMU-5621481_C_TYPE_LECTIN_RECEPTORS_CLRS	https://reactome.org/PathwayBrowser/#/R-MMU-5621481	17	51	2	ENSMUSG00000021025,ENSMUSG00000021948	Nfkbia,Prkcd	0.2221732060921705	0.2895740663673233
quadriceps	exploratory_union	R-MMU-5688426_DEUBIQUITINATION	https://reactome.org/PathwayBrowser/#/R-MMU-5688426	32	51	3	ENSMUSG00000017146,ENSMUSG00000021025,ENSMUSG00000027715	Brca1,Nfkbia,Ccna2	0.2322145389646707	0.29929873911002
quadriceps	exploratory_union	R-MMU-9006925_INTRACELLULAR_SIGNALING_BY_SECOND_MESSENGERS	https://reactome.org/PathwayBrowser/#/R-MMU-9006925	36	51	3	ENSMUSG00000018166,ENSMUSG00000021948,ENSMUSG00000023067	Erbb3,Prkcd,Cdkn1a	0.2904093730178167	0.3701921678029312
quadriceps	exploratory_union	R-MMU-388396_GPCR_DOWNSTREAM_SIGNALLING	https://reactome.org/PathwayBrowser/#/R-MMU-388396	40	51	3	ENSMUSG00000021108,ENSMUSG00000021948,ENSMUSG00000026360	Prkch,Prkcd,Rgs2	0.3497173511271302	0.4409479644646424
quadriceps	exploratory_union	R-MMU-372790_SIGNALING_BY_GPCR	https://reactome.org/PathwayBrowser/#/R-MMU-372790	41	51	3	ENSMUSG00000021108,ENSMUSG00000021948,ENSMUSG00000026360	Prkch,Prkcd,Rgs2	0.3645435530885907	0.4546994855728659
quadriceps	exploratory_union	R-MMU-388841_REGULATION_OF_T_CELL_ACTIVATION_BY_CD28_FAMILY	https://reactome.org/PathwayBrowser/#/R-MMU-388841	25	51	2	ENSMUSG00000028944,ENSMUSG00000070348	Prkag2,Ccnd1	0.3804913728819644	0.4695425452585944
quadriceps	exploratory_union	R-MMU-2990846_SUMOYLATION	https://reactome.org/PathwayBrowser/#/R-MMU-2990846	26	51	2	ENSMUSG00000017146,ENSMUSG00000021025	Brca1,Nfkbia	0.3996340112757296	0.4828910969581733
quadriceps	exploratory_union	R-MMU-3108232_SUMO_E3_LIGASES_SUMOYLATE_TARGET_PROTEINS	https://reactome.org/PathwayBrowser/#/R-MMU-3108232	26	51	2	ENSMUSG00000017146,ENSMUSG00000021025	Brca1,Nfkbia	0.3996340112757296	0.4828910969581733
quadriceps	exploratory_union	R-MMU-194138_SIGNALING_BY_VEGF	https://reactome.org/PathwayBrowser/#/R-MMU-194138	27	51	2	ENSMUSG00000004864,ENSMUSG00000021948	Mapk13,Prkcd	0.4185133374282976	0.4903792640573992
quadriceps	exploratory_union	R-MMU-4420097_VEGFA_VEGFR2_PATHWAY	https://reactome.org/PathwayBrowser/#/R-MMU-4420097	27	51	2	ENSMUSG00000004864,ENSMUSG00000021948	Mapk13,Prkcd	0.4185133374282976	0.4903792640573992
quadriceps	exploratory_union	R-MMU-5689880_UB_SPECIFIC_PROCESSING_PROTEASES	https://reactome.org/PathwayBrowser/#/R-MMU-5689880	27	51	2	ENSMUSG00000021025,ENSMUSG00000027715	Nfkbia,Ccna2	0.4185133374282976	0.4903792640573992
quadriceps	exploratory_union	R-MMU-162582_SIGNAL_TRANSDUCTION	https://reactome.org/PathwayBrowser/#/R-MMU-162582	212	51	12	ENSMUSG00000004864,ENSMUSG00000005483,ENSMUSG00000018166,ENSMUSG00000021025,ENSMUSG00000021108,ENSMUSG00000021948,ENSMUSG00000023067,ENSMUSG00000025358,ENSMUSG00000026360,ENSMUSG00000028944,ENSMUSG00000070348,ENSMUSG00000076431	Mapk13,Dnajb1,Erbb3,Nfkbia,Prkch,Prkcd,Cdkn1a,Cdk2,Rgs2,Prkag2,Ccnd1,Sox4	0.4332677183299446	0.5025905532627357
quadriceps	exploratory_union	R-MMU-1280215_CYTOKINE_SIGNALING_IN_IMMUNE_SYSTEM	https://reactome.org/PathwayBrowser/#/R-MMU-1280215	67	51	4	ENSMUSG00000021025,ENSMUSG00000021948,ENSMUSG00000025889,ENSMUSG00000090877	Nfkbia,Prkcd,Snca,Hspa1b	0.4716633653966343	0.5417123800595008
quadriceps	exploratory_union	R-MMU-8953854_METABOLISM_OF_RNA	https://reactome.org/PathwayBrowser/#/R-MMU-8953854	49	51	3	ENSMUSG00000021948,ENSMUSG00000044786,ENSMUSG00000090877	Prkcd,Zfp36,Hspa1b	0.4802187637438085	0.546131143081194
quadriceps	exploratory_union	R-MMU-1257604_PIP3_ACTIVATES_AKT_SIGNALING	https://reactome.org/PathwayBrowser/#/R-MMU-1257604	33	51	2	ENSMUSG00000018166,ENSMUSG00000023067	Erbb3,Cdkn1a	0.5250721403190315	0.5913433813301714
quadriceps	exploratory_union	R-MMU-109582_HEMOSTASIS	https://reactome.org/PathwayBrowser/#/R-MMU-109582	56	51	3	ENSMUSG00000007646,ENSMUSG00000021108,ENSMUSG00000021948	Rad51c,Prkch,Prkcd	0.5733539946243498	0.6395102247733132
quadriceps	exploratory_union	R-MMU-1280218_ADAPTIVE_IMMUNE_SYSTEM	https://reactome.org/PathwayBrowser/#/R-MMU-1280218	77	51	4	ENSMUSG00000001786,ENSMUSG00000021025,ENSMUSG00000028944,ENSMUSG00000070348	Fbxo7,Nfkbia,Prkag2,Ccnd1	0.5861738070055896	0.64427568627025
quadriceps	exploratory_union	R-MMU-5683057_MAPK_FAMILY_SIGNALING_CASCADES	https://reactome.org/PathwayBrowser/#/R-MMU-5683057	37	51	2	ENSMUSG00000005483,ENSMUSG00000018166	Dnajb1,Erbb3	0.5887346788331594	0.64427568627025
quadriceps	exploratory_union	R-MMU-76002_PLATELET_ACTIVATION_SIGNALING_AND_AGGREGATION	https://reactome.org/PathwayBrowser/#/R-MMU-76002	38	51	2	ENSMUSG00000021108,ENSMUSG00000021948	Prkch,Prkcd	0.6036632398391509	0.654438652535902
quadriceps	exploratory_union	R-MMU-597592_POST_TRANSLATIONAL_PROTEIN_MODIFICATION	https://reactome.org/PathwayBrowser/#/R-MMU-597592	131	51	6	ENSMUSG00000001786,ENSMUSG00000003437,ENSMUSG00000017146,ENSMUSG00000021025,ENSMUSG00000027715,ENSMUSG00000056091	Fbxo7,Paf1,Brca1,Nfkbia,Ccna2,St3gal5	0.7054093552620512	0.7543698603176889
quadriceps	exploratory_union	R-MMU-556833_METABOLISM_OF_LIPIDS	https://reactome.org/PathwayBrowser/#/R-MMU-556833	46	51	2	ENSMUSG00000028944,ENSMUSG00000056091	Prkag2,St3gal5	0.708847541160587	0.7543698603176889
quadriceps	exploratory_union	R-MMU-6798695_NEUTROPHIL_DEGRANULATION	https://reactome.org/PathwayBrowser/#/R-MMU-6798695	50	51	2	ENSMUSG00000021948,ENSMUSG00000090877	Prkcd,Hspa1b	0.7523233734929029	0.7876039116184504
quadriceps	exploratory_union	R-MMU-9006934_SIGNALING_BY_RECEPTOR_TYROSINE_KINASES	https://reactome.org/PathwayBrowser/#/R-MMU-9006934	73	51	3	ENSMUSG00000004864,ENSMUSG00000018166,ENSMUSG00000021948	Mapk13,Erbb3,Prkcd	0.7536554671521379	0.7876039116184504
quadriceps	exploratory_union	R-MMU-1266738_DEVELOPMENTAL_BIOLOGY	https://reactome.org/PathwayBrowser/#/R-MMU-1266738	54	51	2	ENSMUSG00000023067,ENSMUSG00000025358	Cdkn1a,Cdk2	0.7902337813364304	0.8114280553425405
quadriceps	exploratory_union	R-MMU-168256_IMMUNE_SYSTEM	https://reactome.org/PathwayBrowser/#/R-MMU-168256	186	51	8	ENSMUSG00000001786,ENSMUSG00000004864,ENSMUSG00000021025,ENSMUSG00000021948,ENSMUSG00000025889,ENSMUSG00000028944,ENSMUSG00000070348,ENSMUSG00000090877	Fbxo7,Mapk13,Nfkbia,Prkcd,Snca,Prkag2,Ccnd1,Hspa1b	0.7904428470147162	0.8114280553425405
quadriceps	exploratory_union	R-MMU-1430728_METABOLISM	https://reactome.org/PathwayBrowser/#/R-MMU-1430728	150	51	6	ENSMUSG00000004035,ENSMUSG00000026102,ENSMUSG00000028944,ENSMUSG00000030630,ENSMUSG00000038286,ENSMUSG00000056091	Gstm7,Inpp1,Prkag2,Fah,Bphl,St3gal5	0.8249317949408064	0.8394042825713469
quadriceps	exploratory_union	R-MMU-168249_INNATE_IMMUNE_SYSTEM	https://reactome.org/PathwayBrowser/#/R-MMU-168249	110	51	4	ENSMUSG00000004864,ENSMUSG00000021025,ENSMUSG00000021948,ENSMUSG00000090877	Mapk13,Nfkbia,Prkcd,Hspa1b	0.8494502578116243	0.8568367817925949
quadriceps	exploratory_union	R-MMU-392499_METABOLISM_OF_PROTEINS	https://reactome.org/PathwayBrowser/#/R-MMU-392499	161	51	6	ENSMUSG00000001786,ENSMUSG00000003437,ENSMUSG00000017146,ENSMUSG00000021025,ENSMUSG00000027715,ENSMUSG00000056091	Fbxo7,Paf1,Brca1,Nfkbia,Ccna2,St3gal5	0.8750042709605869	0.8750042709605869
soleus	core_intersection	R-MMU-9837999_MITOCHONDRIAL_PROTEIN_DEGRADATION	https://reactome.org/PathwayBrowser/#/R-MMU-9837999	16	10	4	ENSMUSG00000022186,ENSMUSG00000027984,ENSMUSG00000046598,ENSMUSG00000053898	Oxct1,Hadh,Bdh1,Ech1	9.660475490257667e-06	5.796285294154602e-05
soleus	core_intersection	R-MMU-77289_MITOCHONDRIAL_FATTY_ACID_BETA_OXIDATION	https://reactome.org/PathwayBrowser/#/R-MMU-77289	4	10	2	ENSMUSG00000027984,ENSMUSG00000028223	Hadh,Decr1	0.0005635633292044	0.0014889391841795
soleus	core_intersection	R-MMU-556833_METABOLISM_OF_LIPIDS	https://reactome.org/PathwayBrowser/#/R-MMU-556833	46	10	4	ENSMUSG00000022186,ENSMUSG00000027984,ENSMUSG00000028223,ENSMUSG00000046598	Oxct1,Hadh,Decr1,Bdh1	0.0007444695920897	0.0014889391841795
soleus	core_intersection	R-MMU-8978868_FATTY_ACID_METABOLISM	https://reactome.org/PathwayBrowser/#/R-MMU-8978868	16	10	2	ENSMUSG00000027984,ENSMUSG00000028223	Hadh,Decr1	0.010550739240087	0.0158261088601305
soleus	core_intersection	R-MMU-392499_METABOLISM_OF_PROTEINS	https://reactome.org/PathwayBrowser/#/R-MMU-392499	161	10	5	ENSMUSG00000021282,ENSMUSG00000022186,ENSMUSG00000027984,ENSMUSG00000046598,ENSMUSG00000053898	Eif5,Oxct1,Hadh,Bdh1,Ech1	0.014443258129864	0.0173319097558368
soleus	core_intersection	R-MMU-1430728_METABOLISM	https://reactome.org/PathwayBrowser/#/R-MMU-1430728	150	10	4	ENSMUSG00000022186,ENSMUSG00000027984,ENSMUSG00000028223,ENSMUSG00000046598	Oxct1,Hadh,Decr1,Bdh1	0.0534262758566369	0.0534262758566369
soleus	generated_supported	R-MMU-9837999_MITOCHONDRIAL_PROTEIN_DEGRADATION	https://reactome.org/PathwayBrowser/#/R-MMU-9837999	16	12	4	ENSMUSG00000022186,ENSMUSG00000027984,ENSMUSG00000046598,ENSMUSG00000053898	Oxct1,Hadh,Bdh1,Ech1	2.2321353664089973e-05	0.0001562494756486
soleus	generated_supported	R-MMU-77289_MITOCHONDRIAL_FATTY_ACID_BETA_OXIDATION	https://reactome.org/PathwayBrowser/#/R-MMU-77289	4	12	2	ENSMUSG00000027984,ENSMUSG00000028223	Hadh,Decr1	0.0008242818567722	0.0028849864987028
soleus	generated_supported	R-MMU-556833_METABOLISM_OF_LIPIDS	https://reactome.org/PathwayBrowser/#/R-MMU-556833	46	12	4	ENSMUSG00000022186,ENSMUSG00000027984,ENSMUSG00000028223,ENSMUSG00000046598	Oxct1,Hadh,Decr1,Bdh1	0.0016358815955593	0.003817057056305
soleus	generated_supported	R-MMU-8978868_FATTY_ACID_METABOLISM	https://reactome.org/PathwayBrowser/#/R-MMU-8978868	16	12	2	ENSMUSG00000027984,ENSMUSG00000028223	Hadh,Decr1	0.0151798293608586	0.0265647013815026
soleus	generated_supported	R-MMU-392499_METABOLISM_OF_PROTEINS	https://reactome.org/PathwayBrowser/#/R-MMU-392499	161	12	5	ENSMUSG00000021282,ENSMUSG00000022186,ENSMUSG00000027984,ENSMUSG00000046598,ENSMUSG00000053898	Eif5,Oxct1,Hadh,Bdh1,Ech1	0.0342583609590972	0.0479617053427361
soleus	generated_supported	R-MMU-1430728_METABOLISM	https://reactome.org/PathwayBrowser/#/R-MMU-1430728	150	12	4	ENSMUSG00000022186,ENSMUSG00000027984,ENSMUSG00000028223,ENSMUSG00000046598	Oxct1,Hadh,Decr1,Bdh1	0.0983691536385705	0.1147640125783322
soleus	generated_supported	R-MMU-162582_SIGNAL_TRANSDUCTION	https://reactome.org/PathwayBrowser/#/R-MMU-162582	212	12	2	ENSMUSG00000028771,ENSMUSG00000036707	Ptpn12,Cab39	0.7736888170840546	0.7736888170840546
soleus	exploratory_union	R-MMU-9837999_MITOCHONDRIAL_PROTEIN_DEGRADATION	https://reactome.org/PathwayBrowser/#/R-MMU-9837999	16	22	4	ENSMUSG00000022186,ENSMUSG00000027984,ENSMUSG00000046598,ENSMUSG00000053898	Oxct1,Hadh,Bdh1,Ech1	0.000298468529201	0.0104463985220354
soleus	exploratory_union	R-MMU-69052_SWITCHING_OF_ORIGINS_TO_A_POST_REPLICATIVE_STATE	https://reactome.org/PathwayBrowser/#/R-MMU-69052	10	22	3	ENSMUSG00000006715,ENSMUSG00000027793,ENSMUSG00000028587	Gmnn,Ccna1,Orc1	0.0010854119761819	0.0189947095831845
soleus	exploratory_union	R-MMU-556833_METABOLISM_OF_LIPIDS	https://reactome.org/PathwayBrowser/#/R-MMU-556833	46	22	5	ENSMUSG00000022186,ENSMUSG00000027984,ENSMUSG00000028223,ENSMUSG00000028603,ENSMUSG00000046598	Oxct1,Hadh,Decr1,Scp2,Bdh1	0.0027150958931729	0.024896487193532
soleus	exploratory_union	R-MMU-77289_MITOCHONDRIAL_FATTY_ACID_BETA_OXIDATION	https://reactome.org/PathwayBrowser/#/R-MMU-77289	4	22	2	ENSMUSG00000027984,ENSMUSG00000028223	Hadh,Decr1	0.0028453128221179	0.024896487193532
soleus	exploratory_union	R-MMU-8978868_FATTY_ACID_METABOLISM	https://reactome.org/PathwayBrowser/#/R-MMU-8978868	16	22	3	ENSMUSG00000027984,ENSMUSG00000028223,ENSMUSG00000028603	Hadh,Decr1,Scp2	0.0046360726615376	0.0272840428507877
soleus	exploratory_union	R-MMU-68867_ASSEMBLY_OF_THE_PRE_REPLICATIVE_COMPLEX	https://reactome.org/PathwayBrowser/#/R-MMU-68867	5	22	2	ENSMUSG00000006715,ENSMUSG00000028587	Gmnn,Orc1	0.0046772644887064	0.0272840428507877
soleus	exploratory_union	R-MMU-9033241_PEROXISOMAL_PROTEIN_IMPORT	https://reactome.org/PathwayBrowser/#/R-MMU-9033241	6	22	2	ENSMUSG00000028603,ENSMUSG00000053898	Scp2,Ech1	0.0069199400970559	0.0325454330458666
soleus	exploratory_union	R-MMU-69239_SYNTHESIS_OF_DNA	https://reactome.org/PathwayBrowser/#/R-MMU-69239	19	22	3	ENSMUSG00000006715,ENSMUSG00000027793,ENSMUSG00000028587	Gmnn,Ccna1,Orc1	0.0076750528779106	0.0325454330458666
soleus	exploratory_union	R-MMU-445355_SMOOTH_MUSCLE_CONTRACTION	https://reactome.org/PathwayBrowser/#/R-MMU-445355	7	22	2	ENSMUSG00000030774,ENSMUSG00000032366	Pak1,Tpm1	0.0095555472995955	0.0325454330458666
soleus	exploratory_union	R-MMU-68949_ORC1_REMOVAL_FROM_CHROMATIN	https://reactome.org/PathwayBrowser/#/R-MMU-68949	7	22	2	ENSMUSG00000027793,ENSMUSG00000028587	Ccna1,Orc1	0.0095555472995955	0.0325454330458666
soleus	exploratory_union	R-MMU-69306_DNA_REPLICATION	https://reactome.org/PathwayBrowser/#/R-MMU-69306	21	22	3	ENSMUSG00000006715,ENSMUSG00000027793,ENSMUSG00000028587	Gmnn,Ccna1,Orc1	0.010228564671558	0.0325454330458666
soleus	exploratory_union	R-MMU-69206_G1_S_TRANSITION	https://reactome.org/PathwayBrowser/#/R-MMU-69206	24	22	3	ENSMUSG00000006715,ENSMUSG00000027793,ENSMUSG00000028587	Gmnn,Ccna1,Orc1	0.0148934523950735	0.0429074046016177
soleus	exploratory_union	R-MMU-68962_ACTIVATION_OF_THE_PRE_REPLICATIVE_COMPLEX	https://reactome.org/PathwayBrowser/#/R-MMU-68962	9	22	2	ENSMUSG00000006715,ENSMUSG00000028587	Gmnn,Orc1	0.0159370359948865	0.0429074046016177
soleus	exploratory_union	R-MMU-397014_MUSCLE_CONTRACTION	https://reactome.org/PathwayBrowser/#/R-MMU-397014	10	22	2	ENSMUSG00000030774,ENSMUSG00000032366	Pak1,Tpm1	0.0196499419995627	0.0491248549989068
soleus	exploratory_union	R-MMU-69002_DNA_REPLICATION_PRE_INITIATION	https://reactome.org/PathwayBrowser/#/R-MMU-69002	11	22	2	ENSMUSG00000006715,ENSMUSG00000028587	Gmnn,Orc1	0.023689802843747	0.0518214437206966
soleus	exploratory_union	R-MMU-9609507_PROTEIN_LOCALIZATION	https://reactome.org/PathwayBrowser/#/R-MMU-9609507	11	22	2	ENSMUSG00000028603,ENSMUSG00000053898	Scp2,Ech1	0.023689802843747	0.0518214437206966
soleus	exploratory_union	R-MMU-453279_MITOTIC_G1_PHASE_AND_G1_S_TRANSITION	https://reactome.org/PathwayBrowser/#/R-MMU-453279	31	22	3	ENSMUSG00000006715,ENSMUSG00000027793,ENSMUSG00000028587	Gmnn,Ccna1,Orc1	0.0298424965850707	0.0614404341457339
soleus	exploratory_union	R-MMU-69242_S_PHASE	https://reactome.org/PathwayBrowser/#/R-MMU-69242	33	22	3	ENSMUSG00000006715,ENSMUSG00000027793,ENSMUSG00000028587	Gmnn,Ccna1,Orc1	0.035174972534568	0.0683957799283267
soleus	exploratory_union	R-MMU-69278_CELL_CYCLE_MITOTIC	https://reactome.org/PathwayBrowser/#/R-MMU-69278	76	22	4	ENSMUSG00000006715,ENSMUSG00000007656,ENSMUSG00000027793,ENSMUSG00000028587	Gmnn,Arpp19,Ccna1,Orc1	0.0853226577260812	0.1571733168638338
soleus	exploratory_union	R-MMU-69481_G2_M_CHECKPOINTS	https://reactome.org/PathwayBrowser/#/R-MMU-69481	24	22	2	ENSMUSG00000027793,ENSMUSG00000028587	Ccna1,Orc1	0.0996226544562903	0.1743396452985081
soleus	exploratory_union	R-MMU-1430728_METABOLISM	https://reactome.org/PathwayBrowser/#/R-MMU-1430728	150	22	6	ENSMUSG00000015709,ENSMUSG00000022186,ENSMUSG00000027984,ENSMUSG00000028223,ENSMUSG00000028603,ENSMUSG00000046598	Arnt2,Oxct1,Hadh,Decr1,Scp2,Bdh1	0.1078917577697816	0.1798195962829693
soleus	exploratory_union	R-MMU-1640170_CELL_CYCLE	https://reactome.org/PathwayBrowser/#/R-MMU-1640170	89	22	4	ENSMUSG00000006715,ENSMUSG00000007656,ENSMUSG00000027793,ENSMUSG00000028587	Gmnn,Arpp19,Ccna1,Orc1	0.1335383532183815	0.204638952022376
soleus	exploratory_union	R-MMU-212436_GENERIC_TRANSCRIPTION_PATHWAY	https://reactome.org/PathwayBrowser/#/R-MMU-212436	90	22	4	ENSMUSG00000015709,ENSMUSG00000021359,ENSMUSG00000027793,ENSMUSG00000038332	Arnt2,Tfap2a,Ccna1,Sesn1	0.1376651113676158	0.204638952022376
soleus	exploratory_union	R-MMU-392499_METABOLISM_OF_PROTEINS	https://reactome.org/PathwayBrowser/#/R-MMU-392499	161	22	6	ENSMUSG00000021282,ENSMUSG00000022186,ENSMUSG00000027793,ENSMUSG00000027984,ENSMUSG00000046598,ENSMUSG00000053898	Eif5,Oxct1,Ccna1,Hadh,Bdh1,Ech1	0.1403238528153436	0.204638952022376
soleus	exploratory_union	R-MMU-73857_RNA_POLYMERASE_II_TRANSCRIPTION	https://reactome.org/PathwayBrowser/#/R-MMU-73857	97	22	4	ENSMUSG00000015709,ENSMUSG00000021359,ENSMUSG00000027793,ENSMUSG00000038332	Arnt2,Tfap2a,Ccna1,Sesn1	0.1680476521807618	0.2352667130530664
soleus	exploratory_union	R-MMU-74160_GENE_EXPRESSION_TRANSCRIPTION	https://reactome.org/PathwayBrowser/#/R-MMU-74160	104	22	4	ENSMUSG00000015709,ENSMUSG00000021359,ENSMUSG00000027793,ENSMUSG00000038332	Arnt2,Tfap2a,Ccna1,Sesn1	0.2007910277642302	0.2702956142980022
soleus	exploratory_union	R-MMU-69620_CELL_CYCLE_CHECKPOINTS	https://reactome.org/PathwayBrowser/#/R-MMU-69620	43	22	2	ENSMUSG00000027793,ENSMUSG00000028587	Ccna1,Orc1	0.2530313084958656	0.3280035480501961
soleus	exploratory_union	R-MMU-3700989_TRANSCRIPTIONAL_REGULATION_BY_TP53	https://reactome.org/PathwayBrowser/#/R-MMU-3700989	53	22	2	ENSMUSG00000027793,ENSMUSG00000038332	Ccna1,Sesn1	0.3388742462713167	0.419254068489835
soleus	exploratory_union	R-MMU-1266738_DEVELOPMENTAL_BIOLOGY	https://reactome.org/PathwayBrowser/#/R-MMU-1266738	54	22	2	ENSMUSG00000021359,ENSMUSG00000030774	Tfap2a,Pak1	0.3473819424630061	0.419254068489835
soleus	exploratory_union	R-MMU-2262752_CELLULAR_RESPONSES_TO_STRESS	https://reactome.org/PathwayBrowser/#/R-MMU-2262752	72	22	2	ENSMUSG00000027793,ENSMUSG00000038332	Ccna1,Sesn1	0.4933150179294167	0.565527024063866
soleus	exploratory_union	R-MMU-9006934_SIGNALING_BY_RECEPTOR_TYROSINE_KINASES	https://reactome.org/PathwayBrowser/#/R-MMU-9006934	73	22	2	ENSMUSG00000028771,ENSMUSG00000030774	Ptpn12,Pak1	0.5008953641708528	0.565527024063866
soleus	exploratory_union	R-MMU-8953897_CELLULAR_RESPONSES_TO_STIMULI	https://reactome.org/PathwayBrowser/#/R-MMU-8953897	83	22	2	ENSMUSG00000027793,ENSMUSG00000038332	Ccna1,Sesn1	0.5729606942872982	0.6266757593767325
soleus	exploratory_union	R-MMU-168249_INNATE_IMMUNE_SYSTEM	https://reactome.org/PathwayBrowser/#/R-MMU-168249	110	22	2	ENSMUSG00000030774,ENSMUSG00000036707	Pak1,Cab39	0.7311732968652453	0.7754868300085936
soleus	exploratory_union	R-MMU-162582_SIGNAL_TRANSDUCTION	https://reactome.org/PathwayBrowser/#/R-MMU-162582	212	22	3	ENSMUSG00000028771,ENSMUSG00000030774,ENSMUSG00000036707	Ptpn12,Pak1,Cab39	0.8898454087787223	0.9160173325663318
soleus	exploratory_union	R-MMU-168256_IMMUNE_SYSTEM	https://reactome.org/PathwayBrowser/#/R-MMU-168256	186	22	2	ENSMUSG00000030774,ENSMUSG00000036707	Pak1,Cab39	0.9434657676033348	0.9434657676033348
tibialis_anterior	core_intersection	R-MMU-556833_METABOLISM_OF_LIPIDS	https://reactome.org/PathwayBrowser/#/R-MMU-556833	46	5	2	ENSMUSG00000046598,ENSMUSG00000056091	Bdh1,St3gal5	0.0199297365591456	0.0597892096774369
tibialis_anterior	core_intersection	R-MMU-1430728_METABOLISM	https://reactome.org/PathwayBrowser/#/R-MMU-1430728	150	5	2	ENSMUSG00000046598,ENSMUSG00000056091	Bdh1,St3gal5	0.1718430559797254	0.1932723319075334
tibialis_anterior	core_intersection	R-MMU-392499_METABOLISM_OF_PROTEINS	https://reactome.org/PathwayBrowser/#/R-MMU-392499	161	5	2	ENSMUSG00000046598,ENSMUSG00000056091	Bdh1,St3gal5	0.1932723319075334	0.1932723319075334
tibialis_anterior	generated_supported	R-MMU-556833_METABOLISM_OF_LIPIDS	https://reactome.org/PathwayBrowser/#/R-MMU-556833	46	7	2	ENSMUSG00000046598,ENSMUSG00000056091	Bdh1,St3gal5	0.0393917287558818	0.1896195864881592
tibialis_anterior	generated_supported	R-MMU-2262752_CELLULAR_RESPONSES_TO_STRESS	https://reactome.org/PathwayBrowser/#/R-MMU-2262752	72	7	2	ENSMUSG00000010057,ENSMUSG00000023067	Nprl2,Cdkn1a	0.0888241838060777	0.1896195864881592
tibialis_anterior	generated_supported	R-MMU-8953897_CELLULAR_RESPONSES_TO_STIMULI	https://reactome.org/PathwayBrowser/#/R-MMU-8953897	83	7	2	ENSMUSG00000010057,ENSMUSG00000023067	Nprl2,Cdkn1a	0.1137717518928955	0.1896195864881592
tibialis_anterior	generated_supported	R-MMU-1430728_METABOLISM	https://reactome.org/PathwayBrowser/#/R-MMU-1430728	150	7	2	ENSMUSG00000046598,ENSMUSG00000056091	Bdh1,St3gal5	0.2945138583958193	0.3263401884726793
tibialis_anterior	generated_supported	R-MMU-392499_METABOLISM_OF_PROTEINS	https://reactome.org/PathwayBrowser/#/R-MMU-392499	161	7	2	ENSMUSG00000046598,ENSMUSG00000056091	Bdh1,St3gal5	0.3263401884726793	0.3263401884726793
tibialis_anterior	exploratory_union	R-MMU-9639288_AMINO_ACIDS_REGULATE_MTORC1	https://reactome.org/PathwayBrowser/#/R-MMU-9639288	6	14	2	ENSMUSG00000010057,ENSMUSG00000038332	Nprl2,Sesn1	0.0027870180826952	0.0181156175375192
tibialis_anterior	exploratory_union	R-MMU-9711097_CELLULAR_RESPONSE_TO_STARVATION	https://reactome.org/PathwayBrowser/#/R-MMU-9711097	6	14	2	ENSMUSG00000010057,ENSMUSG00000038332	Nprl2,Sesn1	0.0027870180826952	0.0181156175375192
tibialis_anterior	exploratory_union	R-MMU-1474228_DEGRADATION_OF_THE_EXTRACELLULAR_MATRIX	https://reactome.org/PathwayBrowser/#/R-MMU-1474228	11	14	2	ENSMUSG00000006205,ENSMUSG00000021477	Htra1,Ctsl	0.0098060770645709	0.0424930006131406
tibialis_anterior	exploratory_union	R-MMU-1474244_EXTRACELLULAR_MATRIX_ORGANIZATION	https://reactome.org/PathwayBrowser/#/R-MMU-1474244	23	14	2	ENSMUSG00000006205,ENSMUSG00000021477	Htra1,Ctsl	0.0408667540936489	0.1328169508043591
tibialis_anterior	exploratory_union	R-MMU-2262752_CELLULAR_RESPONSES_TO_STRESS	https://reactome.org/PathwayBrowser/#/R-MMU-2262752	72	14	3	ENSMUSG00000010057,ENSMUSG00000023067,ENSMUSG00000038332	Nprl2,Cdkn1a,Sesn1	0.0781646714012837	0.1961049688057549
tibialis_anterior	exploratory_union	R-MMU-8953897_CELLULAR_RESPONSES_TO_STIMULI	https://reactome.org/PathwayBrowser/#/R-MMU-8953897	83	14	3	ENSMUSG00000010057,ENSMUSG00000023067,ENSMUSG00000038332	Nprl2,Cdkn1a,Sesn1	0.109506546505227	0.1961049688057549
tibialis_anterior	exploratory_union	R-MMU-212436_GENERIC_TRANSCRIPTION_PATHWAY	https://reactome.org/PathwayBrowser/#/R-MMU-212436	90	14	3	ENSMUSG00000021477,ENSMUSG00000023067,ENSMUSG00000038332	Ctsl,Cdkn1a,Sesn1	0.131798832742425	0.1961049688057549
tibialis_anterior	exploratory_union	R-MMU-556833_METABOLISM_OF_LIPIDS	https://reactome.org/PathwayBrowser/#/R-MMU-556833	46	14	2	ENSMUSG00000046598,ENSMUSG00000056091	Bdh1,St3gal5	0.1385288406468118	0.1961049688057549
tibialis_anterior	exploratory_union	R-MMU-73857_RNA_POLYMERASE_II_TRANSCRIPTION	https://reactome.org/PathwayBrowser/#/R-MMU-73857	97	14	3	ENSMUSG00000021477,ENSMUSG00000023067,ENSMUSG00000038332	Ctsl,Cdkn1a,Sesn1	0.1557013492051192	0.1961049688057549
tibialis_anterior	exploratory_union	R-MMU-1430728_METABOLISM	https://reactome.org/PathwayBrowser/#/R-MMU-1430728	150	14	4	ENSMUSG00000021477,ENSMUSG00000030630,ENSMUSG00000046598,ENSMUSG00000056091	Ctsl,Fah,Bdh1,St3gal5	0.1559108356524693	0.1961049688057549
tibialis_anterior	exploratory_union	R-MMU-3700989_TRANSCRIPTIONAL_REGULATION_BY_TP53	https://reactome.org/PathwayBrowser/#/R-MMU-3700989	53	14	2	ENSMUSG00000023067,ENSMUSG00000038332	Cdkn1a,Sesn1	0.1742471017248895	0.1961049688057549
tibialis_anterior	exploratory_union	R-MMU-74160_GENE_EXPRESSION_TRANSCRIPTION	https://reactome.org/PathwayBrowser/#/R-MMU-74160	104	14	3	ENSMUSG00000021477,ENSMUSG00000023067,ENSMUSG00000038332	Ctsl,Cdkn1a,Sesn1	0.1810199712053122	0.1961049688057549
tibialis_anterior	exploratory_union	R-MMU-392499_METABOLISM_OF_PROTEINS	https://reactome.org/PathwayBrowser/#/R-MMU-392499	161	14	2	ENSMUSG00000046598,ENSMUSG00000056091	Bdh1,St3gal5	0.7013906218157561	0.7013906218157561
