fold_id	tissue_canonical	training_tier	id.accession	role	flight	ground_control	samples
adrenal_gland__holdout_OSD-161	adrenal_gland	exploratory_pretrained_per_tissue	OSD-161	held_out	5	5	10
adrenal_gland__holdout_OSD-161	adrenal_gland	exploratory_pretrained_per_tissue	OSD-512	training	9	9	18
adrenal_gland__holdout_OSD-161	adrenal_gland	exploratory_pretrained_per_tissue	OSD-98	training	6	5	11
adrenal_gland__holdout_OSD-98	adrenal_gland	exploratory_pretrained_per_tissue	OSD-161	training	5	5	10
adrenal_gland__holdout_OSD-98	adrenal_gland	exploratory_pretrained_per_tissue	OSD-512	training	9	9	18
adrenal_gland__holdout_OSD-98	adrenal_gland	exploratory_pretrained_per_tissue	OSD-98	held_out	6	5	11
adrenal_gland__holdout_OSD-512	adrenal_gland	exploratory_pretrained_per_tissue	OSD-161	training	5	5	10
adrenal_gland__holdout_OSD-512	adrenal_gland	exploratory_pretrained_per_tissue	OSD-512	held_out	9	9	18
adrenal_gland__holdout_OSD-512	adrenal_gland	exploratory_pretrained_per_tissue	OSD-98	training	6	5	11
brain__holdout_OSD-352	brain	exploratory_pretrained_per_tissue	OSD-352	held_out	3	3	6
brain__holdout_OSD-352	brain	exploratory_pretrained_per_tissue	OSD-457	training	12	12	24
brain__holdout_OSD-352	brain	exploratory_pretrained_per_tissue	OSD-612	training	4	5	9
brain__holdout_OSD-352	brain	exploratory_pretrained_per_tissue	OSD-613	training	9	9	18
brain__holdout_OSD-613	brain	exploratory_pretrained_per_tissue	OSD-352	training	3	3	6
brain__holdout_OSD-613	brain	exploratory_pretrained_per_tissue	OSD-457	training	12	12	24
brain__holdout_OSD-613	brain	exploratory_pretrained_per_tissue	OSD-612	training	4	5	9
brain__holdout_OSD-613	brain	exploratory_pretrained_per_tissue	OSD-613	held_out	9	9	18
brain__holdout_OSD-457	brain	exploratory_pretrained_per_tissue	OSD-352	training	3	3	6
brain__holdout_OSD-457	brain	exploratory_pretrained_per_tissue	OSD-457	held_out	12	12	24
brain__holdout_OSD-457	brain	exploratory_pretrained_per_tissue	OSD-612	training	4	5	9
brain__holdout_OSD-457	brain	exploratory_pretrained_per_tissue	OSD-613	training	9	9	18
brain__holdout_OSD-612	brain	exploratory_pretrained_per_tissue	OSD-352	training	3	3	6
brain__holdout_OSD-612	brain	exploratory_pretrained_per_tissue	OSD-457	training	12	12	24
brain__holdout_OSD-612	brain	exploratory_pretrained_per_tissue	OSD-612	held_out	4	5	9
brain__holdout_OSD-612	brain	exploratory_pretrained_per_tissue	OSD-613	training	9	9	18
cerebellum__holdout_OSD-525	cerebellum	exploratory_pretrained_per_tissue	OSD-525	held_out	9	9	18
cerebellum__holdout_OSD-525	cerebellum	exploratory_pretrained_per_tissue	OSD-561	training	14	12	26
cerebellum__holdout_OSD-525	cerebellum	exploratory_pretrained_per_tissue	OSD-563	training	5	5	10
cerebellum__holdout_OSD-561	cerebellum	exploratory_pretrained_per_tissue	OSD-525	training	9	9	18
cerebellum__holdout_OSD-561	cerebellum	exploratory_pretrained_per_tissue	OSD-561	held_out	14	12	26
cerebellum__holdout_OSD-561	cerebellum	exploratory_pretrained_per_tissue	OSD-563	training	5	5	10
cerebellum__holdout_OSD-563	cerebellum	exploratory_pretrained_per_tissue	OSD-525	training	9	9	18
cerebellum__holdout_OSD-563	cerebellum	exploratory_pretrained_per_tissue	OSD-561	training	14	12	26
cerebellum__holdout_OSD-563	cerebellum	exploratory_pretrained_per_tissue	OSD-563	held_out	5	5	10
colon__holdout_OSD-247	colon	exploratory_pretrained_per_tissue	OSD-247	held_out	19	17	36
colon__holdout_OSD-247	colon	exploratory_pretrained_per_tissue	OSD-667	training	9	10	19
colon__holdout_OSD-667	colon	exploratory_pretrained_per_tissue	OSD-247	training	19	17	36
colon__holdout_OSD-667	colon	exploratory_pretrained_per_tissue	OSD-667	held_out	9	10	19
heart__holdout_OSD-599	heart	exploratory_pretrained_per_tissue	OSD-270	training	3	2	5
heart__holdout_OSD-599	heart	exploratory_pretrained_per_tissue	OSD-580	training	20	20	40
heart__holdout_OSD-599	heart	exploratory_pretrained_per_tissue	OSD-599	held_out	3	3	6
heart__holdout_OSD-580	heart	exploratory_pretrained_per_tissue	OSD-270	training	3	2	5
heart__holdout_OSD-580	heart	exploratory_pretrained_per_tissue	OSD-580	held_out	20	20	40
heart__holdout_OSD-580	heart	exploratory_pretrained_per_tissue	OSD-599	training	3	3	6
heart__holdout_OSD-270	heart	exploratory_pretrained_per_tissue	OSD-270	held_out	3	2	5
heart__holdout_OSD-270	heart	exploratory_pretrained_per_tissue	OSD-580	training	20	20	40
heart__holdout_OSD-270	heart	exploratory_pretrained_per_tissue	OSD-599	training	3	3	6
hippocampus__holdout_OSD-564	hippocampus	exploratory_pretrained_per_tissue	OSD-562	training	15	12	27
hippocampus__holdout_OSD-564	hippocampus	exploratory_pretrained_per_tissue	OSD-564	held_out	5	5	10
hippocampus__holdout_OSD-562	hippocampus	exploratory_pretrained_per_tissue	OSD-562	held_out	15	12	27
hippocampus__holdout_OSD-562	hippocampus	exploratory_pretrained_per_tissue	OSD-564	training	5	5	10
kidney__holdout_OSD-513	kidney	confirmatory_per_tissue	OSD-102	training	6	6	12
kidney__holdout_OSD-513	kidney	confirmatory_per_tissue	OSD-163	training	6	6	12
kidney__holdout_OSD-513	kidney	confirmatory_per_tissue	OSD-253	training	20	19	39
kidney__holdout_OSD-513	kidney	confirmatory_per_tissue	OSD-457	training	6	6	12
kidney__holdout_OSD-513	kidney	confirmatory_per_tissue	OSD-513	held_out	9	9	18
kidney__holdout_OSD-513	kidney	confirmatory_per_tissue	OSD-771	training	20	20	40
kidney__holdout_OSD-102	kidney	confirmatory_per_tissue	OSD-102	held_out	6	6	12
kidney__holdout_OSD-102	kidney	confirmatory_per_tissue	OSD-163	training	6	6	12
kidney__holdout_OSD-102	kidney	confirmatory_per_tissue	OSD-253	training	20	19	39
kidney__holdout_OSD-102	kidney	confirmatory_per_tissue	OSD-457	training	6	6	12
kidney__holdout_OSD-102	kidney	confirmatory_per_tissue	OSD-513	training	9	9	18
kidney__holdout_OSD-102	kidney	confirmatory_per_tissue	OSD-771	training	20	20	40
kidney__holdout_OSD-163	kidney	confirmatory_per_tissue	OSD-102	training	6	6	12
kidney__holdout_OSD-163	kidney	confirmatory_per_tissue	OSD-163	held_out	6	6	12
kidney__holdout_OSD-163	kidney	confirmatory_per_tissue	OSD-253	training	20	19	39
kidney__holdout_OSD-163	kidney	confirmatory_per_tissue	OSD-457	training	6	6	12
kidney__holdout_OSD-163	kidney	confirmatory_per_tissue	OSD-513	training	9	9	18
kidney__holdout_OSD-163	kidney	confirmatory_per_tissue	OSD-771	training	20	20	40
kidney__holdout_OSD-253	kidney	confirmatory_per_tissue	OSD-102	training	6	6	12
kidney__holdout_OSD-253	kidney	confirmatory_per_tissue	OSD-163	training	6	6	12
kidney__holdout_OSD-253	kidney	confirmatory_per_tissue	OSD-253	held_out	20	19	39
kidney__holdout_OSD-253	kidney	confirmatory_per_tissue	OSD-457	training	6	6	12
kidney__holdout_OSD-253	kidney	confirmatory_per_tissue	OSD-513	training	9	9	18
kidney__holdout_OSD-253	kidney	confirmatory_per_tissue	OSD-771	training	20	20	40
kidney__holdout_OSD-457	kidney	confirmatory_per_tissue	OSD-102	training	6	6	12
kidney__holdout_OSD-457	kidney	confirmatory_per_tissue	OSD-163	training	6	6	12
kidney__holdout_OSD-457	kidney	confirmatory_per_tissue	OSD-253	training	20	19	39
kidney__holdout_OSD-457	kidney	confirmatory_per_tissue	OSD-457	held_out	6	6	12
kidney__holdout_OSD-457	kidney	confirmatory_per_tissue	OSD-513	training	9	9	18
kidney__holdout_OSD-457	kidney	confirmatory_per_tissue	OSD-771	training	20	20	40
kidney__holdout_OSD-771	kidney	confirmatory_per_tissue	OSD-102	training	6	6	12
kidney__holdout_OSD-771	kidney	confirmatory_per_tissue	OSD-163	training	6	6	12
kidney__holdout_OSD-771	kidney	confirmatory_per_tissue	OSD-253	training	20	19	39
kidney__holdout_OSD-771	kidney	confirmatory_per_tissue	OSD-457	training	6	6	12
kidney__holdout_OSD-771	kidney	confirmatory_per_tissue	OSD-513	training	9	9	18
kidney__holdout_OSD-771	kidney	confirmatory_per_tissue	OSD-771	held_out	20	20	40
liver__holdout_OSD-379	liver	confirmatory_per_tissue	OSD-137	training	6	6	12
liver__holdout_OSD-379	liver	confirmatory_per_tissue	OSD-164	training	3	3	6
liver__holdout_OSD-379	liver	confirmatory_per_tissue	OSD-168	training	14	14	28
liver__holdout_OSD-379	liver	confirmatory_per_tissue	OSD-173	training	2	2	4
liver__holdout_OSD-379	liver	confirmatory_per_tissue	OSD-242	training	5	4	9
liver__holdout_OSD-379	liver	confirmatory_per_tissue	OSD-245	training	20	19	39
liver__holdout_OSD-379	liver	confirmatory_per_tissue	OSD-379	held_out	35	35	70
liver__holdout_OSD-379	liver	confirmatory_per_tissue	OSD-457	training	12	12	24
liver__holdout_OSD-379	liver	confirmatory_per_tissue	OSD-463	training	9	9	18
liver__holdout_OSD-379	liver	confirmatory_per_tissue	OSD-47	training	3	3	6
liver__holdout_OSD-379	liver	confirmatory_per_tissue	OSD-48	training	7	7	14
liver__holdout_OSD-379	liver	confirmatory_per_tissue	OSD-686	training	6	3	9
liver__holdout_OSD-457	liver	confirmatory_per_tissue	OSD-137	training	6	6	12
liver__holdout_OSD-457	liver	confirmatory_per_tissue	OSD-164	training	3	3	6
liver__holdout_OSD-457	liver	confirmatory_per_tissue	OSD-168	training	14	14	28
liver__holdout_OSD-457	liver	confirmatory_per_tissue	OSD-173	training	2	2	4
liver__holdout_OSD-457	liver	confirmatory_per_tissue	OSD-242	training	5	4	9
liver__holdout_OSD-457	liver	confirmatory_per_tissue	OSD-245	training	20	19	39
liver__holdout_OSD-457	liver	confirmatory_per_tissue	OSD-379	training	35	35	70
liver__holdout_OSD-457	liver	confirmatory_per_tissue	OSD-457	held_out	12	12	24
liver__holdout_OSD-457	liver	confirmatory_per_tissue	OSD-463	training	9	9	18
liver__holdout_OSD-457	liver	confirmatory_per_tissue	OSD-47	training	3	3	6
liver__holdout_OSD-457	liver	confirmatory_per_tissue	OSD-48	training	7	7	14
liver__holdout_OSD-457	liver	confirmatory_per_tissue	OSD-686	training	6	3	9
liver__holdout_OSD-168	liver	confirmatory_per_tissue	OSD-137	training	6	6	12
liver__holdout_OSD-168	liver	confirmatory_per_tissue	OSD-164	training	3	3	6
liver__holdout_OSD-168	liver	confirmatory_per_tissue	OSD-168	held_out	14	14	28
liver__holdout_OSD-168	liver	confirmatory_per_tissue	OSD-173	training	2	2	4
liver__holdout_OSD-168	liver	confirmatory_per_tissue	OSD-242	training	5	4	9
liver__holdout_OSD-168	liver	confirmatory_per_tissue	OSD-245	training	20	19	39
liver__holdout_OSD-168	liver	confirmatory_per_tissue	OSD-379	training	35	35	70
liver__holdout_OSD-168	liver	confirmatory_per_tissue	OSD-457	training	12	12	24
liver__holdout_OSD-168	liver	confirmatory_per_tissue	OSD-463	training	9	9	18
liver__holdout_OSD-168	liver	confirmatory_per_tissue	OSD-47	training	3	3	6
liver__holdout_OSD-168	liver	confirmatory_per_tissue	OSD-48	training	7	7	14
liver__holdout_OSD-168	liver	confirmatory_per_tissue	OSD-686	training	6	3	9
liver__holdout_OSD-245	liver	confirmatory_per_tissue	OSD-137	training	6	6	12
liver__holdout_OSD-245	liver	confirmatory_per_tissue	OSD-164	training	3	3	6
liver__holdout_OSD-245	liver	confirmatory_per_tissue	OSD-168	training	14	14	28
liver__holdout_OSD-245	liver	confirmatory_per_tissue	OSD-173	training	2	2	4
liver__holdout_OSD-245	liver	confirmatory_per_tissue	OSD-242	training	5	4	9
liver__holdout_OSD-245	liver	confirmatory_per_tissue	OSD-245	held_out	20	19	39
liver__holdout_OSD-245	liver	confirmatory_per_tissue	OSD-379	training	35	35	70
liver__holdout_OSD-245	liver	confirmatory_per_tissue	OSD-457	training	12	12	24
liver__holdout_OSD-245	liver	confirmatory_per_tissue	OSD-463	training	9	9	18
liver__holdout_OSD-245	liver	confirmatory_per_tissue	OSD-47	training	3	3	6
liver__holdout_OSD-245	liver	confirmatory_per_tissue	OSD-48	training	7	7	14
liver__holdout_OSD-245	liver	confirmatory_per_tissue	OSD-686	training	6	3	9
liver__holdout_OSD-137	liver	confirmatory_per_tissue	OSD-137	held_out	6	6	12
liver__holdout_OSD-137	liver	confirmatory_per_tissue	OSD-164	training	3	3	6
liver__holdout_OSD-137	liver	confirmatory_per_tissue	OSD-168	training	14	14	28
liver__holdout_OSD-137	liver	confirmatory_per_tissue	OSD-173	training	2	2	4
liver__holdout_OSD-137	liver	confirmatory_per_tissue	OSD-242	training	5	4	9
liver__holdout_OSD-137	liver	confirmatory_per_tissue	OSD-245	training	20	19	39
liver__holdout_OSD-137	liver	confirmatory_per_tissue	OSD-379	training	35	35	70
liver__holdout_OSD-137	liver	confirmatory_per_tissue	OSD-457	training	12	12	24
liver__holdout_OSD-137	liver	confirmatory_per_tissue	OSD-463	training	9	9	18
liver__holdout_OSD-137	liver	confirmatory_per_tissue	OSD-47	training	3	3	6
liver__holdout_OSD-137	liver	confirmatory_per_tissue	OSD-48	training	7	7	14
liver__holdout_OSD-137	liver	confirmatory_per_tissue	OSD-686	training	6	3	9
liver__holdout_OSD-242	liver	confirmatory_per_tissue	OSD-137	training	6	6	12
liver__holdout_OSD-242	liver	confirmatory_per_tissue	OSD-164	training	3	3	6
liver__holdout_OSD-242	liver	confirmatory_per_tissue	OSD-168	training	14	14	28
liver__holdout_OSD-242	liver	confirmatory_per_tissue	OSD-173	training	2	2	4
liver__holdout_OSD-242	liver	confirmatory_per_tissue	OSD-242	held_out	5	4	9
liver__holdout_OSD-242	liver	confirmatory_per_tissue	OSD-245	training	20	19	39
liver__holdout_OSD-242	liver	confirmatory_per_tissue	OSD-379	training	35	35	70
liver__holdout_OSD-242	liver	confirmatory_per_tissue	OSD-457	training	12	12	24
liver__holdout_OSD-242	liver	confirmatory_per_tissue	OSD-463	training	9	9	18
liver__holdout_OSD-242	liver	confirmatory_per_tissue	OSD-47	training	3	3	6
liver__holdout_OSD-242	liver	confirmatory_per_tissue	OSD-48	training	7	7	14
liver__holdout_OSD-242	liver	confirmatory_per_tissue	OSD-686	training	6	3	9
liver__holdout_OSD-173	liver	confirmatory_per_tissue	OSD-137	training	6	6	12
liver__holdout_OSD-173	liver	confirmatory_per_tissue	OSD-164	training	3	3	6
liver__holdout_OSD-173	liver	confirmatory_per_tissue	OSD-168	training	14	14	28
liver__holdout_OSD-173	liver	confirmatory_per_tissue	OSD-173	held_out	2	2	4
liver__holdout_OSD-173	liver	confirmatory_per_tissue	OSD-242	training	5	4	9
liver__holdout_OSD-173	liver	confirmatory_per_tissue	OSD-245	training	20	19	39
liver__holdout_OSD-173	liver	confirmatory_per_tissue	OSD-379	training	35	35	70
liver__holdout_OSD-173	liver	confirmatory_per_tissue	OSD-457	training	12	12	24
liver__holdout_OSD-173	liver	confirmatory_per_tissue	OSD-463	training	9	9	18
liver__holdout_OSD-173	liver	confirmatory_per_tissue	OSD-47	training	3	3	6
liver__holdout_OSD-173	liver	confirmatory_per_tissue	OSD-48	training	7	7	14
liver__holdout_OSD-173	liver	confirmatory_per_tissue	OSD-686	training	6	3	9
liver__holdout_OSD-686	liver	confirmatory_per_tissue	OSD-137	training	6	6	12
liver__holdout_OSD-686	liver	confirmatory_per_tissue	OSD-164	training	3	3	6
liver__holdout_OSD-686	liver	confirmatory_per_tissue	OSD-168	training	14	14	28
liver__holdout_OSD-686	liver	confirmatory_per_tissue	OSD-173	training	2	2	4
liver__holdout_OSD-686	liver	confirmatory_per_tissue	OSD-242	training	5	4	9
liver__holdout_OSD-686	liver	confirmatory_per_tissue	OSD-245	training	20	19	39
liver__holdout_OSD-686	liver	confirmatory_per_tissue	OSD-379	training	35	35	70
liver__holdout_OSD-686	liver	confirmatory_per_tissue	OSD-457	training	12	12	24
liver__holdout_OSD-686	liver	confirmatory_per_tissue	OSD-463	training	9	9	18
liver__holdout_OSD-686	liver	confirmatory_per_tissue	OSD-47	training	3	3	6
liver__holdout_OSD-686	liver	confirmatory_per_tissue	OSD-48	training	7	7	14
liver__holdout_OSD-686	liver	confirmatory_per_tissue	OSD-686	held_out	6	3	9
liver__holdout_OSD-463	liver	confirmatory_per_tissue	OSD-137	training	6	6	12
liver__holdout_OSD-463	liver	confirmatory_per_tissue	OSD-164	training	3	3	6
liver__holdout_OSD-463	liver	confirmatory_per_tissue	OSD-168	training	14	14	28
liver__holdout_OSD-463	liver	confirmatory_per_tissue	OSD-173	training	2	2	4
liver__holdout_OSD-463	liver	confirmatory_per_tissue	OSD-242	training	5	4	9
liver__holdout_OSD-463	liver	confirmatory_per_tissue	OSD-245	training	20	19	39
liver__holdout_OSD-463	liver	confirmatory_per_tissue	OSD-379	training	35	35	70
liver__holdout_OSD-463	liver	confirmatory_per_tissue	OSD-457	training	12	12	24
liver__holdout_OSD-463	liver	confirmatory_per_tissue	OSD-463	held_out	9	9	18
liver__holdout_OSD-463	liver	confirmatory_per_tissue	OSD-47	training	3	3	6
liver__holdout_OSD-463	liver	confirmatory_per_tissue	OSD-48	training	7	7	14
liver__holdout_OSD-463	liver	confirmatory_per_tissue	OSD-686	training	6	3	9
liver__holdout_OSD-164	liver	confirmatory_per_tissue	OSD-137	training	6	6	12
liver__holdout_OSD-164	liver	confirmatory_per_tissue	OSD-164	held_out	3	3	6
liver__holdout_OSD-164	liver	confirmatory_per_tissue	OSD-168	training	14	14	28
liver__holdout_OSD-164	liver	confirmatory_per_tissue	OSD-173	training	2	2	4
liver__holdout_OSD-164	liver	confirmatory_per_tissue	OSD-242	training	5	4	9
liver__holdout_OSD-164	liver	confirmatory_per_tissue	OSD-245	training	20	19	39
liver__holdout_OSD-164	liver	confirmatory_per_tissue	OSD-379	training	35	35	70
liver__holdout_OSD-164	liver	confirmatory_per_tissue	OSD-457	training	12	12	24
liver__holdout_OSD-164	liver	confirmatory_per_tissue	OSD-463	training	9	9	18
liver__holdout_OSD-164	liver	confirmatory_per_tissue	OSD-47	training	3	3	6
liver__holdout_OSD-164	liver	confirmatory_per_tissue	OSD-48	training	7	7	14
liver__holdout_OSD-164	liver	confirmatory_per_tissue	OSD-686	training	6	3	9
liver__holdout_OSD-48	liver	confirmatory_per_tissue	OSD-137	training	6	6	12
liver__holdout_OSD-48	liver	confirmatory_per_tissue	OSD-164	training	3	3	6
liver__holdout_OSD-48	liver	confirmatory_per_tissue	OSD-168	training	14	14	28
liver__holdout_OSD-48	liver	confirmatory_per_tissue	OSD-173	training	2	2	4
liver__holdout_OSD-48	liver	confirmatory_per_tissue	OSD-242	training	5	4	9
liver__holdout_OSD-48	liver	confirmatory_per_tissue	OSD-245	training	20	19	39
liver__holdout_OSD-48	liver	confirmatory_per_tissue	OSD-379	training	35	35	70
liver__holdout_OSD-48	liver	confirmatory_per_tissue	OSD-457	training	12	12	24
liver__holdout_OSD-48	liver	confirmatory_per_tissue	OSD-463	training	9	9	18
liver__holdout_OSD-48	liver	confirmatory_per_tissue	OSD-47	training	3	3	6
liver__holdout_OSD-48	liver	confirmatory_per_tissue	OSD-48	held_out	7	7	14
liver__holdout_OSD-48	liver	confirmatory_per_tissue	OSD-686	training	6	3	9
liver__holdout_OSD-47	liver	confirmatory_per_tissue	OSD-137	training	6	6	12
liver__holdout_OSD-47	liver	confirmatory_per_tissue	OSD-164	training	3	3	6
liver__holdout_OSD-47	liver	confirmatory_per_tissue	OSD-168	training	14	14	28
liver__holdout_OSD-47	liver	confirmatory_per_tissue	OSD-173	training	2	2	4
liver__holdout_OSD-47	liver	confirmatory_per_tissue	OSD-242	training	5	4	9
liver__holdout_OSD-47	liver	confirmatory_per_tissue	OSD-245	training	20	19	39
liver__holdout_OSD-47	liver	confirmatory_per_tissue	OSD-379	training	35	35	70
liver__holdout_OSD-47	liver	confirmatory_per_tissue	OSD-457	training	12	12	24
liver__holdout_OSD-47	liver	confirmatory_per_tissue	OSD-463	training	9	9	18
liver__holdout_OSD-47	liver	confirmatory_per_tissue	OSD-47	held_out	3	3	6
liver__holdout_OSD-47	liver	confirmatory_per_tissue	OSD-48	training	7	7	14
liver__holdout_OSD-47	liver	confirmatory_per_tissue	OSD-686	training	6	3	9
lung__holdout_OSD-248	lung	exploratory_pretrained_per_tissue	OSD-248	held_out	20	19	39
lung__holdout_OSD-248	lung	exploratory_pretrained_per_tissue	OSD-464	training	9	8	17
lung__holdout_OSD-248	lung	exploratory_pretrained_per_tissue	OSD-900	training	10	10	20
lung__holdout_OSD-900	lung	exploratory_pretrained_per_tissue	OSD-248	training	20	19	39
lung__holdout_OSD-900	lung	exploratory_pretrained_per_tissue	OSD-464	training	9	8	17
lung__holdout_OSD-900	lung	exploratory_pretrained_per_tissue	OSD-900	held_out	10	10	20
lung__holdout_OSD-464	lung	exploratory_pretrained_per_tissue	OSD-248	training	20	19	39
lung__holdout_OSD-464	lung	exploratory_pretrained_per_tissue	OSD-464	held_out	9	8	17
lung__holdout_OSD-464	lung	exploratory_pretrained_per_tissue	OSD-900	training	10	10	20
retina__holdout_OSD-194	retina	exploratory_pretrained_per_tissue	OSD-194	held_out	5	4	9
retina__holdout_OSD-194	retina	exploratory_pretrained_per_tissue	OSD-255	training	8	8	16
retina__holdout_OSD-194	retina	exploratory_pretrained_per_tissue	OSD-397	training	9	7	16
retina__holdout_OSD-194	retina	exploratory_pretrained_per_tissue	OSD-758	training	23	12	35
retina__holdout_OSD-758	retina	exploratory_pretrained_per_tissue	OSD-194	training	5	4	9
retina__holdout_OSD-758	retina	exploratory_pretrained_per_tissue	OSD-255	training	8	8	16
retina__holdout_OSD-758	retina	exploratory_pretrained_per_tissue	OSD-397	training	9	7	16
retina__holdout_OSD-758	retina	exploratory_pretrained_per_tissue	OSD-758	held_out	23	12	35
retina__holdout_OSD-397	retina	exploratory_pretrained_per_tissue	OSD-194	training	5	4	9
retina__holdout_OSD-397	retina	exploratory_pretrained_per_tissue	OSD-255	training	8	8	16
retina__holdout_OSD-397	retina	exploratory_pretrained_per_tissue	OSD-397	held_out	9	7	16
retina__holdout_OSD-397	retina	exploratory_pretrained_per_tissue	OSD-758	training	23	12	35
retina__holdout_OSD-255	retina	exploratory_pretrained_per_tissue	OSD-194	training	5	4	9
retina__holdout_OSD-255	retina	exploratory_pretrained_per_tissue	OSD-255	held_out	8	8	16
retina__holdout_OSD-255	retina	exploratory_pretrained_per_tissue	OSD-397	training	9	7	16
retina__holdout_OSD-255	retina	exploratory_pretrained_per_tissue	OSD-758	training	23	12	35
skeletal_muscle__holdout_OSD-770	skeletal_muscle	confirmatory_per_tissue	OSD-101	training	6	6	12
skeletal_muscle__holdout_OSD-770	skeletal_muscle	confirmatory_per_tissue	OSD-103	training	6	6	12
skeletal_muscle__holdout_OSD-770	skeletal_muscle	confirmatory_per_tissue	OSD-104	training	6	6	12
skeletal_muscle__holdout_OSD-770	skeletal_muscle	confirmatory_per_tissue	OSD-105	training	6	6	12
skeletal_muscle__holdout_OSD-770	skeletal_muscle	confirmatory_per_tissue	OSD-326	training	4	4	8
skeletal_muscle__holdout_OSD-770	skeletal_muscle	confirmatory_per_tissue	OSD-401	training	6	6	12
skeletal_muscle__holdout_OSD-770	skeletal_muscle	confirmatory_per_tissue	OSD-419	training	4	8	12
skeletal_muscle__holdout_OSD-770	skeletal_muscle	confirmatory_per_tissue	OSD-576	training	9	9	18
skeletal_muscle__holdout_OSD-770	skeletal_muscle	confirmatory_per_tissue	OSD-665	training	9	9	18
skeletal_muscle__holdout_OSD-770	skeletal_muscle	confirmatory_per_tissue	OSD-666	training	9	9	18
skeletal_muscle__holdout_OSD-770	skeletal_muscle	confirmatory_per_tissue	OSD-714	training	12	9	21
skeletal_muscle__holdout_OSD-770	skeletal_muscle	confirmatory_per_tissue	OSD-770	held_out	9	9	18
skeletal_muscle__holdout_OSD-770	skeletal_muscle	confirmatory_per_tissue	OSD-99	training	6	6	12
skeletal_muscle__holdout_OSD-576	skeletal_muscle	confirmatory_per_tissue	OSD-101	training	6	6	12
skeletal_muscle__holdout_OSD-576	skeletal_muscle	confirmatory_per_tissue	OSD-103	training	6	6	12
skeletal_muscle__holdout_OSD-576	skeletal_muscle	confirmatory_per_tissue	OSD-104	training	6	6	12
skeletal_muscle__holdout_OSD-576	skeletal_muscle	confirmatory_per_tissue	OSD-105	training	6	6	12
skeletal_muscle__holdout_OSD-576	skeletal_muscle	confirmatory_per_tissue	OSD-326	training	4	4	8
skeletal_muscle__holdout_OSD-576	skeletal_muscle	confirmatory_per_tissue	OSD-401	training	6	6	12
skeletal_muscle__holdout_OSD-576	skeletal_muscle	confirmatory_per_tissue	OSD-419	training	4	8	12
skeletal_muscle__holdout_OSD-576	skeletal_muscle	confirmatory_per_tissue	OSD-576	held_out	9	9	18
skeletal_muscle__holdout_OSD-576	skeletal_muscle	confirmatory_per_tissue	OSD-665	training	9	9	18
skeletal_muscle__holdout_OSD-576	skeletal_muscle	confirmatory_per_tissue	OSD-666	training	9	9	18
skeletal_muscle__holdout_OSD-576	skeletal_muscle	confirmatory_per_tissue	OSD-714	training	12	9	21
skeletal_muscle__holdout_OSD-576	skeletal_muscle	confirmatory_per_tissue	OSD-770	training	9	9	18
skeletal_muscle__holdout_OSD-576	skeletal_muscle	confirmatory_per_tissue	OSD-99	training	6	6	12
skeletal_muscle__holdout_OSD-401	skeletal_muscle	confirmatory_per_tissue	OSD-101	training	6	6	12
skeletal_muscle__holdout_OSD-401	skeletal_muscle	confirmatory_per_tissue	OSD-103	training	6	6	12
skeletal_muscle__holdout_OSD-401	skeletal_muscle	confirmatory_per_tissue	OSD-104	training	6	6	12
skeletal_muscle__holdout_OSD-401	skeletal_muscle	confirmatory_per_tissue	OSD-105	training	6	6	12
skeletal_muscle__holdout_OSD-401	skeletal_muscle	confirmatory_per_tissue	OSD-326	training	4	4	8
skeletal_muscle__holdout_OSD-401	skeletal_muscle	confirmatory_per_tissue	OSD-401	held_out	6	6	12
skeletal_muscle__holdout_OSD-401	skeletal_muscle	confirmatory_per_tissue	OSD-419	training	4	8	12
skeletal_muscle__holdout_OSD-401	skeletal_muscle	confirmatory_per_tissue	OSD-576	training	9	9	18
skeletal_muscle__holdout_OSD-401	skeletal_muscle	confirmatory_per_tissue	OSD-665	training	9	9	18
skeletal_muscle__holdout_OSD-401	skeletal_muscle	confirmatory_per_tissue	OSD-666	training	9	9	18
skeletal_muscle__holdout_OSD-401	skeletal_muscle	confirmatory_per_tissue	OSD-714	training	12	9	21
skeletal_muscle__holdout_OSD-401	skeletal_muscle	confirmatory_per_tissue	OSD-770	training	9	9	18
skeletal_muscle__holdout_OSD-401	skeletal_muscle	confirmatory_per_tissue	OSD-99	training	6	6	12
skeletal_muscle__holdout_OSD-104	skeletal_muscle	confirmatory_per_tissue	OSD-101	training	6	6	12
skeletal_muscle__holdout_OSD-104	skeletal_muscle	confirmatory_per_tissue	OSD-103	training	6	6	12
skeletal_muscle__holdout_OSD-104	skeletal_muscle	confirmatory_per_tissue	OSD-104	held_out	6	6	12
skeletal_muscle__holdout_OSD-104	skeletal_muscle	confirmatory_per_tissue	OSD-105	training	6	6	12
skeletal_muscle__holdout_OSD-104	skeletal_muscle	confirmatory_per_tissue	OSD-326	training	4	4	8
skeletal_muscle__holdout_OSD-104	skeletal_muscle	confirmatory_per_tissue	OSD-401	training	6	6	12
skeletal_muscle__holdout_OSD-104	skeletal_muscle	confirmatory_per_tissue	OSD-419	training	4	8	12
skeletal_muscle__holdout_OSD-104	skeletal_muscle	confirmatory_per_tissue	OSD-576	training	9	9	18
skeletal_muscle__holdout_OSD-104	skeletal_muscle	confirmatory_per_tissue	OSD-665	training	9	9	18
skeletal_muscle__holdout_OSD-104	skeletal_muscle	confirmatory_per_tissue	OSD-666	training	9	9	18
skeletal_muscle__holdout_OSD-104	skeletal_muscle	confirmatory_per_tissue	OSD-714	training	12	9	21
skeletal_muscle__holdout_OSD-104	skeletal_muscle	confirmatory_per_tissue	OSD-770	training	9	9	18
skeletal_muscle__holdout_OSD-104	skeletal_muscle	confirmatory_per_tissue	OSD-99	training	6	6	12
skeletal_muscle__holdout_OSD-103	skeletal_muscle	confirmatory_per_tissue	OSD-101	training	6	6	12
skeletal_muscle__holdout_OSD-103	skeletal_muscle	confirmatory_per_tissue	OSD-103	held_out	6	6	12
skeletal_muscle__holdout_OSD-103	skeletal_muscle	confirmatory_per_tissue	OSD-104	training	6	6	12
skeletal_muscle__holdout_OSD-103	skeletal_muscle	confirmatory_per_tissue	OSD-105	training	6	6	12
skeletal_muscle__holdout_OSD-103	skeletal_muscle	confirmatory_per_tissue	OSD-326	training	4	4	8
skeletal_muscle__holdout_OSD-103	skeletal_muscle	confirmatory_per_tissue	OSD-401	training	6	6	12
skeletal_muscle__holdout_OSD-103	skeletal_muscle	confirmatory_per_tissue	OSD-419	training	4	8	12
skeletal_muscle__holdout_OSD-103	skeletal_muscle	confirmatory_per_tissue	OSD-576	training	9	9	18
skeletal_muscle__holdout_OSD-103	skeletal_muscle	confirmatory_per_tissue	OSD-665	training	9	9	18
skeletal_muscle__holdout_OSD-103	skeletal_muscle	confirmatory_per_tissue	OSD-666	training	9	9	18
skeletal_muscle__holdout_OSD-103	skeletal_muscle	confirmatory_per_tissue	OSD-714	training	12	9	21
skeletal_muscle__holdout_OSD-103	skeletal_muscle	confirmatory_per_tissue	OSD-770	training	9	9	18
skeletal_muscle__holdout_OSD-103	skeletal_muscle	confirmatory_per_tissue	OSD-99	training	6	6	12
skeletal_muscle__holdout_OSD-99	skeletal_muscle	confirmatory_per_tissue	OSD-101	training	6	6	12
skeletal_muscle__holdout_OSD-99	skeletal_muscle	confirmatory_per_tissue	OSD-103	training	6	6	12
skeletal_muscle__holdout_OSD-99	skeletal_muscle	confirmatory_per_tissue	OSD-104	training	6	6	12
skeletal_muscle__holdout_OSD-99	skeletal_muscle	confirmatory_per_tissue	OSD-105	training	6	6	12
skeletal_muscle__holdout_OSD-99	skeletal_muscle	confirmatory_per_tissue	OSD-326	training	4	4	8
skeletal_muscle__holdout_OSD-99	skeletal_muscle	confirmatory_per_tissue	OSD-401	training	6	6	12
skeletal_muscle__holdout_OSD-99	skeletal_muscle	confirmatory_per_tissue	OSD-419	training	4	8	12
skeletal_muscle__holdout_OSD-99	skeletal_muscle	confirmatory_per_tissue	OSD-576	training	9	9	18
skeletal_muscle__holdout_OSD-99	skeletal_muscle	confirmatory_per_tissue	OSD-665	training	9	9	18
skeletal_muscle__holdout_OSD-99	skeletal_muscle	confirmatory_per_tissue	OSD-666	training	9	9	18
skeletal_muscle__holdout_OSD-99	skeletal_muscle	confirmatory_per_tissue	OSD-714	training	12	9	21
skeletal_muscle__holdout_OSD-99	skeletal_muscle	confirmatory_per_tissue	OSD-770	training	9	9	18
skeletal_muscle__holdout_OSD-99	skeletal_muscle	confirmatory_per_tissue	OSD-99	held_out	6	6	12
skeletal_muscle__holdout_OSD-714	skeletal_muscle	confirmatory_per_tissue	OSD-101	training	6	6	12
skeletal_muscle__holdout_OSD-714	skeletal_muscle	confirmatory_per_tissue	OSD-103	training	6	6	12
skeletal_muscle__holdout_OSD-714	skeletal_muscle	confirmatory_per_tissue	OSD-104	training	6	6	12
skeletal_muscle__holdout_OSD-714	skeletal_muscle	confirmatory_per_tissue	OSD-105	training	6	6	12
skeletal_muscle__holdout_OSD-714	skeletal_muscle	confirmatory_per_tissue	OSD-326	training	4	4	8
skeletal_muscle__holdout_OSD-714	skeletal_muscle	confirmatory_per_tissue	OSD-401	training	6	6	12
skeletal_muscle__holdout_OSD-714	skeletal_muscle	confirmatory_per_tissue	OSD-419	training	4	8	12
skeletal_muscle__holdout_OSD-714	skeletal_muscle	confirmatory_per_tissue	OSD-576	training	9	9	18
skeletal_muscle__holdout_OSD-714	skeletal_muscle	confirmatory_per_tissue	OSD-665	training	9	9	18
skeletal_muscle__holdout_OSD-714	skeletal_muscle	confirmatory_per_tissue	OSD-666	training	9	9	18
skeletal_muscle__holdout_OSD-714	skeletal_muscle	confirmatory_per_tissue	OSD-714	held_out	12	9	21
skeletal_muscle__holdout_OSD-714	skeletal_muscle	confirmatory_per_tissue	OSD-770	training	9	9	18
skeletal_muscle__holdout_OSD-714	skeletal_muscle	confirmatory_per_tissue	OSD-99	training	6	6	12
skeletal_muscle__holdout_OSD-666	skeletal_muscle	confirmatory_per_tissue	OSD-101	training	6	6	12
skeletal_muscle__holdout_OSD-666	skeletal_muscle	confirmatory_per_tissue	OSD-103	training	6	6	12
skeletal_muscle__holdout_OSD-666	skeletal_muscle	confirmatory_per_tissue	OSD-104	training	6	6	12
skeletal_muscle__holdout_OSD-666	skeletal_muscle	confirmatory_per_tissue	OSD-105	training	6	6	12
skeletal_muscle__holdout_OSD-666	skeletal_muscle	confirmatory_per_tissue	OSD-326	training	4	4	8
skeletal_muscle__holdout_OSD-666	skeletal_muscle	confirmatory_per_tissue	OSD-401	training	6	6	12
skeletal_muscle__holdout_OSD-666	skeletal_muscle	confirmatory_per_tissue	OSD-419	training	4	8	12
skeletal_muscle__holdout_OSD-666	skeletal_muscle	confirmatory_per_tissue	OSD-576	training	9	9	18
skeletal_muscle__holdout_OSD-666	skeletal_muscle	confirmatory_per_tissue	OSD-665	training	9	9	18
skeletal_muscle__holdout_OSD-666	skeletal_muscle	confirmatory_per_tissue	OSD-666	held_out	9	9	18
skeletal_muscle__holdout_OSD-666	skeletal_muscle	confirmatory_per_tissue	OSD-714	training	12	9	21
skeletal_muscle__holdout_OSD-666	skeletal_muscle	confirmatory_per_tissue	OSD-770	training	9	9	18
skeletal_muscle__holdout_OSD-666	skeletal_muscle	confirmatory_per_tissue	OSD-99	training	6	6	12
skeletal_muscle__holdout_OSD-665	skeletal_muscle	confirmatory_per_tissue	OSD-101	training	6	6	12
skeletal_muscle__holdout_OSD-665	skeletal_muscle	confirmatory_per_tissue	OSD-103	training	6	6	12
skeletal_muscle__holdout_OSD-665	skeletal_muscle	confirmatory_per_tissue	OSD-104	training	6	6	12
skeletal_muscle__holdout_OSD-665	skeletal_muscle	confirmatory_per_tissue	OSD-105	training	6	6	12
skeletal_muscle__holdout_OSD-665	skeletal_muscle	confirmatory_per_tissue	OSD-326	training	4	4	8
skeletal_muscle__holdout_OSD-665	skeletal_muscle	confirmatory_per_tissue	OSD-401	training	6	6	12
skeletal_muscle__holdout_OSD-665	skeletal_muscle	confirmatory_per_tissue	OSD-419	training	4	8	12
skeletal_muscle__holdout_OSD-665	skeletal_muscle	confirmatory_per_tissue	OSD-576	training	9	9	18
skeletal_muscle__holdout_OSD-665	skeletal_muscle	confirmatory_per_tissue	OSD-665	held_out	9	9	18
skeletal_muscle__holdout_OSD-665	skeletal_muscle	confirmatory_per_tissue	OSD-666	training	9	9	18
skeletal_muscle__holdout_OSD-665	skeletal_muscle	confirmatory_per_tissue	OSD-714	training	12	9	21
skeletal_muscle__holdout_OSD-665	skeletal_muscle	confirmatory_per_tissue	OSD-770	training	9	9	18
skeletal_muscle__holdout_OSD-665	skeletal_muscle	confirmatory_per_tissue	OSD-99	training	6	6	12
skeletal_muscle__holdout_OSD-326	skeletal_muscle	confirmatory_per_tissue	OSD-101	training	6	6	12
skeletal_muscle__holdout_OSD-326	skeletal_muscle	confirmatory_per_tissue	OSD-103	training	6	6	12
skeletal_muscle__holdout_OSD-326	skeletal_muscle	confirmatory_per_tissue	OSD-104	training	6	6	12
skeletal_muscle__holdout_OSD-326	skeletal_muscle	confirmatory_per_tissue	OSD-105	training	6	6	12
skeletal_muscle__holdout_OSD-326	skeletal_muscle	confirmatory_per_tissue	OSD-326	held_out	4	4	8
skeletal_muscle__holdout_OSD-326	skeletal_muscle	confirmatory_per_tissue	OSD-401	training	6	6	12
skeletal_muscle__holdout_OSD-326	skeletal_muscle	confirmatory_per_tissue	OSD-419	training	4	8	12
skeletal_muscle__holdout_OSD-326	skeletal_muscle	confirmatory_per_tissue	OSD-576	training	9	9	18
skeletal_muscle__holdout_OSD-326	skeletal_muscle	confirmatory_per_tissue	OSD-665	training	9	9	18
skeletal_muscle__holdout_OSD-326	skeletal_muscle	confirmatory_per_tissue	OSD-666	training	9	9	18
skeletal_muscle__holdout_OSD-326	skeletal_muscle	confirmatory_per_tissue	OSD-714	training	12	9	21
skeletal_muscle__holdout_OSD-326	skeletal_muscle	confirmatory_per_tissue	OSD-770	training	9	9	18
skeletal_muscle__holdout_OSD-326	skeletal_muscle	confirmatory_per_tissue	OSD-99	training	6	6	12
skeletal_muscle__holdout_OSD-101	skeletal_muscle	confirmatory_per_tissue	OSD-101	held_out	6	6	12
skeletal_muscle__holdout_OSD-101	skeletal_muscle	confirmatory_per_tissue	OSD-103	training	6	6	12
skeletal_muscle__holdout_OSD-101	skeletal_muscle	confirmatory_per_tissue	OSD-104	training	6	6	12
skeletal_muscle__holdout_OSD-101	skeletal_muscle	confirmatory_per_tissue	OSD-105	training	6	6	12
skeletal_muscle__holdout_OSD-101	skeletal_muscle	confirmatory_per_tissue	OSD-326	training	4	4	8
skeletal_muscle__holdout_OSD-101	skeletal_muscle	confirmatory_per_tissue	OSD-401	training	6	6	12
skeletal_muscle__holdout_OSD-101	skeletal_muscle	confirmatory_per_tissue	OSD-419	training	4	8	12
skeletal_muscle__holdout_OSD-101	skeletal_muscle	confirmatory_per_tissue	OSD-576	training	9	9	18
skeletal_muscle__holdout_OSD-101	skeletal_muscle	confirmatory_per_tissue	OSD-665	training	9	9	18
skeletal_muscle__holdout_OSD-101	skeletal_muscle	confirmatory_per_tissue	OSD-666	training	9	9	18
skeletal_muscle__holdout_OSD-101	skeletal_muscle	confirmatory_per_tissue	OSD-714	training	12	9	21
skeletal_muscle__holdout_OSD-101	skeletal_muscle	confirmatory_per_tissue	OSD-770	training	9	9	18
skeletal_muscle__holdout_OSD-101	skeletal_muscle	confirmatory_per_tissue	OSD-99	training	6	6	12
skeletal_muscle__holdout_OSD-419	skeletal_muscle	confirmatory_per_tissue	OSD-101	training	6	6	12
skeletal_muscle__holdout_OSD-419	skeletal_muscle	confirmatory_per_tissue	OSD-103	training	6	6	12
skeletal_muscle__holdout_OSD-419	skeletal_muscle	confirmatory_per_tissue	OSD-104	training	6	6	12
skeletal_muscle__holdout_OSD-419	skeletal_muscle	confirmatory_per_tissue	OSD-105	training	6	6	12
skeletal_muscle__holdout_OSD-419	skeletal_muscle	confirmatory_per_tissue	OSD-326	training	4	4	8
skeletal_muscle__holdout_OSD-419	skeletal_muscle	confirmatory_per_tissue	OSD-401	training	6	6	12
skeletal_muscle__holdout_OSD-419	skeletal_muscle	confirmatory_per_tissue	OSD-419	held_out	4	8	12
skeletal_muscle__holdout_OSD-419	skeletal_muscle	confirmatory_per_tissue	OSD-576	training	9	9	18
skeletal_muscle__holdout_OSD-419	skeletal_muscle	confirmatory_per_tissue	OSD-665	training	9	9	18
skeletal_muscle__holdout_OSD-419	skeletal_muscle	confirmatory_per_tissue	OSD-666	training	9	9	18
skeletal_muscle__holdout_OSD-419	skeletal_muscle	confirmatory_per_tissue	OSD-714	training	12	9	21
skeletal_muscle__holdout_OSD-419	skeletal_muscle	confirmatory_per_tissue	OSD-770	training	9	9	18
skeletal_muscle__holdout_OSD-419	skeletal_muscle	confirmatory_per_tissue	OSD-99	training	6	6	12
skeletal_muscle__holdout_OSD-105	skeletal_muscle	confirmatory_per_tissue	OSD-101	training	6	6	12
skeletal_muscle__holdout_OSD-105	skeletal_muscle	confirmatory_per_tissue	OSD-103	training	6	6	12
skeletal_muscle__holdout_OSD-105	skeletal_muscle	confirmatory_per_tissue	OSD-104	training	6	6	12
skeletal_muscle__holdout_OSD-105	skeletal_muscle	confirmatory_per_tissue	OSD-105	held_out	6	6	12
skeletal_muscle__holdout_OSD-105	skeletal_muscle	confirmatory_per_tissue	OSD-326	training	4	4	8
skeletal_muscle__holdout_OSD-105	skeletal_muscle	confirmatory_per_tissue	OSD-401	training	6	6	12
skeletal_muscle__holdout_OSD-105	skeletal_muscle	confirmatory_per_tissue	OSD-419	training	4	8	12
skeletal_muscle__holdout_OSD-105	skeletal_muscle	confirmatory_per_tissue	OSD-576	training	9	9	18
skeletal_muscle__holdout_OSD-105	skeletal_muscle	confirmatory_per_tissue	OSD-665	training	9	9	18
skeletal_muscle__holdout_OSD-105	skeletal_muscle	confirmatory_per_tissue	OSD-666	training	9	9	18
skeletal_muscle__holdout_OSD-105	skeletal_muscle	confirmatory_per_tissue	OSD-714	training	12	9	21
skeletal_muscle__holdout_OSD-105	skeletal_muscle	confirmatory_per_tissue	OSD-770	training	9	9	18
skeletal_muscle__holdout_OSD-105	skeletal_muscle	confirmatory_per_tissue	OSD-99	training	6	6	12
skin__holdout_OSD-243	skin	confirmatory_per_tissue	OSD-238	training	12	6	18
skin__holdout_OSD-243	skin	confirmatory_per_tissue	OSD-239	training	11	6	17
skin__holdout_OSD-243	skin	confirmatory_per_tissue	OSD-240	training	10	10	20
skin__holdout_OSD-243	skin	confirmatory_per_tissue	OSD-241	training	9	10	19
skin__holdout_OSD-243	skin	confirmatory_per_tissue	OSD-243	held_out	18	19	37
skin__holdout_OSD-243	skin	confirmatory_per_tissue	OSD-254	training	20	20	40
skin__holdout_OSD-240	skin	confirmatory_per_tissue	OSD-238	training	12	6	18
skin__holdout_OSD-240	skin	confirmatory_per_tissue	OSD-239	training	11	6	17
skin__holdout_OSD-240	skin	confirmatory_per_tissue	OSD-240	held_out	10	10	20
skin__holdout_OSD-240	skin	confirmatory_per_tissue	OSD-241	training	9	10	19
skin__holdout_OSD-240	skin	confirmatory_per_tissue	OSD-243	training	18	19	37
skin__holdout_OSD-240	skin	confirmatory_per_tissue	OSD-254	training	20	20	40
skin__holdout_OSD-239	skin	confirmatory_per_tissue	OSD-238	training	12	6	18
skin__holdout_OSD-239	skin	confirmatory_per_tissue	OSD-239	held_out	11	6	17
skin__holdout_OSD-239	skin	confirmatory_per_tissue	OSD-240	training	10	10	20
skin__holdout_OSD-239	skin	confirmatory_per_tissue	OSD-241	training	9	10	19
skin__holdout_OSD-239	skin	confirmatory_per_tissue	OSD-243	training	18	19	37
skin__holdout_OSD-239	skin	confirmatory_per_tissue	OSD-254	training	20	20	40
skin__holdout_OSD-254	skin	confirmatory_per_tissue	OSD-238	training	12	6	18
skin__holdout_OSD-254	skin	confirmatory_per_tissue	OSD-239	training	11	6	17
skin__holdout_OSD-254	skin	confirmatory_per_tissue	OSD-240	training	10	10	20
skin__holdout_OSD-254	skin	confirmatory_per_tissue	OSD-241	training	9	10	19
skin__holdout_OSD-254	skin	confirmatory_per_tissue	OSD-243	training	18	19	37
skin__holdout_OSD-254	skin	confirmatory_per_tissue	OSD-254	held_out	20	20	40
skin__holdout_OSD-238	skin	confirmatory_per_tissue	OSD-238	held_out	12	6	18
skin__holdout_OSD-238	skin	confirmatory_per_tissue	OSD-239	training	11	6	17
skin__holdout_OSD-238	skin	confirmatory_per_tissue	OSD-240	training	10	10	20
skin__holdout_OSD-238	skin	confirmatory_per_tissue	OSD-241	training	9	10	19
skin__holdout_OSD-238	skin	confirmatory_per_tissue	OSD-243	training	18	19	37
skin__holdout_OSD-238	skin	confirmatory_per_tissue	OSD-254	training	20	20	40
skin__holdout_OSD-241	skin	confirmatory_per_tissue	OSD-238	training	12	6	18
skin__holdout_OSD-241	skin	confirmatory_per_tissue	OSD-239	training	11	6	17
skin__holdout_OSD-241	skin	confirmatory_per_tissue	OSD-240	training	10	10	20
skin__holdout_OSD-241	skin	confirmatory_per_tissue	OSD-241	held_out	9	10	19
skin__holdout_OSD-241	skin	confirmatory_per_tissue	OSD-243	training	18	19	37
skin__holdout_OSD-241	skin	confirmatory_per_tissue	OSD-254	training	20	20	40
spleen__holdout_OSD-288	spleen	confirmatory_per_tissue	OSD-164	training	3	3	6
spleen__holdout_OSD-288	spleen	confirmatory_per_tissue	OSD-246	training	15	16	31
spleen__holdout_OSD-288	spleen	confirmatory_per_tissue	OSD-288	held_out	6	3	9
spleen__holdout_OSD-288	spleen	confirmatory_per_tissue	OSD-420	training	10	10	20
spleen__holdout_OSD-288	spleen	confirmatory_per_tissue	OSD-457	training	12	12	24
spleen__holdout_OSD-288	spleen	confirmatory_per_tissue	OSD-506	training	9	9	18
spleen__holdout_OSD-457	spleen	confirmatory_per_tissue	OSD-164	training	3	3	6
spleen__holdout_OSD-457	spleen	confirmatory_per_tissue	OSD-246	training	15	16	31
spleen__holdout_OSD-457	spleen	confirmatory_per_tissue	OSD-288	training	6	3	9
spleen__holdout_OSD-457	spleen	confirmatory_per_tissue	OSD-420	training	10	10	20
spleen__holdout_OSD-457	spleen	confirmatory_per_tissue	OSD-457	held_out	12	12	24
spleen__holdout_OSD-457	spleen	confirmatory_per_tissue	OSD-506	training	9	9	18
spleen__holdout_OSD-246	spleen	confirmatory_per_tissue	OSD-164	training	3	3	6
spleen__holdout_OSD-246	spleen	confirmatory_per_tissue	OSD-246	held_out	15	16	31
spleen__holdout_OSD-246	spleen	confirmatory_per_tissue	OSD-288	training	6	3	9
spleen__holdout_OSD-246	spleen	confirmatory_per_tissue	OSD-420	training	10	10	20
spleen__holdout_OSD-246	spleen	confirmatory_per_tissue	OSD-457	training	12	12	24
spleen__holdout_OSD-246	spleen	confirmatory_per_tissue	OSD-506	training	9	9	18
spleen__holdout_OSD-506	spleen	confirmatory_per_tissue	OSD-164	training	3	3	6
spleen__holdout_OSD-506	spleen	confirmatory_per_tissue	OSD-246	training	15	16	31
spleen__holdout_OSD-506	spleen	confirmatory_per_tissue	OSD-288	training	6	3	9
spleen__holdout_OSD-506	spleen	confirmatory_per_tissue	OSD-420	training	10	10	20
spleen__holdout_OSD-506	spleen	confirmatory_per_tissue	OSD-457	training	12	12	24
spleen__holdout_OSD-506	spleen	confirmatory_per_tissue	OSD-506	held_out	9	9	18
spleen__holdout_OSD-164	spleen	confirmatory_per_tissue	OSD-164	held_out	3	3	6
spleen__holdout_OSD-164	spleen	confirmatory_per_tissue	OSD-246	training	15	16	31
spleen__holdout_OSD-164	spleen	confirmatory_per_tissue	OSD-288	training	6	3	9
spleen__holdout_OSD-164	spleen	confirmatory_per_tissue	OSD-420	training	10	10	20
spleen__holdout_OSD-164	spleen	confirmatory_per_tissue	OSD-457	training	12	12	24
spleen__holdout_OSD-164	spleen	confirmatory_per_tissue	OSD-506	training	9	9	18
spleen__holdout_OSD-420	spleen	confirmatory_per_tissue	OSD-164	training	3	3	6
spleen__holdout_OSD-420	spleen	confirmatory_per_tissue	OSD-246	training	15	16	31
spleen__holdout_OSD-420	spleen	confirmatory_per_tissue	OSD-288	training	6	3	9
spleen__holdout_OSD-420	spleen	confirmatory_per_tissue	OSD-420	held_out	10	10	20
spleen__holdout_OSD-420	spleen	confirmatory_per_tissue	OSD-457	training	12	12	24
spleen__holdout_OSD-420	spleen	confirmatory_per_tissue	OSD-506	training	9	9	18
thymus__holdout_OSD-515	thymus	confirmatory_per_tissue	OSD-244	training	19	19	38
thymus__holdout_OSD-515	thymus	confirmatory_per_tissue	OSD-289	training	12	3	15
thymus__holdout_OSD-515	thymus	confirmatory_per_tissue	OSD-421	training	10	10	20
thymus__holdout_OSD-515	thymus	confirmatory_per_tissue	OSD-457	training	12	12	24
thymus__holdout_OSD-515	thymus	confirmatory_per_tissue	OSD-515	held_out	9	9	18
thymus__holdout_OSD-421	thymus	confirmatory_per_tissue	OSD-244	training	19	19	38
thymus__holdout_OSD-421	thymus	confirmatory_per_tissue	OSD-289	training	12	3	15
thymus__holdout_OSD-421	thymus	confirmatory_per_tissue	OSD-421	held_out	10	10	20
thymus__holdout_OSD-421	thymus	confirmatory_per_tissue	OSD-457	training	12	12	24
thymus__holdout_OSD-421	thymus	confirmatory_per_tissue	OSD-515	training	9	9	18
thymus__holdout_OSD-457	thymus	confirmatory_per_tissue	OSD-244	training	19	19	38
thymus__holdout_OSD-457	thymus	confirmatory_per_tissue	OSD-289	training	12	3	15
thymus__holdout_OSD-457	thymus	confirmatory_per_tissue	OSD-421	training	10	10	20
thymus__holdout_OSD-457	thymus	confirmatory_per_tissue	OSD-457	held_out	12	12	24
thymus__holdout_OSD-457	thymus	confirmatory_per_tissue	OSD-515	training	9	9	18
thymus__holdout_OSD-244	thymus	confirmatory_per_tissue	OSD-244	held_out	19	19	38
thymus__holdout_OSD-244	thymus	confirmatory_per_tissue	OSD-289	training	12	3	15
thymus__holdout_OSD-244	thymus	confirmatory_per_tissue	OSD-421	training	10	10	20
thymus__holdout_OSD-244	thymus	confirmatory_per_tissue	OSD-457	training	12	12	24
thymus__holdout_OSD-244	thymus	confirmatory_per_tissue	OSD-515	training	9	9	18
thymus__holdout_OSD-289	thymus	confirmatory_per_tissue	OSD-244	training	19	19	38
thymus__holdout_OSD-289	thymus	confirmatory_per_tissue	OSD-289	held_out	12	3	15
thymus__holdout_OSD-289	thymus	confirmatory_per_tissue	OSD-421	training	10	10	20
thymus__holdout_OSD-289	thymus	confirmatory_per_tissue	OSD-457	training	12	12	24
thymus__holdout_OSD-289	thymus	confirmatory_per_tissue	OSD-515	training	9	9	18
