reference_number	status	title_similarity	doi	doi_url	manuscript_title	registry_title	registry_journal	registry_year	verified_at_utc
1	verified	1.0	10.1093/nar/gkae1116	https://doi.org/10.1093/nar/gkae1116	NASA open science data repository: open science for life in space	NASA open science data repository: open science for life in space	Nucleic Acids Research	2025	2026-07-14T21:54:08.017117+00:00
2	verified	1.0	10.1038/s41556-022-01072-x	https://doi.org/10.1038/s41556-022-01072-x	Biologically informed deep learning to query gene programs in single-cell atlases	Biologically informed deep learning to query gene programs in single-cell atlases	Nature Cell Biology	2023	2026-07-14T21:54:08.017117+00:00
3	verified	1.0	10.1038/s41587-021-01001-7	https://doi.org/10.1038/s41587-021-01001-7	Mapping single-cell data to reference atlases by transfer learning	Mapping single-cell data to reference atlases by transfer learning	Nature Biotechnology	2022	2026-07-14T21:54:08.017117+00:00
4	verified	1.0	10.1038/s41467-018-03751-6	https://doi.org/10.1038/s41467-018-03751-6	Massive mining of publicly available RNA-seq data from human and mouse	Massive mining of publicly available RNA-seq data from human and mouse	Nature Communications	2018	2026-07-14T21:54:08.017117+00:00
5	verified	1.0	10.1093/nar/gkad1025	https://doi.org/10.1093/nar/gkad1025	The Reactome Pathway Knowledgebase 2024	The Reactome Pathway Knowledgebase 2024	Nucleic Acids Research	2024	2026-07-14T21:54:08.017117+00:00
6	verified	1.0	10.1038/s41598-019-56432-9	https://doi.org/10.1038/s41598-019-56432-9	Impact of spaceflight on the murine thymus and mitigation by exposure to artificial gravity during spaceflight	Impact of spaceflight on the murine thymus and mitigation by exposure to artificial gravity during spaceflight	Scientific Reports	2019	2026-07-14T21:54:08.017117+00:00
7	verified	1.0	10.1371/journal.pone.0075097	https://doi.org/10.1371/journal.pone.0075097	Changes in mouse thymus and spleen after return from the STS-135 mission in space	Changes in Mouse Thymus and Spleen after Return from the STS-135 Mission in Space	PLoS ONE	2013	2026-07-14T21:54:08.017117+00:00
8	verified	1.0	10.1002/jcb.22547	https://doi.org/10.1002/jcb.22547	Microarray analysis of spaceflown murine thymus tissue reveals changes in gene expression regulating stress and glucocorticoid receptors	Microarray analysis of spaceflown murine thymus tissue reveals changes in gene expression regulating stress and glucocorticoid receptors	Journal of Cellular Biochemistry	2010	2026-07-14T21:54:08.017117+00:00
9	verified	1.0	10.1038/s41598-024-79315-0	https://doi.org/10.1038/s41598-024-79315-0	Impact of microgravity and lunar gravity on murine skeletal and immune systems during space travel	Impact of microgravity and lunar gravity on murine skeletal and immune systems during space travel	Scientific Reports	2024	2026-07-14T21:54:08.017117+00:00
10	verified	1.0	10.1038/s42003-023-05251-w	https://doi.org/10.1038/s42003-023-05251-w	Nrf2 alleviates spaceflight-induced immunosuppression and thrombotic microangiopathy in mice	Nrf2 alleviates spaceflight-induced immunosuppression and thrombotic microangiopathy in mice	Communications Biology	2023	2026-07-14T21:54:08.017117+00:00
11	verified	1.0	10.1038/s41467-026-68737-1	https://doi.org/10.1038/s41467-026-68737-1	MiRNAs shape mouse age-independent tissue adaptation to spaceflight via ECM and developmental pathways	MiRNAs shape mouse age-independent tissue adaptation to spaceflight via ECM and developmental pathways	Nature Communications	2026	2026-07-14T21:54:08.017117+00:00
12	verified	1.0	10.1038/s43856-024-00532-9	https://doi.org/10.1038/s43856-024-00532-9	Transcriptomics analysis reveals molecular alterations underpinning spaceflight dermatology	Transcriptomics analysis reveals molecular alterations underpinning spaceflight dermatology	Communications Medicine	2024	2026-07-14T21:54:08.017117+00:00
13	verified	1.0	10.1038/s41467-024-48625-2	https://doi.org/10.1038/s41467-024-48625-2	Spatial multi-omics of human skin reveals KRAS and inflammatory responses to spaceflight	Spatial multi-omics of human skin reveals KRAS and inflammatory responses to spaceflight	Nature Communications	2024	2026-07-14T21:54:08.017117+00:00
14	verified	1.0	10.3109/10715762.2014.920086	https://doi.org/10.3109/10715762.2014.920086	Biological and metabolic response in STS-135 space-flown mouse skin	Biological and metabolic response in STS-135 space-flown mouse skin	Free Radical Research	2014	2026-07-14T21:54:08.017117+00:00
15	verified	1.0	10.1038/npjmgrav.2015.2	https://doi.org/10.1038/npjmgrav.2015.2	Skin physiology in microgravity: a 3-month stay aboard ISS induces dermal atrophy and affects cutaneous muscle and hair follicles cycling in mice	Skin physiology in microgravity: a 3-month stay aboard ISS induces dermal atrophy and affects cutaneous muscle and hair follicles cycling in mice	npj Microgravity	2015	2026-07-14T21:54:08.017117+00:00
16	verified	1.0	10.1016/j.lfs.2025.123842	https://doi.org/10.1016/j.lfs.2025.123842	Microgravity modulates keratinocyte, fibroblast, and endothelial cell communication during wound healing	Microgravity modulates keratinocyte, fibroblast, and endothelial cell communication during wound healing	Life Sciences	2025	2026-07-14T21:54:08.017117+00:00
17	verified	1.0	10.1038/s41598-019-55869-2	https://doi.org/10.1038/s41598-019-55869-2	Multi-omics analysis of multiple missions to space reveal a theme of lipid dysregulation in mouse liver	Multi-omics analysis of multiple missions to space reveal a theme of lipid dysregulation in mouse liver	Scientific Reports	2019	2026-07-14T21:54:08.017117+00:00
18	verified	1.0	10.1371/journal.pone.0152877	https://doi.org/10.1371/journal.pone.0152877	Spaceflight activates lipotoxic pathways in mouse liver	Spaceflight Activates Lipotoxic Pathways in Mouse Liver	PLOS ONE	2016	2026-07-14T21:54:08.017117+00:00
19	verified	1.0	10.1371/journal.pone.0142374	https://doi.org/10.1371/journal.pone.0142374	Spaceflight effects on cytochrome P450 content in mouse liver	Spaceflight Effects on Cytochrome P450 Content in Mouse Liver	PLOS ONE	2015	2026-07-14T21:54:08.017117+00:00
20	verified	1.0	10.1038/s41598-021-01129-1	https://doi.org/10.1038/s41598-021-01129-1	Impact of spaceflight and artificial gravity on sulfur metabolism in mouse liver: sulfur metabolomic and transcriptomic analysis	Impact of spaceflight and artificial gravity on sulfur metabolism in mouse liver: sulfur metabolomic and transcriptomic analysis	Scientific Reports	2021	2026-07-14T21:54:08.017117+00:00
21	verified	1.0	10.1038/s42003-023-05213-2	https://doi.org/10.1038/s42003-023-05213-2	Spaceflight induces changes in gene expression profiles linked to insulin and estrogen	Spaceflight induces changes in gene expression profiles linked to insulin and estrogen	Communications Biology	2024	2026-07-14T21:54:08.017117+00:00
22	verified	1.0	10.1016/j.cell.2020.11.002	https://doi.org/10.1016/j.cell.2020.11.002	Comprehensive multi-omics analysis reveals mitochondrial stress as a central biological hub for spaceflight impact	Comprehensive Multi-omics Analysis Reveals Mitochondrial Stress as a Central Biological Hub for Spaceflight Impact	Cell	2020	2026-07-14T21:54:08.017117+00:00
23	verified	1.0	10.1016/j.scib.2026.01.072	https://doi.org/10.1016/j.scib.2026.01.072	Shear flow alleviates spaceflight-induced hepatic lipid dysregulation via suppression of SREBP mechanotransduction	Shear flow alleviates spaceflight-induced hepatic lipid dysregulation via suppression of SREBP mechanotransduction	Science Bulletin	2026	2026-07-14T21:54:08.017117+00:00
24	verified	1.0	10.1371/journal.pone.0169314	https://doi.org/10.1371/journal.pone.0169314	Gene expression profiling in slow-type calf soleus muscle of 30 days space-flown mice	Gene Expression Profiling in Slow-Type Calf Soleus Muscle of 30 Days Space-Flown Mice	PLOS ONE	2017	2026-07-14T21:54:08.017117+00:00
25	verified	1.0	10.1038/s41598-021-88392-4	https://doi.org/10.1038/s41598-021-88392-4	Transcriptome analysis of gravitational effects on mouse skeletal muscles under microgravity and artificial 1 g onboard environment	Transcriptome analysis of gravitational effects on mouse skeletal muscles under microgravity and artificial 1 g onboard environment	Scientific Reports	2021	2026-07-14T21:54:08.017117+00:00
26	verified	1.0	10.1021/acs.jproteome.7b00201	https://doi.org/10.1021/acs.jproteome.7b00201	Proteome-wide adaptations of mouse skeletal muscles during a full month in space	Proteome-wide Adaptations of Mouse Skeletal Muscles during a Full Month in Space	Journal of Proteome Research	2017	2026-07-14T21:54:08.017117+00:00
27	verified	1.0	10.1371/journal.pone.0033232	https://doi.org/10.1371/journal.pone.0033232	Adaptation of mouse skeletal muscle to long-term microgravity in the MDS mission	Adaptation of Mouse Skeletal Muscle to Long-Term Microgravity in the MDS Mission	PLoS ONE	2012	2026-07-14T21:54:08.017117+00:00
28	verified	1.0	10.1038/s41526-024-00406-3	https://doi.org/10.1038/s41526-024-00406-3	Spaceflight on the ISS changed the skeletal muscle proteome of two astronauts	Spaceflight on the ISS changed the skeletal muscle proteome of two astronauts	npj Microgravity	2024	2026-07-14T21:54:08.017117+00:00
29	verified	1.0	10.1126/sciadv.aed2258	https://doi.org/10.1126/sciadv.aed2258	0.33 g mitigates muscle atrophy while 0.67 g preserves muscle function and myofiber type composition in mice during spaceflight	0.33 g mitigates muscle atrophy while 0.67 g preserves muscle function and myofiber type composition in mice during spaceflight	Science Advances	2026	2026-07-14T21:54:08.017117+00:00
30	verified	1.0	10.1038/s41526-024-00419-y	https://doi.org/10.1038/s41526-024-00419-y	Spaceflight increases sarcoplasmic reticulum Ca2+ leak and this cannot be counteracted with BuOE treatment	Spaceflight increases sarcoplasmic reticulum Ca2+ leak and this cannot be counteracted with BuOE treatment	npj Microgravity	2024	2026-07-14T21:54:08.017117+00:00
31	verified	1.0	10.1073/pnas.0506580102	https://doi.org/10.1073/pnas.0506580102	Gene set enrichment analysis: a knowledge-based approach for interpreting genome-wide expression profiles	Gene set enrichment analysis: A knowledge-based approach for interpreting genome-wide expression profiles	Proceedings of the National Academy of Sciences	2005	2026-07-14T21:54:08.017117+00:00
32	verified	1.0	10.1093/bioinformatics/btac757	https://doi.org/10.1093/bioinformatics/btac757	GSEApy: a comprehensive package for performing gene set enrichment analysis in Python	GSEApy: a comprehensive package for performing gene set enrichment analysis in Python	Bioinformatics	2023	2026-07-14T21:54:08.017117+00:00
33	verified	1.0	10.1038/s41586-020-2496-1	https://doi.org/10.1038/s41586-020-2496-1	A single-cell transcriptomic atlas characterizes ageing tissues in the mouse	A single-cell transcriptomic atlas characterizes ageing tissues in the mouse	Nature	2020	2026-07-14T21:54:08.017117+00:00
34	verified	1.0	10.1038/s41598-019-44067-9	https://doi.org/10.1038/s41598-019-44067-9	Down-regulation of GATA1-dependent erythrocyte-related genes in the spleens of mice exposed to a space travel	Down-regulation of GATA1-dependent erythrocyte-related genes in the spleens of mice exposed to a space travel	Scientific Reports	2019	2026-07-14T21:54:08.017117+00:00
35	verified	1.0	10.1152/japplphysiol.91126.2008	https://doi.org/10.1152/japplphysiol.91126.2008	Spaceflight effects on T lymphocyte distribution, function and gene expression	Spaceflight effects on T lymphocyte distribution, function and gene expression	Journal of Applied Physiology	2009	2026-07-14T21:54:08.017117+00:00
36	verified	1.0	10.1152/ajpregu.00449.2014	https://doi.org/10.1152/ajpregu.00449.2014	Spaceflight and simulated microgravity cause a significant reduction of key gene expression in early T-cell activation	Spaceflight and simulated microgravity cause a significant reduction of key gene expression in early T-cell activation	American Journal of Physiology-Regulatory, Integrative and Comparative Physiology	2015	2026-07-14T21:54:08.017117+00:00
37	verified	1.0	10.1371/journal.pone.0124380	https://doi.org/10.1371/journal.pone.0124380	Post-spaceflight (STS-135) mouse splenocytes demonstrate altered activation properties and surface molecule expression	Post-Spaceflight (STS-135) Mouse Splenocytes Demonstrate Altered Activation Properties and Surface Molecule Expression	PLOS ONE	2015	2026-07-14T21:54:08.017117+00:00
38	verified	1.0	10.1038/s41467-023-42013-y	https://doi.org/10.1038/s41467-023-42013-y	Single-cell analysis identifies conserved features of immune dysfunction in simulated microgravity and spaceflight	Single-cell analysis identifies conserved features of immune dysfunction in simulated microgravity and spaceflight	Nature Communications	2024	2026-07-14T21:54:08.017117+00:00
39	verified	1.0	10.1016/j.isci.2025.114380	https://doi.org/10.1016/j.isci.2025.114380	Spaceflight alters the immune regulatory functions of neutrophil granulocytes on T lymphocytes	Spaceflight alters the immune regulatory functions of neutrophil granulocytes on T lymphocytes	iScience	2026	2026-07-14T21:54:08.017117+00:00
40	verified	1.0	10.1038/s41526-025-00465-0	https://doi.org/10.1038/s41526-025-00465-0	Spaceflight causes strain-dependent gene expression changes in the kidneys of mice	Spaceflight causes strain-dependent gene expression changes in the kidneys of mice	npj Microgravity	2025	2026-07-14T21:54:08.017117+00:00
41	verified	1.0	10.1038/s41467-024-49212-1	https://doi.org/10.1038/s41467-024-49212-1	Cosmic kidney disease: an integrated pan-omic, physiological and morphological study into spaceflight-induced renal dysfunction	Cosmic kidney disease: an integrated pan-omic, physiological and morphological study into spaceflight-induced renal dysfunction	Nature Communications	2024	2026-07-14T21:54:08.017117+00:00
42	verified	1.0	10.3390/ijms19124106	https://doi.org/10.3390/ijms19124106	Effects of space flight on mouse liver versus kidney: gene pathway analyses	Effects of Space Flight on Mouse Liver versus Kidney: Gene Pathway Analyses	International Journal of Molecular Sciences	2018	2026-07-14T21:54:08.017117+00:00
