tissue	accession	display_label	context_group	contrast_order	site	gravity	collection_context	term	short_label	pathway_order	n_flight	n_ground_control	flight_minus_ground
skin	OSD-238	Dorsal microgravity	MHU-2 gravity and skin site	0	dorsal skin	microgravity	live return; collected within one day	R-MMU-6805567_KERATINIZATION	Keratinization	0	6	6	-3.3141483333333346
skin	OSD-238	Dorsal microgravity	MHU-2 gravity and skin site	0	dorsal skin	microgravity	live return; collected within one day	R-MMU-73894_DNA_REPAIR	DNA repair	1	6	6	-0.9015497403333332
skin	OSD-238	Dorsal microgravity	MHU-2 gravity and skin site	0	dorsal skin	microgravity	live return; collected within one day	R-MMU-421270_CELL_CELL_JUNCTION_ORGANIZATION	Cell-cell junction organization	2	6	6	-0.40546109833333344
skin	OSD-238	Dorsal microgravity	MHU-2 gravity and skin site	0	dorsal skin	microgravity	live return; collected within one day	R-MMU-3247509_CHROMATIN_MODIFYING_ENZYMES	Chromatin-modifying enzymes	3	6	6	-1.929329595
skin	OSD-238	Dorsal microgravity	MHU-2 gravity and skin site	0	dorsal skin	microgravity	live return; collected within one day	R-MMU-190828_GAP_JUNCTION_TRAFFICKING	Gap-junction trafficking	4	6	6	-1.225724795
skin	OSD-238	Dorsal microgravity	MHU-2 gravity and skin site	0	dorsal skin	microgravity	live return; collected within one day	R-MMU-156580_PHASE_II_CONJUGATION_OF_COMPOUNDS	Phase II detoxification	5	6	6	-0.5162130533333332
skin	OSD-238	Dorsal microgravity	MHU-2 gravity and skin site	0	dorsal skin	microgravity	live return; collected within one day	R-MMU-5358351_SIGNALING_BY_HEDGEHOG	Hedgehog signaling	6	6	6	-0.6317484908333333
skin	OSD-238	Dorsal microgravity	MHU-2 gravity and skin site	0	dorsal skin	microgravity	live return; collected within one day	R-MMU-428157_SPHINGOLIPID_METABOLISM	Sphingolipid metabolism	7	6	6	-0.4440744849999999
skin	OSD-238	Dorsal artificial 1 g	MHU-2 gravity and skin site	1	dorsal skin	onboard artificial 1 g	live return; collected within one day	R-MMU-6805567_KERATINIZATION	Keratinization	0	6	6	-2.283476066666667
skin	OSD-238	Dorsal artificial 1 g	MHU-2 gravity and skin site	1	dorsal skin	onboard artificial 1 g	live return; collected within one day	R-MMU-73894_DNA_REPAIR	DNA repair	1	6	6	-0.43893706200000004
skin	OSD-238	Dorsal artificial 1 g	MHU-2 gravity and skin site	1	dorsal skin	onboard artificial 1 g	live return; collected within one day	R-MMU-421270_CELL_CELL_JUNCTION_ORGANIZATION	Cell-cell junction organization	2	6	6	-0.14222301166666673
skin	OSD-238	Dorsal artificial 1 g	MHU-2 gravity and skin site	1	dorsal skin	onboard artificial 1 g	live return; collected within one day	R-MMU-3247509_CHROMATIN_MODIFYING_ENZYMES	Chromatin-modifying enzymes	3	6	6	-1.3620410616666667
skin	OSD-238	Dorsal artificial 1 g	MHU-2 gravity and skin site	1	dorsal skin	onboard artificial 1 g	live return; collected within one day	R-MMU-190828_GAP_JUNCTION_TRAFFICKING	Gap-junction trafficking	4	6	6	-0.8563248016666667
skin	OSD-238	Dorsal artificial 1 g	MHU-2 gravity and skin site	1	dorsal skin	onboard artificial 1 g	live return; collected within one day	R-MMU-156580_PHASE_II_CONJUGATION_OF_COMPOUNDS	Phase II detoxification	5	6	6	-0.2915267033333332
skin	OSD-238	Dorsal artificial 1 g	MHU-2 gravity and skin site	1	dorsal skin	onboard artificial 1 g	live return; collected within one day	R-MMU-5358351_SIGNALING_BY_HEDGEHOG	Hedgehog signaling	6	6	6	-0.30048449583333336
skin	OSD-238	Dorsal artificial 1 g	MHU-2 gravity and skin site	1	dorsal skin	onboard artificial 1 g	live return; collected within one day	R-MMU-428157_SPHINGOLIPID_METABOLISM	Sphingolipid metabolism	7	6	6	-0.17991808149999994
skin	OSD-239	Femoral microgravity	MHU-2 gravity and skin site	2	femoral skin	microgravity	live return; collected within one day	R-MMU-6805567_KERATINIZATION	Keratinization	0	5	6	-2.3265228166666656
skin	OSD-239	Femoral microgravity	MHU-2 gravity and skin site	2	femoral skin	microgravity	live return; collected within one day	R-MMU-73894_DNA_REPAIR	DNA repair	1	5	6	-0.37216457899999994
skin	OSD-239	Femoral microgravity	MHU-2 gravity and skin site	2	femoral skin	microgravity	live return; collected within one day	R-MMU-421270_CELL_CELL_JUNCTION_ORGANIZATION	Cell-cell junction organization	2	5	6	-0.4243566166666669
skin	OSD-239	Femoral microgravity	MHU-2 gravity and skin site	2	femoral skin	microgravity	live return; collected within one day	R-MMU-3247509_CHROMATIN_MODIFYING_ENZYMES	Chromatin-modifying enzymes	3	5	6	-1.1218236976666667
skin	OSD-239	Femoral microgravity	MHU-2 gravity and skin site	2	femoral skin	microgravity	live return; collected within one day	R-MMU-190828_GAP_JUNCTION_TRAFFICKING	Gap-junction trafficking	4	5	6	-0.4893578336666667
skin	OSD-239	Femoral microgravity	MHU-2 gravity and skin site	2	femoral skin	microgravity	live return; collected within one day	R-MMU-156580_PHASE_II_CONJUGATION_OF_COMPOUNDS	Phase II detoxification	5	5	6	-0.48859448866666666
skin	OSD-239	Femoral microgravity	MHU-2 gravity and skin site	2	femoral skin	microgravity	live return; collected within one day	R-MMU-5358351_SIGNALING_BY_HEDGEHOG	Hedgehog signaling	6	5	6	-0.548643458
skin	OSD-239	Femoral microgravity	MHU-2 gravity and skin site	2	femoral skin	microgravity	live return; collected within one day	R-MMU-428157_SPHINGOLIPID_METABOLISM	Sphingolipid metabolism	7	5	6	-0.25750883083333337
skin	OSD-239	Femoral artificial 1 g	MHU-2 gravity and skin site	3	femoral skin	onboard artificial 1 g	live return; collected within one day	R-MMU-6805567_KERATINIZATION	Keratinization	0	6	6	1.4182201166666673
skin	OSD-239	Femoral artificial 1 g	MHU-2 gravity and skin site	3	femoral skin	onboard artificial 1 g	live return; collected within one day	R-MMU-73894_DNA_REPAIR	DNA repair	1	6	6	0.3246211193333334
skin	OSD-239	Femoral artificial 1 g	MHU-2 gravity and skin site	3	femoral skin	onboard artificial 1 g	live return; collected within one day	R-MMU-421270_CELL_CELL_JUNCTION_ORGANIZATION	Cell-cell junction organization	2	6	6	0.23664891833333324
skin	OSD-239	Femoral artificial 1 g	MHU-2 gravity and skin site	3	femoral skin	onboard artificial 1 g	live return; collected within one day	R-MMU-3247509_CHROMATIN_MODIFYING_ENZYMES	Chromatin-modifying enzymes	3	6	6	1.216089215
skin	OSD-239	Femoral artificial 1 g	MHU-2 gravity and skin site	3	femoral skin	onboard artificial 1 g	live return; collected within one day	R-MMU-190828_GAP_JUNCTION_TRAFFICKING	Gap-junction trafficking	4	6	6	0.7863020816666667
skin	OSD-239	Femoral artificial 1 g	MHU-2 gravity and skin site	3	femoral skin	onboard artificial 1 g	live return; collected within one day	R-MMU-156580_PHASE_II_CONJUGATION_OF_COMPOUNDS	Phase II detoxification	5	6	6	0.050980621666666615
skin	OSD-239	Femoral artificial 1 g	MHU-2 gravity and skin site	3	femoral skin	onboard artificial 1 g	live return; collected within one day	R-MMU-5358351_SIGNALING_BY_HEDGEHOG	Hedgehog signaling	6	6	6	0.11763734999999992
skin	OSD-239	Femoral artificial 1 g	MHU-2 gravity and skin site	3	femoral skin	onboard artificial 1 g	live return; collected within one day	R-MMU-428157_SPHINGOLIPID_METABOLISM	Sphingolipid metabolism	7	6	6	0.5066604243333332
skin	OSD-240	RR-5 dorsal 30-day recovery	Recovery, endpoint, duration, and strain	4	dorsal skin	microgravity exposure	live return followed by approximately 30 days of Earth recovery	R-MMU-6805567_KERATINIZATION	Keratinization	0	10	10	0.6495711599999998
skin	OSD-240	RR-5 dorsal 30-day recovery	Recovery, endpoint, duration, and strain	4	dorsal skin	microgravity exposure	live return followed by approximately 30 days of Earth recovery	R-MMU-73894_DNA_REPAIR	DNA repair	1	10	10	0.12293190129999992
skin	OSD-240	RR-5 dorsal 30-day recovery	Recovery, endpoint, duration, and strain	4	dorsal skin	microgravity exposure	live return followed by approximately 30 days of Earth recovery	R-MMU-421270_CELL_CELL_JUNCTION_ORGANIZATION	Cell-cell junction organization	2	10	10	0.12606100913999996
skin	OSD-240	RR-5 dorsal 30-day recovery	Recovery, endpoint, duration, and strain	4	dorsal skin	microgravity exposure	live return followed by approximately 30 days of Earth recovery	R-MMU-3247509_CHROMATIN_MODIFYING_ENZYMES	Chromatin-modifying enzymes	3	10	10	0.4353614320000001
skin	OSD-240	RR-5 dorsal 30-day recovery	Recovery, endpoint, duration, and strain	4	dorsal skin	microgravity exposure	live return followed by approximately 30 days of Earth recovery	R-MMU-190828_GAP_JUNCTION_TRAFFICKING	Gap-junction trafficking	4	10	10	0.2148383565
skin	OSD-240	RR-5 dorsal 30-day recovery	Recovery, endpoint, duration, and strain	4	dorsal skin	microgravity exposure	live return followed by approximately 30 days of Earth recovery	R-MMU-156580_PHASE_II_CONJUGATION_OF_COMPOUNDS	Phase II detoxification	5	10	10	0.10624463600000023
skin	OSD-240	RR-5 dorsal 30-day recovery	Recovery, endpoint, duration, and strain	4	dorsal skin	microgravity exposure	live return followed by approximately 30 days of Earth recovery	R-MMU-5358351_SIGNALING_BY_HEDGEHOG	Hedgehog signaling	6	10	10	0.18501196939999998
skin	OSD-240	RR-5 dorsal 30-day recovery	Recovery, endpoint, duration, and strain	4	dorsal skin	microgravity exposure	live return followed by approximately 30 days of Earth recovery	R-MMU-428157_SPHINGOLIPID_METABOLISM	Sphingolipid metabolism	7	10	10	0.20249767050000006
skin	OSD-241	RR-5 femoral 30-day recovery	Recovery, endpoint, duration, and strain	5	femoral skin	microgravity exposure	live return followed by approximately 30 days of Earth recovery	R-MMU-6805567_KERATINIZATION	Keratinization	0	9	10	-0.34563772333333453
skin	OSD-241	RR-5 femoral 30-day recovery	Recovery, endpoint, duration, and strain	5	femoral skin	microgravity exposure	live return followed by approximately 30 days of Earth recovery	R-MMU-73894_DNA_REPAIR	DNA repair	1	9	10	0.017854073677777804
skin	OSD-241	RR-5 femoral 30-day recovery	Recovery, endpoint, duration, and strain	5	femoral skin	microgravity exposure	live return followed by approximately 30 days of Earth recovery	R-MMU-421270_CELL_CELL_JUNCTION_ORGANIZATION	Cell-cell junction organization	2	9	10	-0.12563874333333352
skin	OSD-241	RR-5 femoral 30-day recovery	Recovery, endpoint, duration, and strain	5	femoral skin	microgravity exposure	live return followed by approximately 30 days of Earth recovery	R-MMU-3247509_CHROMATIN_MODIFYING_ENZYMES	Chromatin-modifying enzymes	3	9	10	-0.20768552222222225
skin	OSD-241	RR-5 femoral 30-day recovery	Recovery, endpoint, duration, and strain	5	femoral skin	microgravity exposure	live return followed by approximately 30 days of Earth recovery	R-MMU-190828_GAP_JUNCTION_TRAFFICKING	Gap-junction trafficking	4	9	10	-0.04451300066666666
skin	OSD-241	RR-5 femoral 30-day recovery	Recovery, endpoint, duration, and strain	5	femoral skin	microgravity exposure	live return followed by approximately 30 days of Earth recovery	R-MMU-156580_PHASE_II_CONJUGATION_OF_COMPOUNDS	Phase II detoxification	5	9	10	-0.1354297773333335
skin	OSD-241	RR-5 femoral 30-day recovery	Recovery, endpoint, duration, and strain	5	femoral skin	microgravity exposure	live return followed by approximately 30 days of Earth recovery	R-MMU-5358351_SIGNALING_BY_HEDGEHOG	Hedgehog signaling	6	9	10	-0.1585758877111111
skin	OSD-241	RR-5 femoral 30-day recovery	Recovery, endpoint, duration, and strain	5	femoral skin	microgravity exposure	live return followed by approximately 30 days of Earth recovery	R-MMU-428157_SPHINGOLIPID_METABOLISM	Sphingolipid metabolism	7	9	10	-0.1555151008888889
skin	OSD-243	RR-6 live return ~30 days	Recovery, endpoint, duration, and strain	6	dorsal skin	microgravity exposure	live return after approximately 30 days	R-MMU-6805567_KERATINIZATION	Keratinization	0	9	9	-1.9640143888888906
skin	OSD-243	RR-6 live return ~30 days	Recovery, endpoint, duration, and strain	6	dorsal skin	microgravity exposure	live return after approximately 30 days	R-MMU-73894_DNA_REPAIR	DNA repair	1	9	9	-0.34436198166666665
skin	OSD-243	RR-6 live return ~30 days	Recovery, endpoint, duration, and strain	6	dorsal skin	microgravity exposure	live return after approximately 30 days	R-MMU-421270_CELL_CELL_JUNCTION_ORGANIZATION	Cell-cell junction organization	2	9	9	-0.22064737777777788
skin	OSD-243	RR-6 live return ~30 days	Recovery, endpoint, duration, and strain	6	dorsal skin	microgravity exposure	live return after approximately 30 days	R-MMU-3247509_CHROMATIN_MODIFYING_ENZYMES	Chromatin-modifying enzymes	3	9	9	-1.1985343685
skin	OSD-243	RR-6 live return ~30 days	Recovery, endpoint, duration, and strain	6	dorsal skin	microgravity exposure	live return after approximately 30 days	R-MMU-190828_GAP_JUNCTION_TRAFFICKING	Gap-junction trafficking	4	9	9	-0.78643763
skin	OSD-243	RR-6 live return ~30 days	Recovery, endpoint, duration, and strain	6	dorsal skin	microgravity exposure	live return after approximately 30 days	R-MMU-156580_PHASE_II_CONJUGATION_OF_COMPOUNDS	Phase II detoxification	5	9	9	-0.3959088133333334
skin	OSD-243	RR-6 live return ~30 days	Recovery, endpoint, duration, and strain	6	dorsal skin	microgravity exposure	live return after approximately 30 days	R-MMU-5358351_SIGNALING_BY_HEDGEHOG	Hedgehog signaling	6	9	9	-0.3280584206666667
skin	OSD-243	RR-6 live return ~30 days	Recovery, endpoint, duration, and strain	6	dorsal skin	microgravity exposure	live return after approximately 30 days	R-MMU-428157_SPHINGOLIPID_METABOLISM	Sphingolipid metabolism	7	9	9	-0.3367134198888889
skin	OSD-243	RR-6 terminal ~60 days	Recovery, endpoint, duration, and strain	7	dorsal skin	microgravity exposure	ISS terminal after approximately 60 days	R-MMU-6805567_KERATINIZATION	Keratinization	0	9	10	-2.9326657995555556
skin	OSD-243	RR-6 terminal ~60 days	Recovery, endpoint, duration, and strain	7	dorsal skin	microgravity exposure	ISS terminal after approximately 60 days	R-MMU-73894_DNA_REPAIR	DNA repair	1	9	10	-0.9308353324444445
skin	OSD-243	RR-6 terminal ~60 days	Recovery, endpoint, duration, and strain	7	dorsal skin	microgravity exposure	ISS terminal after approximately 60 days	R-MMU-421270_CELL_CELL_JUNCTION_ORGANIZATION	Cell-cell junction organization	2	9	10	-0.8674886591888886
skin	OSD-243	RR-6 terminal ~60 days	Recovery, endpoint, duration, and strain	7	dorsal skin	microgravity exposure	ISS terminal after approximately 60 days	R-MMU-3247509_CHROMATIN_MODIFYING_ENZYMES	Chromatin-modifying enzymes	3	9	10	-1.8594421555555556
skin	OSD-243	RR-6 terminal ~60 days	Recovery, endpoint, duration, and strain	7	dorsal skin	microgravity exposure	ISS terminal after approximately 60 days	R-MMU-190828_GAP_JUNCTION_TRAFFICKING	Gap-junction trafficking	4	9	10	-1.225374522222222
skin	OSD-243	RR-6 terminal ~60 days	Recovery, endpoint, duration, and strain	7	dorsal skin	microgravity exposure	ISS terminal after approximately 60 days	R-MMU-156580_PHASE_II_CONJUGATION_OF_COMPOUNDS	Phase II detoxification	5	9	10	-0.6602137363333335
skin	OSD-243	RR-6 terminal ~60 days	Recovery, endpoint, duration, and strain	7	dorsal skin	microgravity exposure	ISS terminal after approximately 60 days	R-MMU-5358351_SIGNALING_BY_HEDGEHOG	Hedgehog signaling	6	9	10	-0.7355467471777779
skin	OSD-243	RR-6 terminal ~60 days	Recovery, endpoint, duration, and strain	7	dorsal skin	microgravity exposure	ISS terminal after approximately 60 days	R-MMU-428157_SPHINGOLIPID_METABOLISM	Sphingolipid metabolism	7	9	10	-0.9521727392222222
skin	OSD-254	RR-7 C3H/HeJ 25 days	Recovery, endpoint, duration, and strain	8	dorsal skin	microgravity exposure	ISS terminal after 25 days	R-MMU-6805567_KERATINIZATION	Keratinization	0	5	5	0.33855312000000026
skin	OSD-254	RR-7 C3H/HeJ 25 days	Recovery, endpoint, duration, and strain	8	dorsal skin	microgravity exposure	ISS terminal after 25 days	R-MMU-73894_DNA_REPAIR	DNA repair	1	5	5	0.21352645699999995
skin	OSD-254	RR-7 C3H/HeJ 25 days	Recovery, endpoint, duration, and strain	8	dorsal skin	microgravity exposure	ISS terminal after 25 days	R-MMU-421270_CELL_CELL_JUNCTION_ORGANIZATION	Cell-cell junction organization	2	5	5	0.25590549799999995
skin	OSD-254	RR-7 C3H/HeJ 25 days	Recovery, endpoint, duration, and strain	8	dorsal skin	microgravity exposure	ISS terminal after 25 days	R-MMU-3247509_CHROMATIN_MODIFYING_ENZYMES	Chromatin-modifying enzymes	3	5	5	0.16351758600000008
skin	OSD-254	RR-7 C3H/HeJ 25 days	Recovery, endpoint, duration, and strain	8	dorsal skin	microgravity exposure	ISS terminal after 25 days	R-MMU-190828_GAP_JUNCTION_TRAFFICKING	Gap-junction trafficking	4	5	5	-0.196731168
skin	OSD-254	RR-7 C3H/HeJ 25 days	Recovery, endpoint, duration, and strain	8	dorsal skin	microgravity exposure	ISS terminal after 25 days	R-MMU-156580_PHASE_II_CONJUGATION_OF_COMPOUNDS	Phase II detoxification	5	5	5	0.07398714799999984
skin	OSD-254	RR-7 C3H/HeJ 25 days	Recovery, endpoint, duration, and strain	8	dorsal skin	microgravity exposure	ISS terminal after 25 days	R-MMU-5358351_SIGNALING_BY_HEDGEHOG	Hedgehog signaling	6	5	5	0.637811174
skin	OSD-254	RR-7 C3H/HeJ 25 days	Recovery, endpoint, duration, and strain	8	dorsal skin	microgravity exposure	ISS terminal after 25 days	R-MMU-428157_SPHINGOLIPID_METABOLISM	Sphingolipid metabolism	7	5	5	-0.01213865640000003
skin	OSD-254	RR-7 C3H/HeJ 75 days	Recovery, endpoint, duration, and strain	9	dorsal skin	microgravity exposure	ISS terminal after 75 days	R-MMU-6805567_KERATINIZATION	Keratinization	0	5	5	-3.123569934
skin	OSD-254	RR-7 C3H/HeJ 75 days	Recovery, endpoint, duration, and strain	9	dorsal skin	microgravity exposure	ISS terminal after 75 days	R-MMU-73894_DNA_REPAIR	DNA repair	1	5	5	-0.5342089085999999
skin	OSD-254	RR-7 C3H/HeJ 75 days	Recovery, endpoint, duration, and strain	9	dorsal skin	microgravity exposure	ISS terminal after 75 days	R-MMU-421270_CELL_CELL_JUNCTION_ORGANIZATION	Cell-cell junction organization	2	5	5	-0.526015156
skin	OSD-254	RR-7 C3H/HeJ 75 days	Recovery, endpoint, duration, and strain	9	dorsal skin	microgravity exposure	ISS terminal after 75 days	R-MMU-3247509_CHROMATIN_MODIFYING_ENZYMES	Chromatin-modifying enzymes	3	5	5	-1.66789167
skin	OSD-254	RR-7 C3H/HeJ 75 days	Recovery, endpoint, duration, and strain	9	dorsal skin	microgravity exposure	ISS terminal after 75 days	R-MMU-190828_GAP_JUNCTION_TRAFFICKING	Gap-junction trafficking	4	5	5	-0.8630390577399999
skin	OSD-254	RR-7 C3H/HeJ 75 days	Recovery, endpoint, duration, and strain	9	dorsal skin	microgravity exposure	ISS terminal after 75 days	R-MMU-156580_PHASE_II_CONJUGATION_OF_COMPOUNDS	Phase II detoxification	5	5	5	-0.4930819259999999
skin	OSD-254	RR-7 C3H/HeJ 75 days	Recovery, endpoint, duration, and strain	9	dorsal skin	microgravity exposure	ISS terminal after 75 days	R-MMU-5358351_SIGNALING_BY_HEDGEHOG	Hedgehog signaling	6	5	5	-0.6537236194
skin	OSD-254	RR-7 C3H/HeJ 75 days	Recovery, endpoint, duration, and strain	9	dorsal skin	microgravity exposure	ISS terminal after 75 days	R-MMU-428157_SPHINGOLIPID_METABOLISM	Sphingolipid metabolism	7	5	5	-0.46783699319999994
skin	OSD-254	RR-7 C57BL/6J 25 days	Recovery, endpoint, duration, and strain	10	dorsal skin	microgravity exposure	ISS terminal after 25 days	R-MMU-6805567_KERATINIZATION	Keratinization	0	5	5	-1.8621728059999998
skin	OSD-254	RR-7 C57BL/6J 25 days	Recovery, endpoint, duration, and strain	10	dorsal skin	microgravity exposure	ISS terminal after 25 days	R-MMU-73894_DNA_REPAIR	DNA repair	1	5	5	-0.19317046800000004
skin	OSD-254	RR-7 C57BL/6J 25 days	Recovery, endpoint, duration, and strain	10	dorsal skin	microgravity exposure	ISS terminal after 25 days	R-MMU-421270_CELL_CELL_JUNCTION_ORGANIZATION	Cell-cell junction organization	2	5	5	-0.26413013399999996
skin	OSD-254	RR-7 C57BL/6J 25 days	Recovery, endpoint, duration, and strain	10	dorsal skin	microgravity exposure	ISS terminal after 25 days	R-MMU-3247509_CHROMATIN_MODIFYING_ENZYMES	Chromatin-modifying enzymes	3	5	5	-0.99300924
skin	OSD-254	RR-7 C57BL/6J 25 days	Recovery, endpoint, duration, and strain	10	dorsal skin	microgravity exposure	ISS terminal after 25 days	R-MMU-190828_GAP_JUNCTION_TRAFFICKING	Gap-junction trafficking	4	5	5	-0.566318514
skin	OSD-254	RR-7 C57BL/6J 25 days	Recovery, endpoint, duration, and strain	10	dorsal skin	microgravity exposure	ISS terminal after 25 days	R-MMU-156580_PHASE_II_CONJUGATION_OF_COMPOUNDS	Phase II detoxification	5	5	5	-0.30888446800000025
skin	OSD-254	RR-7 C57BL/6J 25 days	Recovery, endpoint, duration, and strain	10	dorsal skin	microgravity exposure	ISS terminal after 25 days	R-MMU-5358351_SIGNALING_BY_HEDGEHOG	Hedgehog signaling	6	5	5	-0.28182219
skin	OSD-254	RR-7 C57BL/6J 25 days	Recovery, endpoint, duration, and strain	10	dorsal skin	microgravity exposure	ISS terminal after 25 days	R-MMU-428157_SPHINGOLIPID_METABOLISM	Sphingolipid metabolism	7	5	5	-0.2871060820000001
skin	OSD-254	RR-7 C57BL/6J 75 days	Recovery, endpoint, duration, and strain	11	dorsal skin	microgravity exposure	ISS terminal after 75 days	R-MMU-6805567_KERATINIZATION	Keratinization	0	5	5	-3.8921228800000005
skin	OSD-254	RR-7 C57BL/6J 75 days	Recovery, endpoint, duration, and strain	11	dorsal skin	microgravity exposure	ISS terminal after 75 days	R-MMU-73894_DNA_REPAIR	DNA repair	1	5	5	-1.029812504
skin	OSD-254	RR-7 C57BL/6J 75 days	Recovery, endpoint, duration, and strain	11	dorsal skin	microgravity exposure	ISS terminal after 75 days	R-MMU-421270_CELL_CELL_JUNCTION_ORGANIZATION	Cell-cell junction organization	2	5	5	-0.6313853079999998
skin	OSD-254	RR-7 C57BL/6J 75 days	Recovery, endpoint, duration, and strain	11	dorsal skin	microgravity exposure	ISS terminal after 75 days	R-MMU-3247509_CHROMATIN_MODIFYING_ENZYMES	Chromatin-modifying enzymes	3	5	5	-2.30641916
skin	OSD-254	RR-7 C57BL/6J 75 days	Recovery, endpoint, duration, and strain	11	dorsal skin	microgravity exposure	ISS terminal after 75 days	R-MMU-190828_GAP_JUNCTION_TRAFFICKING	Gap-junction trafficking	4	5	5	-1.5537647639999999
skin	OSD-254	RR-7 C57BL/6J 75 days	Recovery, endpoint, duration, and strain	11	dorsal skin	microgravity exposure	ISS terminal after 75 days	R-MMU-156580_PHASE_II_CONJUGATION_OF_COMPOUNDS	Phase II detoxification	5	5	5	-0.762452248
skin	OSD-254	RR-7 C57BL/6J 75 days	Recovery, endpoint, duration, and strain	11	dorsal skin	microgravity exposure	ISS terminal after 75 days	R-MMU-5358351_SIGNALING_BY_HEDGEHOG	Hedgehog signaling	6	5	5	-0.7379355312
skin	OSD-254	RR-7 C57BL/6J 75 days	Recovery, endpoint, duration, and strain	11	dorsal skin	microgravity exposure	ISS terminal after 75 days	R-MMU-428157_SPHINGOLIPID_METABOLISM	Sphingolipid metabolism	7	5	5	-0.887632662
