tissue	term	expimap_accession_balanced_effect	expimap_n_accessions	expimap_accessions_positive	expimap_accessions_negative	expimap_project_balanced_effect	expimap_n_projects	expimap_projects_positive	expimap_projects_negative	ssgsea_accession_balanced_effect	ssgsea_n_accessions	ssgsea_accessions_positive	ssgsea_accessions_negative	ssgsea_project_balanced_effect	ssgsea_n_projects	ssgsea_projects_positive	ssgsea_projects_negative	gsea_nes	gsea_nominal_p	gsea_fdr	gsea_leading_edge_genes	short_label	evidence_role	family_representative	curated_pathway	expimap_ssgsea_direction_match	expimap_gsea_direction_match	heldout_project_direction_concordance	heldout_projects	effect_seed2020	effect_seed2021	effect_seed2022	all_three_seeds_available	all_three_direction_concordant	within_accession_unadjusted_effect	composition_proxy_adjusted_effect	adjusted_direction_matches_unadjusted	absolute_effect_ratio_adjusted_to_unadjusted	ssgsea_direction_support	preranked_gsea_direction_support	heldout_direction_support	seed_direction_support	composition_proxy_support	robustness_status	robustness_support_count
liver	R-MMU-2132295_MHC_CLASS_II_ANTIGEN_PRESENTATION	-0.1601722002417713	10	2	8	-0.1668368580464126	9	1	8	-0.0130853268781375	10.0	5.0	5.0	-0.0136920829301542	9.0	4.0	5.0	-1.6227117702072062	0.0046893317702227	0.1214183400730233	ENSMUSG00000024610;ENSMUSG00000073421;ENSMUSG00000060586;ENSMUSG00000036594;ENSMUSG00000037649;ENSMUSG00000079547;ENSMUSG00000038642;ENSMUSG00000023015;ENSMUSG00000031838;ENSMUSG00000032254;ENSMUSG00000045328;ENSMUSG00000034311;ENSMUSG00000072235;ENSMUSG00000012443;ENSMUSG00000023004	MHC class II antigen presentation	complementary	True	True	True	True	0.8888888888888888	9	-0.1601722002417713	-0.0290735111838774	-0.1576586725887939	True	True	-0.1319923366622452	-0.070107106184836	True	0.5311452767461255	True	True	True	True	True	triangulated	5
liver	R-MMU-202403_TCR_SIGNALING	-0.096550787164733	10	1	9	-0.0981062801830367	9	1	8	-0.0230049911156864	10.0	2.0	8.0	-0.0232888146221065	9.0	1.0	8.0	-1.8176460475936616	0.0012674271229404	0.051158031198897	ENSMUSG00000073421;ENSMUSG00000060586;ENSMUSG00000036594;ENSMUSG00000023274;ENSMUSG00000026395;ENSMUSG00000002699;ENSMUSG00000034330;ENSMUSG00000076498;ENSMUSG00000026117;ENSMUSG00000008348;ENSMUSG00000022148;ENSMUSG00000005763;ENSMUSG00000026288;ENSMUSG00000030774	T-cell receptor signaling	complementary	False	True	True	True	0.8888888888888888	9	-0.096550787164733	-0.0638722776534587	-0.0096844865871088	True	True	-0.084443526262017	-0.0875610617381587	True	1.0369185846937323	True	True	True	True	True	triangulated	5
liver	R-MMU-211897_CYTOCHROME_P450_ARRANGED_BY_SUBSTRATE_TYPE	0.2391881175291052	10	5	5	0.2600684414344555	9	5	4	0.0090476707619077	10.0	5.0	5.0	0.0087518080548746	9.0	5.0	4.0	2.069453188237665	0.0	0.005604435338074	ENSMUSG00000028715;ENSMUSG00000066072;ENSMUSG00000030483;ENSMUSG00000091867;ENSMUSG00000028712;ENSMUSG00000063415;ENSMUSG00000023963;ENSMUSG00000063929;ENSMUSG00000050445;ENSMUSG00000056035;ENSMUSG00000061292	Cytochrome P450	context_sensitive	True	True	True	True	0.5555555555555556	9	0.2391881175291052	0.1131070292708989	0.0449789003776754	True	True	0.0995817426108974	0.0704400910070956	True	0.7073594934197022	True	True	False	True	True	sensitivity-dependent	4
liver	R-MMU-1474244_EXTRACELLULAR_MATRIX_ORGANIZATION	-0.1103106972647077	10	3	7	-0.1109799564845958	9	2	7	-0.0052343222469615	10.0	2.0	8.0	-0.0055715537067126	9.0	1.0	8.0	-1.36661896802322	0.0316789862724392	0.4092240941506751	ENSMUSG00000026043;ENSMUSG00000001281;ENSMUSG00000027009;ENSMUSG00000070436;ENSMUSG00000038642;ENSMUSG00000028339;ENSMUSG00000030830;ENSMUSG00000030789;ENSMUSG00000006205;ENSMUSG00000029661;ENSMUSG00000045672;ENSMUSG00000000290;ENSMUSG00000005087;ENSMUSG00000026042;ENSMUSG00000029718;ENSMUSG00000026768;ENSMUSG00000022371;ENSMUSG00000024053;ENSMUSG00000025473;ENSMUSG00000025743;ENSMUSG00000021613;ENSMUSG00000031790;ENSMUSG00000048126;ENSMUSG00000025185;ENSMUSG00000020672;ENSMUSG00000028364;ENSMUSG00000026674;ENSMUSG00000020241;ENSMUSG00000001870;ENSMUSG00000011256;ENSMUSG00000022894;ENSMUSG00000031740;ENSMUSG00000034205;ENSMUSG00000026837;ENSMUSG00000036545;ENSMUSG00000031375;ENSMUSG00000021186;ENSMUSG00000021806;ENSMUSG00000021614;ENSMUSG00000037405;ENSMUSG00000027204;ENSMUSG00000033327;ENSMUSG00000039115;ENSMUSG00000032334;ENSMUSG00000040488;ENSMUSG00000040690;ENSMUSG00000024940	Extracellular matrix organization	context_sensitive	False	True	True	True	0.7777777777777778	9	-0.1103106972647077	-0.1233434635822485	-0.0909611670473629	True	True	-0.0492355546898436	0.0224776317928489	False	0.4565325187142789	True	True	True	True	False	method-supported, model-sensitive	4
liver	R-MMU-9012999_RHO_GTPASE_CYCLE	-0.1305615628553439	10	1	9	-0.1341412526831864	9	0	9	-0.0011674836208379	10.0	5.0	5.0	-0.0006065416008658	9.0	5.0	4.0	-1.2747026425403676	0.0628997867803838	0.5089355286577592	ENSMUSG00000024013;ENSMUSG00000015340;ENSMUSG00000033220;ENSMUSG00000015950;ENSMUSG00000020143;ENSMUSG00000023015;ENSMUSG00000022488;ENSMUSG00000026728;ENSMUSG00000038608;ENSMUSG00000048865;ENSMUSG00000026480;ENSMUSG00000022014;ENSMUSG00000036452;ENSMUSG00000031093;ENSMUSG00000028068;ENSMUSG00000023800;ENSMUSG00000055805;ENSMUSG00000047963;ENSMUSG00000071715;ENSMUSG00000006519;ENSMUSG00000026117;ENSMUSG00000020340;ENSMUSG00000034116;ENSMUSG00000023004;ENSMUSG00000045763;ENSMUSG00000021270;ENSMUSG00000033450;ENSMUSG00000030047;ENSMUSG00000030220;ENSMUSG00000028059;ENSMUSG00000030536;ENSMUSG00000001918;ENSMUSG00000015143;ENSMUSG00000001270;ENSMUSG00000052085;ENSMUSG00000017631;ENSMUSG00000030774;ENSMUSG00000026259;ENSMUSG00000022021;ENSMUSG00000007655;ENSMUSG00000019312;ENSMUSG00000037946;ENSMUSG00000054855;ENSMUSG00000017144;ENSMUSG00000034255;ENSMUSG00000035697;ENSMUSG00000029032;ENSMUSG00000052560;ENSMUSG00000036777	Rho-family GTPase cycle	complementary	True	True	True	True	1.0	9	-0.1305615628553439	-0.0124635767402752	0.0637841296612983	True	False	-0.110406033932957	-0.0691833494373932	True	0.626626525497729	True	True	True	False	True	method-supported, model-sensitive	4
liver	R-MMU-156590_GLUTATHIONE_CONJUGATION	0.0290829136878514	10	6	4	0.0225038342272423	9	5	4	0.0077595301277686	10.0	7.0	3.0	0.0077578894728459	9.0	7.0	2.0	1.1360817206163722	0.2826086956521739	0.7019103290345908	ENSMUSG00000057933;ENSMUSG00000026688;ENSMUSG00000074183;ENSMUSG00000032350;ENSMUSG00000033318;ENSMUSG00000111709;ENSMUSG00000040471;ENSMUSG00000027313	Glutathione conjugation	context_sensitive	False	True	True	True	0.5555555555555556	9	0.0290829136878514		0.0033489520159565	False	True	0.0356971794915027	0.0224937353782709	True	0.630126404906172	True	True	False	False	True	sensitivity-dependent	3
liver	R-MMU-422356_REGULATION_OF_INSULIN_SECRETION	-0.1006466682984334	10	1	9	-0.1000390969188943	9	0	9	0.0022280843954225	10.0	5.0	5.0	0.00294327955193	9.0	4.0	5.0	-0.6409661403524869	0.9145408163265306	0.9900748739792508	ENSMUSG00000038811;ENSMUSG00000024697;ENSMUSG00000032883;ENSMUSG00000069662;ENSMUSG00000003352;ENSMUSG00000043004;ENSMUSG00000042644	Regulation of insulin secretion	aligned	True	True	False	True	1.0	9	-0.1006466682984334	0.0112195207872376	-0.0865371394250424	True	False	-0.0626319315165341	-0.0354641650939539	True	0.5662313812658294	False	True	True	False	True	sensitivity-dependent	3
skin	R-MMU-3247509_CHROMATIN_MODIFYING_ENZYMES	-0.6630485382809012	6	2	4	-0.8364968210299375	4	1	3	-0.0161644062455515	6.0	2.0	4.0	-0.0258902000166598	4.0	1.0	3.0	-2.3656060963188144	0.0	0.0	ENSMUSG00000025328;ENSMUSG00000025329;ENSMUSG00000025330;ENSMUSG00000069267;ENSMUSG00000062727;ENSMUSG00000094777;ENSMUSG00000094338;ENSMUSG00000069303;ENSMUSG00000069300;ENSMUSG00000069310;ENSMUSG00000095217;ENSMUSG00000069274;ENSMUSG00000101972;ENSMUSG00000061615;ENSMUSG00000069265;ENSMUSG00000074403;ENSMUSG00000069266;ENSMUSG00000069301;ENSMUSG00000101355;ENSMUSG00000081058;ENSMUSG00000064220;ENSMUSG00000069305;ENSMUSG00000064288;ENSMUSG00000069308;ENSMUSG00000071478;ENSMUSG00000094248;ENSMUSG00000063954;ENSMUSG00000061991	Chromatin-modifying enzymes	complementary	True	True	True	True	0.75	4	-0.6630485382809012	-0.7012429160440016	-0.7411648554853136	True	True	-0.8351648159273835	-0.7061447980125551	True	0.8455155013066948	True	True	True	True	True	triangulated	5
skin	R-MMU-73894_DNA_REPAIR	-0.2570837021910508	6	3	3	-0.3204309184334197	4	1	3	-0.0181054630206754	6.0	3.0	3.0	-0.0281181576018733	4.0	1.0	3.0	-2.2386359170064947	0.0	0.0	ENSMUSG00000062727;ENSMUSG00000094777;ENSMUSG00000094338;ENSMUSG00000069303;ENSMUSG00000069300;ENSMUSG00000095217;ENSMUSG00000069274;ENSMUSG00000061615;ENSMUSG00000069266;ENSMUSG00000040204;ENSMUSG00000069301;ENSMUSG00000042489;ENSMUSG00000064220;ENSMUSG00000069305;ENSMUSG00000064288;ENSMUSG00000017146;ENSMUSG00000027715;ENSMUSG00000069308;ENSMUSG00000071478;ENSMUSG00000035455;ENSMUSG00000037474;ENSMUSG00000049932;ENSMUSG00000094248;ENSMUSG00000027323;ENSMUSG00000063954;ENSMUSG00000018362;ENSMUSG00000007080;ENSMUSG00000061991;ENSMUSG00000069309;ENSMUSG00000056394;ENSMUSG00000039994;ENSMUSG00000017897	DNA repair	context_sensitive	False	True	True	True	0.75	4	-0.2570837021910508	-0.3221797297519715	-0.2257341982679855	True	True	-0.3168525957511114	-0.2602113704424137	True	0.8212379318704098	True	True	True	True	True	triangulated	5
skin	R-MMU-5358351_SIGNALING_BY_HEDGEHOG	-0.2357627724753544	6	1	5	-0.2755319119165669	4	1	3	-0.0045145565854849	6.0	2.0	4.0	-0.00705031448779	4.0	1.0	3.0	-1.2663019992626967	0.1832386363636363	0.2803988755163084	ENSMUSG00000062380;ENSMUSG00000002633;ENSMUSG00000025407;ENSMUSG00000001473;ENSMUSG00000058672;ENSMUSG00000021318;ENSMUSG00000043091;ENSMUSG00000064325;ENSMUSG00000045136;ENSMUSG00000021466;ENSMUSG00000048402	Hedgehog signaling	complementary	False	True	True	True	0.75	4	-0.2357627724753544	-0.363538229410677	-0.431711866197993	True	True	-0.2686953174828954	-0.2109054512077847	True	0.7849241780002757	True	True	True	True	True	triangulated	5
skin	R-MMU-428157_SPHINGOLIPID_METABOLISM	-0.1943057259062245	6	2	4	-0.2782457200162181	4	1	3	-0.0017489837777368	6.0	2.0	4.0	0.0011576221360679	4.0	1.0	3.0	-0.8302041855592661	0.6928471248246845	0.8967964300385546	ENSMUSG00000043461;ENSMUSG00000022686;ENSMUSG00000021263;ENSMUSG00000075296;ENSMUSG00000030510	Sphingolipid metabolism	complementary	False	True	True	True	0.75	4	-0.1943057259062245	-0.1789788699221083	-0.1985733076614124	True	True	-0.2839137521263589	-0.1956367577039675	True	0.6890710866900777	True	True	True	True	True	triangulated	5
skin	R-MMU-421270_CELL_CELL_JUNCTION_ORGANIZATION	-0.196829532122068	6	1	5	-0.2530908066551474	4	1	3	0.0030318449725601	6.0	2.0	4.0	0.0009613845109718	4.0	2.0	2.0	-1.7562997260362307	0.0011709601873536	0.0069692189393679	ENSMUSG00000039385;ENSMUSG00000069267;ENSMUSG00000062727;ENSMUSG00000094777;ENSMUSG00000094338;ENSMUSG00000069303;ENSMUSG00000069300;ENSMUSG00000069310;ENSMUSG00000095217;ENSMUSG00000069274;ENSMUSG00000101972;ENSMUSG00000061615;ENSMUSG00000069265;ENSMUSG00000074403;ENSMUSG00000069266;ENSMUSG00000069301;ENSMUSG00000101355;ENSMUSG00000081058;ENSMUSG00000064220;ENSMUSG00000069305;ENSMUSG00000064288;ENSMUSG00000069308;ENSMUSG00000071478;ENSMUSG00000049932;ENSMUSG00000094248;ENSMUSG00000061048;ENSMUSG00000063954	Cell-cell junction organization	aligned	False	True	False	True	0.75	4	-0.196829532122068	-0.1617548554955165	-0.0762576979297258	True	True	-0.253033264945627	-0.1729356760513842	True	0.6834503601277305	False	True	True	True	True	internally robust, incomplete conventional support	4
skin	R-MMU-190828_GAP_JUNCTION_TRAFFICKING	-0.4075693501595991	6	2	4	-0.5283236781276561	4	1	3	-0.0254869298950392	6.0	2.0	4.0	-0.0337648731050453	4.0	1.0	3.0	-1.7017215502022405	0.0075187969924812	0.0116325824577117	ENSMUSG00000046352;ENSMUSG00000040055;ENSMUSG00000062380;ENSMUSG00000050953;ENSMUSG00000001473;ENSMUSG00000058672;ENSMUSG00000043091;ENSMUSG00000045136;ENSMUSG00000046623;ENSMUSG00000042367;ENSMUSG00000033577	Gap-junction trafficking	complementary	True	True	True	True	0.75	4	-0.4075693501595991			False	True	-0.530747121737926	-0.4642899663317155	True	0.8747856508602491	True	True	True	False	True	method-supported, model-sensitive	4
skin	R-MMU-6805567_KERATINIZATION	-1.220864622405193	6	1	5	-1.483945117925971	4	1	3	-0.0670714641866072	6.0	1.0	5.0	-0.0812611876675641	4.0	0.0	4.0	-2.652310339745056	0.0	0.0	ENSMUSG00000057723;ENSMUSG00000035831;ENSMUSG00000035592;ENSMUSG00000051879;ENSMUSG00000067615;ENSMUSG00000047641;ENSMUSG00000067613;ENSMUSG00000048981;ENSMUSG00000017588;ENSMUSG00000116336;ENSMUSG00000048013;ENSMUSG00000043485;ENSMUSG00000091212;ENSMUSG00000063661;ENSMUSG00000067614;ENSMUSG00000075570;ENSMUSG00000056605;ENSMUSG00000059632;ENSMUSG00000055937;ENSMUSG00000056350;ENSMUSG00000069722;ENSMUSG00000052415;ENSMUSG00000047253;ENSMUSG00000001804;ENSMUSG00000064201;ENSMUSG00000020916;ENSMUSG00000046095;ENSMUSG00000054046;ENSMUSG00000069721;ENSMUSG00000041984;ENSMUSG00000023041;ENSMUSG00000020913;ENSMUSG00000005355;ENSMUSG00000064023;ENSMUSG00000053797	Keratinization	aligned	True	True	True	True	0.75	4	-1.220864622405193	-2.156122311388092	0.2536014879811711	True	False	-1.47374250689969	-1.264866939601364	True	0.8582686145507622	True	True	True	False	True	method-supported, model-sensitive	4
skin	R-MMU-156580_PHASE_II_CONJUGATION_OF_COMPOUNDS	-0.2548713580596757	6	1	5	-0.3038900606160286	4	0	4	-0.0070361612575086	6.0	2.0	4.0	-0.0093076665715672	4.0	1.0	3.0	-1.1815066106305003	0.261455525606469	0.38097261329913	ENSMUSG00000006345;ENSMUSG00000027313;ENSMUSG00000003271;ENSMUSG00000027597;ENSMUSG00000002797;ENSMUSG00000032350;ENSMUSG00000074183;ENSMUSG00000022562;ENSMUSG00000028124;ENSMUSG00000111709	Phase II detoxification	context_sensitive	True	True	True	True	1.0	4	-0.2548713580596757	0.1031965034173179	-0.5275699838715665	True	False	-0.3010765618494488	-0.2204490712017291	True	0.7322026990329562	True	True	True	False	True	method-supported, model-sensitive	4
soleus	R-MMU-73894_DNA_REPAIR	0.1401184675925924	3	3	0	0.1401184675925924	3	3	0	0.0149528292004243	3.0	3.0	0.0	0.0149528292004243	3.0	3.0	0.0	2.097216298085653	0.0	0.001382347698413	ENSMUSG00000010461;ENSMUSG00000037474;ENSMUSG00000094777;ENSMUSG00000062727;ENSMUSG00000069301;ENSMUSG00000069274;ENSMUSG00000063021;ENSMUSG00000061615;ENSMUSG00000040204;ENSMUSG00000071516;ENSMUSG00000075031;ENSMUSG00000042489;ENSMUSG00000027715;ENSMUSG00000017146;ENSMUSG00000094338;ENSMUSG00000069302;ENSMUSG00000071478;ENSMUSG00000056394;ENSMUSG00000069305;ENSMUSG00000069272;ENSMUSG00000095217	DNA repair	complementary	True	True	True	True	1.0	3	0.1401184675925924	0.2342777875925925	0.2209639696296295	True	True	0.1559553007608695	-0.0024176193635349	False	0.0155020018668165	True	True	True	True	False	method-supported, model-sensitive	4
soleus	R-MMU-1630316_GLYCOSAMINOGLYCAN_METABOLISM	-0.1173810345407407	3	0	3	-0.1173810345407407	3	0	3	-0.0028613862801477	3.0	1.0	2.0	-0.0028613862801477	3.0	1.0	2.0	-1.13504143931495	0.2983257229832572	0.7593934601441426	ENSMUSG00000041559;ENSMUSG00000019932;ENSMUSG00000117789;ENSMUSG00000041577;ENSMUSG00000031375;ENSMUSG00000021477;ENSMUSG00000022367;ENSMUSG00000017009;ENSMUSG00000031119;ENSMUSG00000021390;ENSMUSG00000052353;ENSMUSG00000055653;ENSMUSG00000019929;ENSMUSG00000036446;ENSMUSG00000030657;ENSMUSG00000041936;ENSMUSG00000025743;ENSMUSG00000021614;ENSMUSG00000038181;ENSMUSG00000051650	Glycosaminoglycan metabolism	complementary	False	True	True	True	1.0	3	-0.1173810345407407	-0.1358074133888889	-0.1192545646185185	True	True	-0.1339873702826087	-0.0220717261677962	True	0.1647299004469013	True	True	True	True	False	method-supported, model-sensitive	4
soleus	R-MMU-8978868_FATTY_ACID_METABOLISM	-0.198262297574074	3	2	1	-0.198262297574074	3	2	1	-0.0109939133525158	3.0	0.0	3.0	-0.0109939133525158	3.0	0.0	3.0	-1.343407679692496	0.0776978417266187	0.5085852458463923	ENSMUSG00000034853;ENSMUSG00000022040;ENSMUSG00000036880;ENSMUSG00000035686;ENSMUSG00000017969;ENSMUSG00000033715;ENSMUSG00000076435;ENSMUSG00000049537;ENSMUSG00000026385;ENSMUSG00000020532;ENSMUSG00000072949;ENSMUSG00000018796;ENSMUSG00000042010;ENSMUSG00000032315;ENSMUSG00000032883	Fatty-acid metabolism	context_sensitive	True	True	True	True	0.0	3	-0.198262297574074	-0.1705157967629629	-0.1101987319722222	True	True	-0.2490405462499999	0.0777290807111427	False	0.3121141592466404	True	True	False	True	False	sensitivity-dependent	3
soleus	R-MMU-1280215_CYTOKINE_SIGNALING_IN_IMMUNE_SYSTEM	-0.0789358253648148	3	0	3	-0.0789358253648148	3	0	3	0.0113525679175943	3.0	2.0	1.0	0.0113525679175943	3.0	2.0	1.0	1.2374834365661285	0.0582959641255605	0.3007507775156089	ENSMUSG00000034457;ENSMUSG00000024222;ENSMUSG00000101355;ENSMUSG00000099517;ENSMUSG00000023905;ENSMUSG00000021948;ENSMUSG00000069310;ENSMUSG00000028444;ENSMUSG00000001473;ENSMUSG00000043091;ENSMUSG00000024617;ENSMUSG00000069267;ENSMUSG00000003283;ENSMUSG00000024789;ENSMUSG00000053113;ENSMUSG00000066800;ENSMUSG00000022372;ENSMUSG00000052684;ENSMUSG00000021250;ENSMUSG00000034116;ENSMUSG00000090877;ENSMUSG00000091971;ENSMUSG00000041827;ENSMUSG00000019942;ENSMUSG00000020027;ENSMUSG00000034394;ENSMUSG00000074403;ENSMUSG00000018932;ENSMUSG00000042351;ENSMUSG00000004266;ENSMUSG00000039936	Cytokine signaling	context_sensitive	False	True	False	False	1.0	3	-0.0789358253648148	0.0980360255555555	0.0112772457407408	True	False	-0.0719731327760869	-0.0381113928657077	True	0.5295224953494063	False	False	True	False	True	sensitivity-dependent	2
soleus	R-MMU-390522_STRIATED_MUSCLE_CONTRACTION	0.0901879572222222	3	1	2	0.0901879572222222	3	1	2	0.000884092855357	3.0	2.0	1.0	0.000884092855357	3.0	2.0	1.0	1.0614476686804852	0.3620689655172414	0.4764091053371423	ENSMUSG00000006457;ENSMUSG00000038670;ENSMUSG00000061816;ENSMUSG00000028328;ENSMUSG00000032366	Striated-muscle contraction	context_sensitive	True	True	True	True	0.0	3	0.0901879572222222	-0.0331361516666669	-0.0146709929629631	True	False	0.1309371119565217	-0.2169376623275732	False	1.6568080591208425	True	True	False	False	False	sensitivity-dependent	2
soleus	R-MMU-1474228_DEGRADATION_OF_THE_EXTRACELLULAR_MATRIX	0.1676931753703702	3	3	0	0.1676931753703702	3	3	0	-0.0115046977897114	3.0	0.0	3.0	-0.0115046977897114	3.0	0.0	3.0	-1.446697121245608	0.0378890392422192	0.3689320738911275	ENSMUSG00000024330;ENSMUSG00000056174;ENSMUSG00000027966;ENSMUSG00000024598;ENSMUSG00000031274;ENSMUSG00000032332;ENSMUSG00000004415;ENSMUSG00000022483;ENSMUSG00000026193;ENSMUSG00000028111;ENSMUSG00000029304;ENSMUSG00000031740;ENSMUSG00000028339;ENSMUSG00000021477;ENSMUSG00000068196	Extracellular matrix degradation	complementary	True	True	False	False	1.0	3	0.1676931753703702	-0.1363997657407408	0.1976882654629628	True	False	0.1943140233695651	0.0482957117240352	True	0.248544654094171	False	False	True	False	False	sensitivity-dependent	1
soleus	R-MMU-168256_IMMUNE_SYSTEM	0.4354141866666667	3	2	1	0.4354141866666667	3	2	1													Immune-system signaling	context_sensitive	True	True	False	False	0.3333333333333333	3	0.4354141866666667	0.3279928153703706	0.3250819359259251	True	True	0.4932907777173913	0.0485395234416364	True	0.0983994139648096	False	False	False	True	False	sensitivity-dependent	1
thymus	R-MMU-73894_DNA_REPAIR	-1.0068827600368422	5	0	5	-1.0068827600368422	5	0	5	-0.1204841217920184	5.0	0.0	5.0	-0.1204841217920184	5.0	0.0	5.0	-3.437222501550093	0.0	0.0	ENSMUSG00000069301;ENSMUSG00000062727;ENSMUSG00000027715;ENSMUSG00000069302;ENSMUSG00000061615;ENSMUSG00000094777;ENSMUSG00000069309;ENSMUSG00000069300;ENSMUSG00000040204;ENSMUSG00000071478;ENSMUSG00000075031;ENSMUSG00000064220;ENSMUSG00000069272;ENSMUSG00000105827;ENSMUSG00000039396;ENSMUSG00000064288;ENSMUSG00000034023;ENSMUSG00000035455;ENSMUSG00000095217;ENSMUSG00000058385;ENSMUSG00000039748;ENSMUSG00000042489;ENSMUSG00000049932;ENSMUSG00000071516;ENSMUSG00000017146;ENSMUSG00000094338;ENSMUSG00000007080;ENSMUSG00000056895;ENSMUSG00000018362;ENSMUSG00000027323;ENSMUSG00000061991;ENSMUSG00000069274;ENSMUSG00000069305;ENSMUSG00000061482;ENSMUSG00000032113;ENSMUSG00000030528;ENSMUSG00000069266;ENSMUSG00000034206;ENSMUSG00000056394;ENSMUSG00000034329;ENSMUSG00000066878;ENSMUSG00000069306;ENSMUSG00000037474;ENSMUSG00000027342;ENSMUSG00000036875;ENSMUSG00000024742;ENSMUSG00000057406;ENSMUSG00000094248;ENSMUSG00000069303;ENSMUSG00000038644	DNA repair	complementary	False	True	True	True	1.0	5	-1.0068827600368422	-0.9015843860249124	-0.8037649369084209	True	True	-0.9934818824910392	-0.5860945402150803	True	0.5899398373984607	True	True	True	True	True	triangulated	5
thymus	R-MMU-8980692_RHOA_GTPASE_CYCLE	-0.812444811658421	5	0	5	-0.812444811658421	5	0	5	-0.0051604514543331	5.0	2.0	3.0	-0.0051604514543331	5.0	2.0	3.0	-1.3121738708570936	0.1120840630472854	0.1538035622773124	ENSMUSG00000021697;ENSMUSG00000036777;ENSMUSG00000022021;ENSMUSG00000027699;ENSMUSG00000023015;ENSMUSG00000028068;ENSMUSG00000041219;ENSMUSG00000025154	RHOA cytoskeletal cycle	complementary	True	True	True	True	1.0	5	-0.812444811658421	-0.1007269429859649	-0.4783944643340351	True	True	-0.7627230309318995	-0.626373081962675	True	0.8212326841597647	True	True	True	True	True	triangulated	5
thymus	R-MMU-1474244_EXTRACELLULAR_MATRIX_ORGANIZATION	0.431807671177193	5	5	0	0.431807671177193	5	5	0	0.0359693610453498	5.0	5.0	0.0	0.0359693610453497	5.0	5.0	0.0	1.9814151456196565	0.0	0.0031612223393045	ENSMUSG00000025348;ENSMUSG00000025321;ENSMUSG00000029675;ENSMUSG00000018623;ENSMUSG00000024940;ENSMUSG00000035783;ENSMUSG00000040152;ENSMUSG00000022225;ENSMUSG00000028041;ENSMUSG00000027204;ENSMUSG00000019929;ENSMUSG00000001870;ENSMUSG00000060429;ENSMUSG00000004098;ENSMUSG00000021253;ENSMUSG00000021186;ENSMUSG00000022892;ENSMUSG00000024598;ENSMUSG00000024529;ENSMUSG00000026674;ENSMUSG00000031502;ENSMUSG00000031503;ENSMUSG00000026193;ENSMUSG00000005397;ENSMUSG00000006205;ENSMUSG00000026725;ENSMUSG00000040488;ENSMUSG00000048126;ENSMUSG00000024053;ENSMUSG00000031375;ENSMUSG00000042284;ENSMUSG00000039115;ENSMUSG00000030713;ENSMUSG00000020674;ENSMUSG00000020592;ENSMUSG00000025473;ENSMUSG00000026768;ENSMUSG00000000957;ENSMUSG00000038235;ENSMUSG00000001119;ENSMUSG00000031957;ENSMUSG00000025064;ENSMUSG00000033327;ENSMUSG00000017737;ENSMUSG00000041936;ENSMUSG00000038642;ENSMUSG00000021806;ENSMUSG00000017009;ENSMUSG00000001281;ENSMUSG00000031972;ENSMUSG00000032332;ENSMUSG00000026837;ENSMUSG00000029304;ENSMUSG00000019846;ENSMUSG00000026042;ENSMUSG00000070436;ENSMUSG00000050578;ENSMUSG00000025743;ENSMUSG00000036446;ENSMUSG00000001930;ENSMUSG00000001435;ENSMUSG00000001507;ENSMUSG00000005087;ENSMUSG00000045672;ENSMUSG00000040690;ENSMUSG00000022371;ENSMUSG00000074272	Extracellular matrix organization	complementary	True	True	True	True	1.0	5	0.431807671177193	0.3551955701896492	0.2670200803477193	True	True	0.4694597826523297	0.0654075495262734	True	0.1393251391135939	True	True	True	True	False	method-supported, model-sensitive	4
thymus	R-MMU-166166_MYD88_INDEPENDENT_TLR4_CASCADE	0.3124392548473684	5	5	0	0.3124392548473684	5	5	0	0.0281695498879911	5.0	5.0	0.0	0.0281695498879911	5.0	5.0	0.0	1.067225983473276	0.3494505494505494	0.5283437619478353	ENSMUSG00000025498;ENSMUSG00000022892;ENSMUSG00000051439;ENSMUSG00000060477;ENSMUSG00000003518;ENSMUSG00000052684;ENSMUSG00000038058;ENSMUSG00000046688;ENSMUSG00000030107;ENSMUSG00000032577;ENSMUSG00000053137;ENSMUSG00000074151;ENSMUSG00000025225;ENSMUSG00000032000;ENSMUSG00000064289;ENSMUSG00000021250;ENSMUSG00000046709	Innate TLR signaling	complementary	True	True	True	True	1.0	5	0.3124392548473684	-0.0058983162076377	-0.008795768858367	True	False	0.3072268377311827	0.1757311893711503	True	0.5719916614996751	True	True	True	False	True	method-supported, model-sensitive	4
thymus	R-MMU-69278_CELL_CYCLE_MITOTIC	-1.438332769986316	5	0	5	-1.438332769986316	5	0	5	-0.1332137561708898	5.0	0.0	5.0	-0.1332137561708898	5.0	0.0	5.0	-3.96838303704983	0.0	0.0	ENSMUSG00000069301;ENSMUSG00000069310;ENSMUSG00000069267;ENSMUSG00000062727;ENSMUSG00000027715;ENSMUSG00000024791;ENSMUSG00000069302;ENSMUSG00000061615;ENSMUSG00000019942;ENSMUSG00000074403;ENSMUSG00000017499;ENSMUSG00000041431;ENSMUSG00000094777;ENSMUSG00000069309;ENSMUSG00000069300;ENSMUSG00000071478;ENSMUSG00000075031;ENSMUSG00000032218;ENSMUSG00000026622;ENSMUSG00000003779;ENSMUSG00000028678;ENSMUSG00000022034;ENSMUSG00000064220;ENSMUSG00000069272;ENSMUSG00000044201;ENSMUSG00000023940;ENSMUSG00000040084;ENSMUSG00000074476;ENSMUSG00000105827;ENSMUSG00000024056;ENSMUSG00000020897;ENSMUSG00000026039;ENSMUSG00000101355;ENSMUSG00000006398;ENSMUSG00000015880;ENSMUSG00000020330;ENSMUSG00000029414;ENSMUSG00000064288;ENSMUSG00000005233;ENSMUSG00000001403;ENSMUSG00000027469;ENSMUSG00000030867;ENSMUSG00000101972;ENSMUSG00000095217;ENSMUSG00000099517;ENSMUSG00000027379;ENSMUSG00000028212;ENSMUSG00000026605;ENSMUSG00000045328;ENSMUSG00000026669;ENSMUSG00000026683;ENSMUSG00000027496;ENSMUSG00000028873;ENSMUSG00000019773;ENSMUSG00000058385;ENSMUSG00000047534;ENSMUSG00000034906;ENSMUSG00000046591;ENSMUSG00000058290;ENSMUSG00000049932;ENSMUSG00000071516;ENSMUSG00000000028;ENSMUSG00000001517;ENSMUSG00000094338;ENSMUSG00000007080;ENSMUSG00000056895;ENSMUSG00000061991;ENSMUSG00000069274;ENSMUSG00000069305;ENSMUSG00000061482;ENSMUSG00000029177;ENSMUSG00000038252;ENSMUSG00000022385;ENSMUSG00000069266;ENSMUSG00000025758;ENSMUSG00000069273;ENSMUSG00000027330;ENSMUSG00000068101;ENSMUSG00000056394;ENSMUSG00000029910;ENSMUSG00000002068;ENSMUSG00000023908;ENSMUSG00000032254;ENSMUSG00000069306;ENSMUSG00000041859;ENSMUSG00000028044;ENSMUSG00000018983;ENSMUSG00000042029;ENSMUSG00000027342;ENSMUSG00000036875;ENSMUSG00000024742;ENSMUSG00000024660;ENSMUSG00000028312;ENSMUSG00000005410;ENSMUSG00000006678;ENSMUSG00000028896;ENSMUSG00000024590;ENSMUSG00000006715;ENSMUSG00000026355;ENSMUSG00000029730;ENSMUSG00000023004;ENSMUSG00000093769;ENSMUSG00000094248;ENSMUSG00000006585;ENSMUSG00000081058;ENSMUSG00000045136;ENSMUSG00000043091;ENSMUSG00000069303;ENSMUSG00000002870;ENSMUSG00000038644;ENSMUSG00000034165;ENSMUSG00000022673;ENSMUSG00000063810;ENSMUSG00000031016;ENSMUSG00000058672;ENSMUSG00000034349;ENSMUSG00000044783;ENSMUSG00000038482;ENSMUSG00000036752;ENSMUSG00000060981	Mitotic cell cycle	aligned	True	True	True	True	1.0	5	-1.438332769986316	0.3057222018245612	-1.1942289314649122	True	False	-1.403842650591398	-0.8743842031877168	True	0.6228505757531759	True	True	True	False	True	method-supported, model-sensitive	4
thymus	R-MMU-202403_TCR_SIGNALING	-0.2550683513754384	5	1	4	-0.2550683513754384	5	1	4	-0.0161111123781015	5.0	2.0	3.0	-0.0161111123781015	5.0	2.0	3.0	-1.9835906403807653	0.0	0.0005618501099141	ENSMUSG00000076490;ENSMUSG00000076498;ENSMUSG00000076473;ENSMUSG00000030775;ENSMUSG00000032094;ENSMUSG00000000409;ENSMUSG00000023274;ENSMUSG00000005763;ENSMUSG00000030742;ENSMUSG00000002033;ENSMUSG00000042351;ENSMUSG00000020395;ENSMUSG00000076928;ENSMUSG00000068240;ENSMUSG00000022148;ENSMUSG00000027843;ENSMUSG00000027508;ENSMUSG00000026778;ENSMUSG00000030774	T-cell receptor signaling	aligned	True	True	True	True	0.8	5	-0.2550683513754384	-0.2395466900877193	-0.1995960513754384	True	True	-0.334437609032258	0.0150481032732895	False	0.0449952483419354	True	True	True	True	False	method-supported, model-sensitive	4
thymus	R-MMU-198933_IMMUNOREGULATORY_INTERACTIONS_BETWEEN_A_LYMPHOID_AND_A_NON_LYMPHOID_CELL	-0.5009776116961404	5	0	5	-0.5009776116961404	5	0	5	0.007992161507948	5.0	4.0	1.0	0.007992161507948	5.0	4.0	1.0	0.6469112129772719	0.9828571428571428	1.0	ENSMUSG00000067235;ENSMUSG00000063193;ENSMUSG00000096108;ENSMUSG00000025491;ENSMUSG00000060591;ENSMUSG00000024164;ENSMUSG00000094075;ENSMUSG00000022661;ENSMUSG00000022865;ENSMUSG00000032021;ENSMUSG00000096452;ENSMUSG00000025064;ENSMUSG00000025492;ENSMUSG00000026656;ENSMUSG00000105906;ENSMUSG00000095127;ENSMUSG00000016494;ENSMUSG00000001281;ENSMUSG00000095583;ENSMUSG00000076937;ENSMUSG00000094194;ENSMUSG00000095519;ENSMUSG00000076666;ENSMUSG00000034028;ENSMUSG00000060550;ENSMUSG00000095204;ENSMUSG00000094088;ENSMUSG00000038304;ENSMUSG00000017652;ENSMUSG00000076672;ENSMUSG00000060802;ENSMUSG00000030577;ENSMUSG00000020310;ENSMUSG00000030724;ENSMUSG00000038179	Lymphoid-stromal interactions	complementary	False	True	False	False	1.0	5	-0.5009776116961404	-0.6171937039105263	-0.6248517052631578	True	True	-0.5177876720609318	-0.2156809196761418	True	0.4165431726438652	False	False	True	True	True	internally robust, incomplete conventional support	3
